course_code,year,title,credit_points_min,credit_points_max,terms_offered,prereq_codes,incompatibility_codes,academic_career,mode_of_delivery,url
PHYS1001,2014,Foundations of Physics,6,6,S1,,PHYS1101|PHYS1201,UGRD,In Person,https://programsandcourses.anu.edu.au/course/phys1001
PHYS1001,2015,Foundations of Physics,6,6,S1,,PHYS1101|PHYS1201,UGRD,In Person,https://programsandcourses.anu.edu.au/course/phys1001
PHYS1001,2016,Foundations of Physics,6,6,S1,,PHYS1101|PHYS1201,UGRD,In Person,https://programsandcourses.anu.edu.au/course/phys1001
PHYS1001,2017,Foundations of Physics,6,6,S1,,PHYS1101|PHYS1201,UGRD,In Person,https://programsandcourses.anu.edu.au/course/phys1001
PHYS1001,2018,Foundations of Physics,6,6,S1,,PHYS1101|PHYS1201,UGRD,In Person,https://programsandcourses.anu.edu.au/course/phys1001
PHYS1001,2019,Foundations of Physics,6,6,S1,,PHYS1101|PHYS1201,UGRD,In Person,https://programsandcourses.anu.edu.au/course/phys1001
PHYS1001,2020,Foundations of Physics,6,6,S1,,PHYS1101|PHYS1201,UGRD,In Person,https://programsandcourses.anu.edu.au/course/phys1001
PHYS1001,2021,Foundations of Physics,6,6,S1,,PHYS1101|PHYS1201,UGRD,In Person,https://programsandcourses.anu.edu.au/course/phys1001
PHYS1001,2022,Foundations of Physics,6,6,S1,,PHYS1101|PHYS1201,UGRD,In Person,https://programsandcourses.anu.edu.au/course/phys1001
PHYS1001,2023,Foundations of Physics,6,6,S1,,PHYS1101|PHYS1201,UGRD,In Person,https://programsandcourses.anu.edu.au/course/phys1001
PHYS1001,2024,Foundations of Physics,6,6,S1,,PHYS1101|PHYS1201,UGRD,In Person,https://programsandcourses.anu.edu.au/course/phys1001
PHYS1001,2025,Foundations of Physics,6,6,S1,,PHYS1101|PHYS1201,UGRD,In Person,https://programsandcourses.anu.edu.au/course/phys1001
PHYS1001,2026,Foundations of Physics,6,6,S1,,PHYS1101|PHYS1201,UGRD,In Person,https://programsandcourses.anu.edu.au/course/phys1001
PHYS1001,2027,Foundations of Physics,6,6,S1,,PHYS1101|PHYS1201,UGRD,In Person,https://programsandcourses.anu.edu.au/course/phys1001
PHYS1101,2014,Physics 1,6,6,S1|S2,MATH1013|MATH1115,,UGRD,In Person,https://programsandcourses.anu.edu.au/course/phys1101
PHYS1101,2015,Physics 1,6,6,S1|S2,MATH1013|MATH1115,,UGRD,In Person,https://programsandcourses.anu.edu.au/course/phys1101
PHYS1101,2016,Physics 1,6,6,S1|S2,MATH1013|MATH1115,,UGRD,In Person,https://programsandcourses.anu.edu.au/course/phys1101
PHYS1101,2017,Physics 1,6,6,S1|S2,MATH1013|MATH1115,,UGRD,In Person,https://programsandcourses.anu.edu.au/course/phys1101
PHYS1101,2018,Physics 1,6,6,S1|S2,MATH1013|MATH1115,,UGRD,In Person,https://programsandcourses.anu.edu.au/course/phys1101
PHYS1101,2019,Physics 1,6,6,S1|S2,MATH1013|MATH1115,,UGRD,In Person,https://programsandcourses.anu.edu.au/course/phys1101
PHYS1101,2020,Physics 1,6,6,S1|S2,MATH1013|MATH1115,,UGRD,In Person,https://programsandcourses.anu.edu.au/course/phys1101
PHYS1101,2021,Physics 1,6,6,S1|S2,MATH1013|MATH1115,,UGRD,In Person,https://programsandcourses.anu.edu.au/course/phys1101
PHYS1101,2022,Physics 1,6,6,S1|S2,MATH1013|MATH1115,,UGRD,In Person,https://programsandcourses.anu.edu.au/course/phys1101
PHYS1101,2023,Physics 1,6,6,S1|S2,MATH1013|MATH1115,,UGRD,In Person,https://programsandcourses.anu.edu.au/course/phys1101
PHYS1101,2024,Physics 1,6,6,S1|S2,MATH1013|MATH1115,,UGRD,In Person,https://programsandcourses.anu.edu.au/course/phys1101
PHYS1101,2025,Physics 1,6,6,S1|S2,MATH1013|MATH1115,,UGRD,In Person,https://programsandcourses.anu.edu.au/course/phys1101
PHYS1101,2026,Physics 1,6,6,S1|S2,MATH1013|MATH1115,,UGRD,In Person,https://programsandcourses.anu.edu.au/course/phys1101
PHYS1101,2027,Physics 1,6,6,S1|S2,MATH1013|MATH1115,,UGRD,In Person,https://programsandcourses.anu.edu.au/course/phys1101
BIOL3178,2020,Recovering Threatened Species and Ecosystems,6,6,S1,BIOL2131|BIOL2114|BIOL2151|ENVS2001|BIOL2202|ENVS1003,,UGRD,In Person,https://programsandcourses.anu.edu.au/2020/course/BIOL3178
BIOL3178,2021,Recovering Threatened Species and Ecosystems,6,6,S1,BIOL2131|BIOL2114|BIOL2151|ENVS2001|BIOL2202|ENVS1003,,UGRD,In Person,https://programsandcourses.anu.edu.au/2021/course/BIOL3178
BIOL3178,2022,Recovering Threatened Species and Ecosystems,6,6,S1,BIOL2131|BIOL2114|BIOL2151|ENVS2001|BIOL2001|BIOL2202|ENVS1003,BIOL6178,UGRD,In Person,https://programsandcourses.anu.edu.au/2022/course/BIOL3178
BIOL3178,2023,Recovering Threatened Species and Ecosystems,6,6,S1,BIOL2131|BIOL2114|BIOL2151|ENVS2001|BIOL2001|BIOL2202|ENVS1003,BIOL6178,UGRD,In Person,https://programsandcourses.anu.edu.au/2023/course/BIOL3178
BIOL3178,2024,Recovering Threatened Species and Ecosystems,6,6,S1,BIOL2131|BIOL2114|BIOL2151|ENVS2001|BIOL2001|BIOL2202|ENVS1003,BIOL6178,UGRD,In Person,https://programsandcourses.anu.edu.au/2024/course/BIOL3178
BIOL3178,2025,Recovering Threatened Species and Ecosystems,6,6,UNKNOWN,BIOL2131|BIOL2114|BIOL2151|ENVS2001|BIOL2001|BIOL2202|ENVS1003,BIOL6178,UGRD,In Person,https://programsandcourses.anu.edu.au/2025/course/BIOL3178
BIOL3178,2026,Recovering Threatened Species and Ecosystems,6,6,UNKNOWN,BIOL2131|BIOL2114|BIOL2151|ENVS2001|BIOL2001|BIOL2202|ENVS1003,BIOL6178,UGRD,In Person,https://programsandcourses.anu.edu.au/2026/course/BIOL3178
BIOL3178,2027,Recovering Threatened Species and Ecosystems,6,6,S1,BIOL2131|BIOL2114|BIOL2151|ENVS2001|BIOL2001|BIOL2202|ENVS1003,BIOL6178,UGRD,In Person,https://programsandcourses.anu.edu.au/2027/course/BIOL3178
COMP1100,2014,Introduction to Programming and Algorithms,6,6,S1,COMP1130,,UGRD,In Person,https://programsandcourses.anu.edu.au/2014/course/COMP1100
COMP1100,2015,Introduction to Programming and Algorithms,6,6,S1,COMP1130,,UGRD,In Person,https://programsandcourses.anu.edu.au/2015/course/COMP1100
COMP1100,2016,Introduction to Programming and Algorithms,6,6,S1,COMP1130,,UGRD,In Person,https://programsandcourses.anu.edu.au/2016/course/COMP1100
COMP1100,2017,Programming as Problem Solving,6,6,S1|S2,COMP1130,,UGRD,In Person,https://programsandcourses.anu.edu.au/2017/course/COMP1100
COMP1100,2018,Programming as Problem Solving,6,6,S1|S2,COMP1130,,UGRD,In Person,https://programsandcourses.anu.edu.au/2018/course/COMP1100
COMP1100,2019,Programming as Problem Solving,6,6,S1|S2,,COMP1130,UGRD,In Person,https://programsandcourses.anu.edu.au/2019/course/COMP1100
COMP1100,2020,Programming as Problem Solving,6,6,S1|S2,,COMP1130,UGRD,In Person,https://programsandcourses.anu.edu.au/2020/course/COMP1100
COMP1100,2021,Programming as Problem Solving,6,6,S1|S2,,COMP1130,UGRD,In Person,https://programsandcourses.anu.edu.au/2021/course/COMP1100
COMP1100,2022,Programming as Problem Solving,6,6,S1|S2,,COMP1130,UGRD,In Person,https://programsandcourses.anu.edu.au/2022/course/COMP1100
COMP1100,2023,Programming as Problem Solving,6,6,S1|S2,,COMP1130,UGRD,In Person,https://programsandcourses.anu.edu.au/2023/course/COMP1100
COMP1100,2024,Programming as Problem Solving,6,6,S1|S2,,COMP1130,UGRD,In Person,https://programsandcourses.anu.edu.au/2024/course/COMP1100
COMP1100,2025,Programming as Problem Solving,6,6,S1|S2,,COMP1130,UGRD,In Person,https://programsandcourses.anu.edu.au/2025/course/COMP1100
COMP1100,2026,Programming as Problem Solving,6,6,S1|S2,,COMP1130,UGRD,In Person,https://programsandcourses.anu.edu.au/2026/course/COMP1100
COMP1100,2027,Programming as Problem Solving,6,6,S1|S2,,COMP1130,UGRD,In Person,https://programsandcourses.anu.edu.au/2027/course/COMP1100
COMP1110,2014,Introduction to Software Systems,6,6,S2,COMP1100|COMP1130|COMP1730|COMP1140|COMP1510|COMP2750,,UGRD,In Person,https://programsandcourses.anu.edu.au/2014/course/COMP1110
COMP1110,2015,Introduction to Software Systems,6,6,S2,COMP1100|COMP1130|COMP1730|COMP1140|COMP1510|COMP2750,,UGRD,In Person,https://programsandcourses.anu.edu.au/2015/course/COMP1110
COMP1110,2016,Introduction to Software Systems,6,6,S2,COMP1100|COMP1130|COMP1730|COMP1140|COMP1510|COMP2750,,UGRD,In Person,https://programsandcourses.anu.edu.au/2016/course/COMP1110
COMP1110,2017,Structured Programming,6,6,S2,COMP1100|COMP1130|COMP1730|COMP1140|COMP1510|COMP2140|COMP6710,,UGRD,In Person,https://programsandcourses.anu.edu.au/2017/course/COMP1110
COMP1110,2018,Structured Programming,6,6,S1|S2,COMP1100|COMP1130|COMP1730|COMP1140|COMP1510|COMP2140|COMP6710,,UGRD,In Person,https://programsandcourses.anu.edu.au/2018/course/COMP1110
COMP1110,2019,Structured Programming,6,6,S1|S2,COMP1100|COMP1130|COMP1730|COMP1140|COMP1510|COMP2140|COMP6710,,UGRD,In Person,https://programsandcourses.anu.edu.au/2019/course/COMP1110
COMP1110,2020,Structured Programming,6,6,S1|S2,COMP1100|COMP1130|COMP1730|COMP1140|COMP1510|COMP2140|COMP6710,,UGRD,In Person,https://programsandcourses.anu.edu.au/2020/course/COMP1110
COMP1110,2021,Structured Programming,6,6,S1|S2,COMP1100|COMP1130|COMP1730|COMP1140|COMP1510|COMP2140|COMP6710,,UGRD,In Person,https://programsandcourses.anu.edu.au/2021/course/COMP1110
COMP1110,2022,Structured Programming,6,6,S1|S2,COMP1100|COMP1130|COMP1730|COMP1140|COMP1510|COMP2140|COMP6710,,UGRD,In Person,https://programsandcourses.anu.edu.au/2022/course/COMP1110
COMP1110,2023,Structured Programming,6,6,S1|S2,COMP1100|COMP1130|COMP1730|COMP1140|COMP1510|COMP2140|COMP6710,,UGRD,In Person,https://programsandcourses.anu.edu.au/2023/course/COMP1110
COMP1110,2024,Structured Programming,6,6,S1|S2,COMP1100|COMP1130|COMP1730|COMP1140|COMP1510|COMP2140|COMP6710,,UGRD,In Person,https://programsandcourses.anu.edu.au/2024/course/COMP1110
COMP1110,2025,Structured Programming,6,6,S1|S2,COMP1100|COMP1130|COMP1730|COMP1140|COMP6710,,UGRD,In Person,https://programsandcourses.anu.edu.au/2025/course/COMP1110
COMP1110,2026,Structured Programming,6,6,S1|S2,COMP1100|COMP1130|COMP1730|COMP1140|COMP6710|COMP7710,,UGRD,In Person,https://programsandcourses.anu.edu.au/2026/course/COMP1110
COMP1110,2027,Structured Programming,6,6,S1|S2,COMP1100|COMP1130|COMP1730|COMP1140|COMP6710|COMP7710,,UGRD,In Person,https://programsandcourses.anu.edu.au/2027/course/COMP1110
COMP1130,2014,Introduction to Advanced Computing I,6,6,S1,,,UGRD,In Person,https://programsandcourses.anu.edu.au/2014/course/COMP1130
COMP1130,2015,Introduction to Programming and Algorithms (Advanced),6,6,S1,,,UGRD,In Person,https://programsandcourses.anu.edu.au/2015/course/COMP1130
COMP1130,2016,Introduction to Programming and Algorithms (Advanced),6,6,S1,,,UGRD,In Person,https://programsandcourses.anu.edu.au/2016/course/COMP1130
COMP1130,2017,Programming as Problem Solving (Advanced),6,6,S1,,,UGRD,In Person,https://programsandcourses.anu.edu.au/2017/course/COMP1130
COMP1130,2018,Programming as Problem Solving (Advanced),6,6,S1,,,UGRD,In Person,https://programsandcourses.anu.edu.au/2018/course/COMP1130
COMP1130,2019,Programming as Problem Solving (Advanced),6,6,S1,,COMP1100,UGRD,In Person,https://programsandcourses.anu.edu.au/2019/course/COMP1130
COMP1130,2020,Programming as Problem Solving (Advanced),6,6,S1,,COMP1100,UGRD,In Person,https://programsandcourses.anu.edu.au/2020/course/COMP1130
COMP1130,2021,Programming as Problem Solving (Advanced),6,6,S1,,COMP1100,UGRD,In Person,https://programsandcourses.anu.edu.au/2021/course/COMP1130
COMP1130,2022,Programming as Problem Solving (Advanced),6,6,S1,,COMP1100,UGRD,In Person,https://programsandcourses.anu.edu.au/2022/course/COMP1130
COMP1130,2023,Programming as Problem Solving (Advanced),6,6,S1,,COMP1100,UGRD,In Person,https://programsandcourses.anu.edu.au/2023/course/COMP1130
COMP1130,2024,Programming as Problem Solving (Advanced),6,6,S1,,COMP1100,UGRD,In Person,https://programsandcourses.anu.edu.au/2024/course/COMP1130
COMP1130,2025,Programming as Problem Solving (Advanced),6,6,S1,,COMP1100,UGRD,In Person,https://programsandcourses.anu.edu.au/2025/course/COMP1130
COMP1130,2026,Programming as Problem Solving (Advanced),6,6,S1,,COMP1100,UGRD,In Person,https://programsandcourses.anu.edu.au/2026/course/COMP1130
COMP1130,2027,Programming as Problem Solving (Advanced),6,6,S1,,COMP1100,UGRD,In Person,https://programsandcourses.anu.edu.au/2027/course/COMP1130
COMP1140,2014,Introduction to Advanced Computing II,6,6,S2,COMP1130|COMP1110|COMP1510,,UGRD,In Person,https://programsandcourses.anu.edu.au/2014/course/COMP1140
COMP1140,2015,Introduction to Software Systems (Advanced),6,6,S2,COMP1130|COMP1110|COMP1510,,UGRD,In Person,https://programsandcourses.anu.edu.au/2015/course/COMP1140
COMP1140,2016,Introduction to Software Systems (Advanced),6,6,S2,COMP1130|COMP1110|COMP1510,,UGRD,In Person,https://programsandcourses.anu.edu.au/2016/course/COMP1140
COMP1140,2017,Structured Programming (Advanced),6,6,S2,COMP1130|COMP1110|COMP1510,,UGRD,In Person,https://programsandcourses.anu.edu.au/2017/course/COMP1140
COMP1140,2018,Structured Programming (Advanced),6,6,S2,COMP1130|COMP1110|COMP1510,,UGRD,In Person,https://programsandcourses.anu.edu.au/2018/course/COMP1140
COMP1140,2019,Structured Programming (Advanced),6,6,S2,COMP1130|COMP1110|COMP1510,,UGRD,In Person,https://programsandcourses.anu.edu.au/2019/course/COMP1140
COMP1140,2020,Structured Programming (Advanced),6,6,S2,COMP1130|COMP1110|COMP1510,,UGRD,In Person,https://programsandcourses.anu.edu.au/2020/course/COMP1140
COMP1140,2021,Structured Programming (Advanced),6,6,S2,COMP1130|COMP1110|COMP1510,,UGRD,In Person,https://programsandcourses.anu.edu.au/2021/course/COMP1140
COMP1140,2022,Structured Programming (Advanced),6,6,S2,COMP1130|COMP1110|COMP1510,,UGRD,In Person,https://programsandcourses.anu.edu.au/2022/course/COMP1140
COMP1140,2023,Structured Programming (Advanced),6,6,S2,COMP1130|COMP1110|COMP1510,,UGRD,In Person,https://programsandcourses.anu.edu.au/2023/course/COMP1140
COMP1140,2024,Structured Programming (Advanced),6,6,S2,COMP1130|COMP1110|COMP1510,,UGRD,In Person,https://programsandcourses.anu.edu.au/2024/course/COMP1140
COMP1140,2025,Structured Programming (Advanced),6,6,S2,COMP1130|COMP1110|COMP6710,,UGRD,In Person,https://programsandcourses.anu.edu.au/2025/course/COMP1140
COMP1140,2026,Structured Programming (Advanced),6,6,S2,COMP1130|COMP1110|COMP6710,,UGRD,In Person,https://programsandcourses.anu.edu.au/2026/course/COMP1140
COMP1140,2027,Structured Programming (Advanced),6,6,S2,COMP1130|COMP1110|COMP6710,,UGRD,In Person,https://programsandcourses.anu.edu.au/2027/course/COMP1140
COMP1600,2017,Foundations of Computing,6,6,S2,COMP1100|COMP1130,COMP2600|COMP6260,UGRD,In Person,https://programsandcourses.anu.edu.au/2017/course/COMP1600
COMP1600,2018,Foundations of Computing,6,6,S2,COMP1100|COMP1130,COMP2600|COMP6260,UGRD,In Person,https://programsandcourses.anu.edu.au/2018/course/COMP1600
COMP1600,2019,Foundations of Computing,6,6,S2,COMP1100|COMP1130,COMP2600|COMP6260,UGRD,In Person,https://programsandcourses.anu.edu.au/2019/course/COMP1600
COMP1600,2020,Foundations of Computing,6,6,S2,COMP1100|COMP1130,COMP2600|COMP6260,UGRD,In Person,https://programsandcourses.anu.edu.au/2020/course/COMP1600
COMP1600,2021,Foundations of Computing,6,6,S2,COMP1100|COMP1130,COMP2600|COMP6260,UGRD,In Person,https://programsandcourses.anu.edu.au/2021/course/COMP1600
COMP1600,2022,Foundations of Computing,6,6,S2,COMP1100|COMP1130,COMP2600|COMP6260,UGRD,In Person,https://programsandcourses.anu.edu.au/2022/course/COMP1600
COMP1600,2023,Foundations of Computing,6,6,S2,COMP1100|COMP1130,COMP2600|COMP6260,UGRD,In Person,https://programsandcourses.anu.edu.au/2023/course/COMP1600
COMP1600,2024,Foundations of Computing,6,6,S2,COMP1100|COMP1130,COMP6260,UGRD,In Person,https://programsandcourses.anu.edu.au/2024/course/COMP1600
COMP1600,2025,Foundations of Computing,6,6,S2,COMP1100|COMP1130,COMP6260,UGRD,In Person,https://programsandcourses.anu.edu.au/2025/course/COMP1600
COMP1600,2026,Foundations of Computing,6,6,S2,COMP1100|COMP1130,COMP6260,UGRD,In Person,https://programsandcourses.anu.edu.au/2026/course/COMP1600
COMP1600,2027,Foundations of Computing,6,6,S2,COMP1100|COMP1130,COMP6260,UGRD,In Person,https://programsandcourses.anu.edu.au/2027/course/COMP1600
COMP1710,2014,Web Development and Design,6,6,S1,,,UGRD,In Person,https://programsandcourses.anu.edu.au/2014/course/COMP1710
COMP1710,2015,Web Development and Design,6,6,S1,,,UGRD,In Person,https://programsandcourses.anu.edu.au/2015/course/COMP1710
COMP1710,2016,Web Development and Design,6,6,S1,,,UGRD,In Person,https://programsandcourses.anu.edu.au/2016/course/COMP1710
COMP1710,2017,Web Development and Design,6,6,S1,,COMP6780,UGRD,In Person,https://programsandcourses.anu.edu.au/2017/course/COMP1710
COMP1710,2018,Web Development and Design,6,6,S1,,COMP6780,UGRD,In Person,https://programsandcourses.anu.edu.au/2018/course/COMP1710
COMP1710,2019,Web Development and Design,6,6,S1,,COMP6780,UGRD,In Person,https://programsandcourses.anu.edu.au/2019/course/COMP1710
COMP1710,2020,Web Development and Design,6,6,S1,,COMP6780,UGRD,In Person,https://programsandcourses.anu.edu.au/2020/course/COMP1710
COMP1710,2021,Web Development and Design,6,6,S1,,COMP6780,UGRD,In Person,https://programsandcourses.anu.edu.au/2021/course/COMP1710
COMP1710,2022,Web Development and Design,6,6,S2,,COMP6780,UGRD,In Person,https://programsandcourses.anu.edu.au/2022/course/COMP1710
COMP1710,2023,Web Development and Design,6,6,S1,,COMP6780,UGRD,In Person,https://programsandcourses.anu.edu.au/2023/course/COMP1710
COMP1710,2024,Web Development and Design,6,6,S1,,COMP6780,UGRD,In Person,https://programsandcourses.anu.edu.au/2024/course/COMP1710
COMP1710,2025,Web Development and Design,6,6,UNKNOWN,,COMP6780,UGRD,In Person,https://programsandcourses.anu.edu.au/2025/course/COMP1710
COMP1710,2026,Web Development and Design,6,6,UNKNOWN,,COMP6780,UGRD,In Person,https://programsandcourses.anu.edu.au/2026/course/COMP1710
COMP1710,2027,Web Development and Design,6,6,UNKNOWN,,COMP6780,UGRD,In Person,https://programsandcourses.anu.edu.au/2027/course/COMP1710
COMP1720,2014,Art and Interaction in New Media,6,6,S2,,,UGRD,In Person,https://programsandcourses.anu.edu.au/2014/course/COMP1720
COMP1720,2015,Art and Interaction in New Media,6,6,S2,,,UGRD,In Person,https://programsandcourses.anu.edu.au/2015/course/COMP1720
COMP1720,2016,Art and Interaction in New Media,6,6,S2,,,UGRD,In Person,https://programsandcourses.anu.edu.au/2016/course/COMP1720
COMP1720,2017,Art and Interaction in New Media,6,6,S2,,COMP6720,UGRD,In Person,https://programsandcourses.anu.edu.au/2017/course/COMP1720
COMP1720,2018,Art and Interaction in New Media,6,6,S2,,COMP6720,UGRD,In Person,https://programsandcourses.anu.edu.au/2018/course/COMP1720
COMP1720,2019,Art and Interaction in New Media,6,6,S2,,COMP6720,UGRD,In Person,https://programsandcourses.anu.edu.au/2019/course/COMP1720
COMP1720,2020,Art and Interaction in New Media,6,6,S2,,COMP6720,UGRD,In Person,https://programsandcourses.anu.edu.au/2020/course/COMP1720
COMP1720,2021,Art and Interaction Computing,6,6,S2,,COMP6720,UGRD,In Person,https://programsandcourses.anu.edu.au/2021/course/COMP1720
COMP1720,2022,Art and Interaction Computing,6,6,S2,,COMP6720,UGRD,In Person,https://programsandcourses.anu.edu.au/2022/course/COMP1720
COMP1720,2023,Art and Interaction Computing,6,6,S2,,COMP6720,UGRD,In Person,https://programsandcourses.anu.edu.au/2023/course/COMP1720
COMP1720,2024,Art and Interaction Computing,6,6,S2,,COMP6720,UGRD,In Person,https://programsandcourses.anu.edu.au/2024/course/COMP1720
COMP1720,2025,Art and Interaction Computing,6,6,UNKNOWN,,COMP6720,UGRD,In Person,https://programsandcourses.anu.edu.au/2025/course/COMP1720
COMP1720,2026,Art and Interaction Computing,6,6,UNKNOWN,,COMP6720,UGRD,In Person,https://programsandcourses.anu.edu.au/2026/course/COMP1720
COMP1720,2027,Art and Interaction Computing,6,6,UNKNOWN,,COMP6720,UGRD,In Person,https://programsandcourses.anu.edu.au/2027/course/COMP1720
COMP1730,2014,Programming for Scientists,6,6,S2,,,UGRD,In Person,https://programsandcourses.anu.edu.au/2014/course/COMP1730
COMP1730,2015,Programming for Scientists,6,6,S2,COMP6730,,UGRD,In Person,https://programsandcourses.anu.edu.au/2015/course/COMP1730
COMP1730,2016,Programming for Scientists,6,6,S2,COMP6730,,UGRD,In Person,https://programsandcourses.anu.edu.au/2016/course/COMP1730
COMP1730,2017,Programming for Scientists,6,6,S2,COMP6730,,UGRD,In Person,https://programsandcourses.anu.edu.au/2017/course/COMP1730
COMP1730,2018,Programming for Scientists,6,6,S1|S2,COMP6730,,UGRD,In Person,https://programsandcourses.anu.edu.au/2018/course/COMP1730
COMP1730,2019,Programming for Scientists,6,6,S1|S2,COMP6730,,UGRD,In Person,https://programsandcourses.anu.edu.au/2019/course/COMP1730
COMP1730,2020,Programming for Scientists,6,6,S1|S2,COMP6730,,UGRD,In Person,https://programsandcourses.anu.edu.au/2020/course/COMP1730
COMP1730,2021,Programming for Scientists,6,6,S1|S2,COMP6730,,UGRD,In Person,https://programsandcourses.anu.edu.au/2021/course/COMP1730
COMP1730,2022,Programming for Scientists,6,6,S1|S2,COMP6730,,UGRD,In Person,https://programsandcourses.anu.edu.au/2022/course/COMP1730
COMP1730,2023,Programming for Scientists,6,6,S1|S2,COMP6730,,UGRD,In Person,https://programsandcourses.anu.edu.au/2023/course/COMP1730
COMP1730,2024,Programming for Scientists,6,6,S1|S2,COMP6730,,UGRD,In Person,https://programsandcourses.anu.edu.au/2024/course/COMP1730
COMP1730,2025,Programming for Scientists,6,6,S1|S2,COMP1100|COMP1130|COMP1110|COMP1140|COMP6730,,UGRD,In Person,https://programsandcourses.anu.edu.au/2025/course/COMP1730
COMP1730,2026,Programming for Scientists,6,6,S2,COMP1100|COMP1130|COMP1110|COMP1140|COMP6730,,UGRD,In Person,https://programsandcourses.anu.edu.au/2026/course/COMP1730
COMP1730,2027,Programming for Scientists,6,6,S2,COMP1100|COMP1130|COMP1110|COMP1140|COMP6730,,UGRD,In Person,https://programsandcourses.anu.edu.au/2027/course/COMP1730
COMP2100,2014,Software Construction,6,6,S1,COMP1110|COMP1140|COMP1510|COMP2500,,UGRD,In Person,https://programsandcourses.anu.edu.au/2014/course/COMP2100
COMP2100,2015,Software Construction,6,6,S1,COMP1110|COMP1140|COMP1510|COMP2500,,UGRD,In Person,https://programsandcourses.anu.edu.au/2015/course/COMP2100
COMP2100,2016,Software Construction,6,6,S1,COMP1110|COMP1140|COMP1510|COMP2500,,UGRD,In Person,https://programsandcourses.anu.edu.au/2016/course/COMP2100
COMP2100,2017,Software Design Methodologies,6,6,S1,COMP1110|COMP1140|COMP1510|COMP2500|COMP6442,,UGRD,In Person,https://programsandcourses.anu.edu.au/2017/course/COMP2100
COMP2100,2018,Software Design Methodologies,6,6,S1|S2,COMP1100|COMP1130|COMP1110|COMP1140|COMP1510|COMP2500|COMP6442,,UGRD,In Person,https://programsandcourses.anu.edu.au/2018/course/COMP2100
COMP2100,2019,Software Design Methodologies,6,6,S1|S2,COMP1100|COMP1130|COMP1110|COMP1140|COMP1510|COMP2500|COMP6442,,UGRD,In Person,https://programsandcourses.anu.edu.au/2019/course/COMP2100
COMP2100,2020,Software Design Methodologies,6,6,S1|S2,COMP1100|COMP1130|COMP1110|COMP1140|COMP1510|COMP2500|COMP6442,,UGRD,In Person,https://programsandcourses.anu.edu.au/2020/course/COMP2100
COMP2100,2021,Software Design Methodologies,6,6,S1|S2,COMP1100|COMP1130|COMP1110|COMP1140|COMP1510|COMP2500|COMP6442,,UGRD,In Person,https://programsandcourses.anu.edu.au/2021/course/COMP2100
COMP2100,2022,Software Design Methodologies,6,6,S1|S2,COMP1100|COMP1130|COMP1110|COMP1140|COMP1510|COMP2500|COMP6442,,UGRD,In Person,https://programsandcourses.anu.edu.au/2022/course/COMP2100
COMP2100,2023,Software Design Methodologies,6,6,S1|S2,COMP1100|COMP1130|COMP1110|COMP1140|COMP1510|COMP2500|COMP6442,,UGRD,In Person,https://programsandcourses.anu.edu.au/2023/course/COMP2100
COMP2100,2024,Software Construction,6,6,S1|S2,COMP1110|COMP1140|COMP2500|COMP6442,,UGRD,In Person,https://programsandcourses.anu.edu.au/2024/course/COMP2100
COMP2100,2025,Software Construction,6,6,S1|S2,COMP1110|COMP1140|COMP2500|COMP6442,,UGRD,In Person,https://programsandcourses.anu.edu.au/2025/course/COMP2100
COMP2100,2026,Software Construction,6,6,S1|S2,COMP1110|COMP1140|COMP6442,,UGRD,In Person,https://programsandcourses.anu.edu.au/2026/course/COMP2100
COMP2100,2027,Software Construction,6,6,S1|S2,COMP1110|COMP1140|COMP6442,,UGRD,In Person,https://programsandcourses.anu.edu.au/2027/course/COMP2100
COMP2120,2017,Software Engineering,6,6,UNKNOWN,COMP2100,,UGRD,In Person,https://programsandcourses.anu.edu.au/2017/course/COMP2120
COMP2120,2018,Software Engineering,6,6,S2,COMP2100|COMP2500|INFS2024,,UGRD,In Person,https://programsandcourses.anu.edu.au/2018/course/COMP2120
COMP2120,2019,Software Engineering,6,6,S2,COMP2100|COMP2500,COMP2130|COMP6120|COMP6311,UGRD,In Person,https://programsandcourses.anu.edu.au/2019/course/COMP2120
COMP2120,2020,Software Engineering,6,6,S2,COMP2100|COMP2500,COMP2130|COMP6120|COMP6311,UGRD,In Person,https://programsandcourses.anu.edu.au/2020/course/COMP2120
COMP2120,2021,Software Engineering,6,6,S2,COMP2100|COMP2500,COMP2130|COMP6120|COMP6311,UGRD,In Person,https://programsandcourses.anu.edu.au/2021/course/COMP2120
COMP2120,2022,Software Engineering,6,6,S2,COMP2100|COMP2500,COMP2130|COMP6120|COMP6311,UGRD,In Person,https://programsandcourses.anu.edu.au/2022/course/COMP2120
COMP2120,2023,Software Engineering,6,6,S2,COMP2100|COMP2500,COMP2130|COMP6120|COMP6311,UGRD,In Person,https://programsandcourses.anu.edu.au/2023/course/COMP2120
COMP2120,2024,Software Engineering,6,6,S2,COMP2100,COMP2130|COMP6120|COMP6311,UGRD,In Person,https://programsandcourses.anu.edu.au/2024/course/COMP2120
COMP2120,2025,Software Engineering,6,6,S2,COMP2100,COMP2130|COMP6120|COMP6311,UGRD,In Person,https://programsandcourses.anu.edu.au/2025/course/COMP2120
COMP2120,2026,Software Engineering,6,6,S2,COMP2100,COMP2130|COMP6120|COMP6311,UGRD,In Person,https://programsandcourses.anu.edu.au/2026/course/COMP2120
COMP2120,2027,Software Engineering,6,6,S2,COMP2100,COMP2130|COMP6120|COMP6311,UGRD,In Person,https://programsandcourses.anu.edu.au/2027/course/COMP2120
COMP2300,2014,Introduction to Computer Systems,6,6,S1,COMP1100|COMP1130|COMP1730,,UGRD,In Person,https://programsandcourses.anu.edu.au/2014/course/COMP2300
COMP2300,2015,Introduction to Computer Systems,6,6,S1,COMP1100|COMP1130|COMP1730,,UGRD,In Person,https://programsandcourses.anu.edu.au/2015/course/COMP2300
COMP2300,2016,Introduction to Computer Systems,6,6,S1,COMP1100|COMP1130|COMP1730,,UGRD,In Person,https://programsandcourses.anu.edu.au/2016/course/COMP2300
COMP2300,2017,Computer Organisation and Program Execution,6,6,S1,COMP1100|COMP1130|COMP1730,,UGRD,In Person,https://programsandcourses.anu.edu.au/2017/course/COMP2300
COMP2300,2018,Computer Organisation and Program Execution,6,6,S1,COMP1100|COMP1130|COMP1730,,UGRD,In Person,https://programsandcourses.anu.edu.au/2018/course/COMP2300
COMP2300,2019,Computer Organisation and Program Execution,6,6,S1,COMP1100|COMP1130|COMP1730,COMP6300|ENGN2219|COMP6719,UGRD,In Person,https://programsandcourses.anu.edu.au/2019/course/COMP2300
COMP2300,2020,Computer Organisation and Program Execution,6,6,S1,COMP1100|COMP1130|COMP1730,COMP6300|ENGN2219|COMP6719,UGRD,In Person,https://programsandcourses.anu.edu.au/2020/course/COMP2300
COMP2300,2021,Computer Organisation and Program Execution,6,6,S1,COMP1100|COMP1130|COMP1730,COMP6300|ENGN2219|COMP6719,UGRD,In Person,https://programsandcourses.anu.edu.au/2021/course/COMP2300
COMP2300,2022,Computer Organisation and Program Execution,6,6,S1,COMP1100|COMP1130|COMP1730,COMP6300|ENGN2219|COMP6719,UGRD,In Person,https://programsandcourses.anu.edu.au/2022/course/COMP2300
COMP2300,2023,Computer Organisation and Program Execution,6,6,S1,COMP1100|COMP1130|COMP1730,COMP6300|ENGN2219|COMP6719,UGRD,In Person,https://programsandcourses.anu.edu.au/2023/course/COMP2300
COMP2300,2024,Computer Organisation and Program Execution,6,6,S1,COMP1100|COMP1130|COMP1730,COMP6300|ENGN2219|COMP6719,UGRD,In Person,https://programsandcourses.anu.edu.au/2024/course/COMP2300
COMP2300,2025,Computer Architecture,6,6,S1,COMP1100|COMP1130|COMP1730,COMP6300|ENGN2219|COMP6719,UGRD,In Person,https://programsandcourses.anu.edu.au/2025/course/COMP2300
COMP2300,2026,Computer Architecture,6,6,S1,COMP1100|COMP1130|COMP1730,COMP6300|ENGN2219|COMP6719,UGRD,In Person,https://programsandcourses.anu.edu.au/2026/course/COMP2300
COMP2300,2027,Computer Architecture,6,6,S1,COMP1100|COMP1130|COMP1730,COMP6300|ENGN2219|COMP6719,UGRD,In Person,https://programsandcourses.anu.edu.au/2027/course/COMP2300
COMP2310,2014,Concurrent and Distributed Systems,6,6,S2,COMP2100|COMP2500|COMP2300|COMP1110|COMP1510|COMP1140,,UGRD,In Person,https://programsandcourses.anu.edu.au/2014/course/COMP2310
COMP2310,2015,Concurrent and Distributed Systems,6,6,S2,COMP1130|COMP1140|COMP1110|COMP1510,,UGRD,In Person,https://programsandcourses.anu.edu.au/2015/course/COMP2310
COMP2310,2016,Concurrent and Distributed Systems,6,6,S2,COMP1130|COMP1140|COMP1110|COMP1510,,UGRD,In Person,https://programsandcourses.anu.edu.au/2016/course/COMP2310
COMP2310,2017,"Systems, Networks and Concurrency",6,6,S2,COMP1130|COMP1140|COMP1110|COMP1510,COMP6310,UGRD,In Person,https://programsandcourses.anu.edu.au/2017/course/COMP2310
COMP2310,2018,"Systems, Networks and Concurrency",6,6,S2,COMP1130|COMP1140|COMP1110|COMP1510|COMP2300,COMP6310,UGRD,In Person,https://programsandcourses.anu.edu.au/2018/course/COMP2310
COMP2310,2019,"Systems, Networks and Concurrency",6,6,S2,COMP1130|COMP1140|COMP1110|COMP1510|COMP2300,COMP6310,UGRD,In Person,https://programsandcourses.anu.edu.au/2019/course/COMP2310
COMP2310,2020,"Systems, Networks and Concurrency",6,6,S2,COMP1130|COMP1140|COMP1110|COMP1510|COMP2300,COMP6310,UGRD,In Person,https://programsandcourses.anu.edu.au/2020/course/COMP2310
COMP2310,2021,"Systems, Networks and Concurrency",6,6,S2,COMP1130|COMP1140|COMP1110|COMP1510|COMP2300,COMP6310,UGRD,In Person,https://programsandcourses.anu.edu.au/2021/course/COMP2310
COMP2310,2022,"Systems, Networks, and Concurrency",6,6,S2,COMP1110|COMP1140|COMP2300,COMP6310,UGRD,Online or In Person,https://programsandcourses.anu.edu.au/2022/course/COMP2310
COMP2310,2023,"Systems, Networks, and Concurrency",6,6,S2,COMP1110|COMP1140|COMP2300,COMP6310,UGRD,In Person,https://programsandcourses.anu.edu.au/2023/course/COMP2310
COMP2310,2024,"Systems, Networks, and Concurrency",6,6,S2,COMP1110|COMP1140|COMP2300|ENGN2219,COMP6310,UGRD,In Person,https://programsandcourses.anu.edu.au/2024/course/COMP2310
COMP2310,2025,"Systems, Networks, and Concurrency",6,6,S2,COMP1110|COMP1140|COMP2300|ENGN2219,COMP6310,UGRD,In Person,https://programsandcourses.anu.edu.au/2025/course/COMP2310
COMP2310,2026,"Systems, Networks, and Concurrency",6,6,S2,COMP1110|COMP1140|COMP2300|ENGN2219,COMP6310,UGRD,In Person,https://programsandcourses.anu.edu.au/2026/course/COMP2310
COMP2310,2027,"Systems, Networks, and Concurrency",6,6,S2,COMP1110|COMP1140|COMP2300|ENGN2219,COMP6310,UGRD,In Person,https://programsandcourses.anu.edu.au/2027/course/COMP2310
COMP2400,2014,Relational Databases,6,6,S2,,,UGRD,In Person,https://programsandcourses.anu.edu.au/2014/course/COMP2400
COMP2400,2015,Relational Databases,6,6,S2,COMP6240,,UGRD,In Person,https://programsandcourses.anu.edu.au/2015/course/COMP2400
COMP2400,2016,Relational Databases,6,6,S2,COMP6240,,UGRD,In Person,https://programsandcourses.anu.edu.au/2016/course/COMP2400
COMP2400,2017,Relational Databases,6,6,S2,COMP6240,,UGRD,In Person,https://programsandcourses.anu.edu.au/2017/course/COMP2400
COMP2400,2018,Relational Databases,6,6,S2,COMP6240,COMP7240,UGRD,In Person,https://programsandcourses.anu.edu.au/2018/course/COMP2400
COMP2400,2019,Relational Databases,6,6,S2,COMP6240,COMP7240,UGRD,In Person,https://programsandcourses.anu.edu.au/2019/course/COMP2400
COMP2400,2020,Relational Databases,6,6,S2,COMP6240,COMP7240,UGRD,In Person,https://programsandcourses.anu.edu.au/2020/course/COMP2400
COMP2400,2021,Relational Databases,6,6,S2,COMP6240,COMP7240,UGRD,In Person,https://programsandcourses.anu.edu.au/2021/course/COMP2400
COMP2400,2022,Relational Databases,6,6,S2,COMP6240,COMP7240,UGRD,In Person,https://programsandcourses.anu.edu.au/2022/course/COMP2400
COMP2400,2023,Relational Databases,6,6,S2,COMP6240,COMP7240,UGRD,In Person,https://programsandcourses.anu.edu.au/2023/course/COMP2400
COMP2400,2024,Relational Databases,6,6,S1|S2,COMP6240,COMP7240,UGRD,In Person,https://programsandcourses.anu.edu.au/2024/course/COMP2400
COMP2400,2025,Relational Databases,6,6,S1|S2,COMP6240,COMP7240,UGRD,In Person,https://programsandcourses.anu.edu.au/2025/course/COMP2400
COMP2400,2026,Relational Databases,6,6,S1|S2,COMP1100|COMP1130|INFS1001|COMP1730|COMP6240,,UGRD,In Person,https://programsandcourses.anu.edu.au/2026/course/COMP2400
COMP2400,2027,Relational Databases,6,6,S1|S2,COMP1100|COMP1130|INFS1001|COMP1730|COMP6240,,UGRD,In Person,https://programsandcourses.anu.edu.au/2027/course/COMP2400
COMP2550,2014,Advanced Computing R&D Methods,6,6,S1,,,UGRD,In Person,https://programsandcourses.anu.edu.au/2014/course/COMP2550
COMP2550,2015,Advanced Computing R&D Methods,6,6,S1,,,UGRD,In Person,https://programsandcourses.anu.edu.au/2015/course/COMP2550
COMP2550,2016,Advanced Computing R&D Methods,6,6,S1,,,UGRD,In Person,https://programsandcourses.anu.edu.au/2016/course/COMP2550
COMP2550,2017,Advanced Computing R&D Methods,6,6,S1,,,UGRD,In Person,https://programsandcourses.anu.edu.au/2017/course/COMP2550
COMP2550,2018,Advanced Computing R&D Methods,6,6,S1,,,UGRD,In Person,https://programsandcourses.anu.edu.au/2018/course/COMP2550
COMP2550,2019,Advanced Computing R&D Methods,6,6,S1,,,UGRD,In Person,https://programsandcourses.anu.edu.au/2019/course/COMP2550
COMP2550,2020,Advanced Computing R&D Methods,6,6,S1,,,UGRD,In Person,https://programsandcourses.anu.edu.au/2020/course/COMP2550
COMP2550,2021,Advanced Computing R&D Methods,6,6,S1,,,UGRD,In Person,https://programsandcourses.anu.edu.au/2021/course/COMP2550
COMP2550,2022,Advanced Computing R&D Methods,6,6,S1,,,UGRD,In Person,https://programsandcourses.anu.edu.au/2022/course/COMP2550
COMP2550,2023,Advanced Computing R&D Methods,6,6,S1,,,UGRD,In Person,https://programsandcourses.anu.edu.au/2023/course/COMP2550
COMP2550,2024,Computing R&D Methods,6,6,S1,,COMP4450,UGRD,In Person,https://programsandcourses.anu.edu.au/2024/course/COMP2550
COMP2550,2025,Computing R&D Methods,6,6,S1,,COMP4450,UGRD,In Person,https://programsandcourses.anu.edu.au/2025/course/COMP2550
COMP2550,2026,Computing R&D Methods,6,6,S1,COMP1110|COMP1140,COMP4450,UGRD,In Person,https://programsandcourses.anu.edu.au/2026/course/COMP2550
COMP2550,2027,Computing R&D Methods,6,6,S1,COMP1110|COMP1140,COMP4450,UGRD,In Person,https://programsandcourses.anu.edu.au/2027/course/COMP2550
COMP2610,2014,Information Theory,6,6,S2,,,UGRD,In Person,https://programsandcourses.anu.edu.au/2014/course/COMP2610
COMP2610,2015,Information Theory,6,6,S2,,,UGRD,In Person,https://programsandcourses.anu.edu.au/2015/course/COMP2610
COMP2610,2016,Information Theory,6,6,S2,,,UGRD,In Person,https://programsandcourses.anu.edu.au/2016/course/COMP2610
COMP2610,2017,Information Theory,6,6,S2,,COMP6261|ENGN8534,UGRD,In Person,https://programsandcourses.anu.edu.au/2017/course/COMP2610
COMP2610,2018,Information Theory,6,6,S2,,COMP6261|ENGN8534,UGRD,In Person,https://programsandcourses.anu.edu.au/2018/course/COMP2610
COMP2610,2019,Information Theory,6,6,S2,,COMP6261|ENGN8534,UGRD,In Person,https://programsandcourses.anu.edu.au/2019/course/COMP2610
COMP2610,2020,Information Theory,6,6,UNKNOWN,,COMP6261|ENGN8534,UGRD,In Person,https://programsandcourses.anu.edu.au/2020/course/COMP2610
COMP2610,2021,Information Theory,6,6,S2,,COMP6261|ENGN8534,UGRD,In Person,https://programsandcourses.anu.edu.au/2021/course/COMP2610
COMP2610,2022,Information Theory,6,6,S2,,COMP6261|ENGN8534,UGRD,In Person,https://programsandcourses.anu.edu.au/2022/course/COMP2610
COMP2610,2023,Information Theory,6,6,S2,,COMP6261|ENGN8534,UGRD,In Person,https://programsandcourses.anu.edu.au/2023/course/COMP2610
COMP2610,2024,Information Theory,6,6,S2,,COMP6261|ENGN8534,UGRD,In Person,https://programsandcourses.anu.edu.au/2024/course/COMP2610
COMP2610,2025,Information Theory,6,6,S2,,COMP6261|ENGN8534,UGRD,In Person,https://programsandcourses.anu.edu.au/2025/course/COMP2610
COMP2610,2026,Information Theory,6,6,S2,,COMP6261|ENGN8534,UGRD,In Person,https://programsandcourses.anu.edu.au/2026/course/COMP2610
COMP2610,2027,Information Theory,6,6,UNKNOWN,,COMP6261|ENGN8534,UGRD,In Person,https://programsandcourses.anu.edu.au/2027/course/COMP2610
COMP2620,2014,Logic,6,6,S1,,,UGRD,In Person,https://programsandcourses.anu.edu.au/2014/course/COMP2620
COMP2620,2015,Logic,6,6,S1,,,UGRD,In Person,https://programsandcourses.anu.edu.au/2015/course/COMP2620
COMP2620,2016,Logic,6,6,S1,PHIL2080,,UGRD,In Person,https://programsandcourses.anu.edu.au/2016/course/COMP2620
COMP2620,2017,Logic,6,6,S1,PHIL2080,,UGRD,In Person,https://programsandcourses.anu.edu.au/2017/course/COMP2620
COMP2620,2018,Logic,6,6,S1,PHIL2080,,UGRD,In Person,https://programsandcourses.anu.edu.au/2018/course/COMP2620
COMP2620,2019,Logic,6,6,S1,PHIL2080,,UGRD,In Person,https://programsandcourses.anu.edu.au/2019/course/COMP2620
COMP2620,2020,Logic,6,6,S1,PHIL2080,,UGRD,In Person,https://programsandcourses.anu.edu.au/2020/course/COMP2620
COMP2620,2021,Logic,6,6,S1,PHIL2080,,UGRD,In Person,https://programsandcourses.anu.edu.au/2021/course/COMP2620
COMP2620,2022,Logic,6,6,S1,PHIL2080,,UGRD,In Person,https://programsandcourses.anu.edu.au/2022/course/COMP2620
COMP2620,2023,Logic,6,6,S1,PHIL2080|COMP6262,,UGRD,In Person,https://programsandcourses.anu.edu.au/2023/course/COMP2620
COMP2620,2024,Logic,6,6,S1,PHIL2080|COMP6262,,UGRD,In Person,https://programsandcourses.anu.edu.au/2024/course/COMP2620
COMP2620,2025,Logic,6,6,S1,COMP1600,PHIL2080|COMP6262,UGRD,In Person,https://programsandcourses.anu.edu.au/2025/course/COMP2620
COMP2620,2026,Logic,6,6,S1,COMP1600,PHIL2080|COMP6262,UGRD,In Person,https://programsandcourses.anu.edu.au/2026/course/COMP2620
COMP2620,2027,Logic,6,6,S1,COMP1600,PHIL2080|COMP6262,UGRD,In Person,https://programsandcourses.anu.edu.au/2027/course/COMP2620
COMP2700,2018,Cyber Security Foundations,6,6,S2,COMP1100|COMP1130|COMP1600,,UGRD,In Person,https://programsandcourses.anu.edu.au/2018/course/COMP2700
COMP2700,2019,Cyber Security Foundations,6,6,S2,COMP1100|COMP1130|COMP1600,,UGRD,In Person,https://programsandcourses.anu.edu.au/2019/course/COMP2700
COMP2700,2020,Cyber Security Foundations,6,6,S2,COMP1100|COMP1130|COMP1600,,UGRD,In Person,https://programsandcourses.anu.edu.au/2020/course/COMP2700
COMP2700,2021,Cyber Security Foundations,6,6,S2,COMP1100|COMP1130|COMP1600,,UGRD,In Person,https://programsandcourses.anu.edu.au/2021/course/COMP2700
COMP2700,2022,Cyber Security Foundations,6,6,S2,COMP1100|COMP1130|COMP1600,,UGRD,In Person,https://programsandcourses.anu.edu.au/2022/course/COMP2700
COMP2700,2023,Cyber Security Foundations,6,6,S2,COMP1100|COMP1130|COMP1600,,UGRD,In Person,https://programsandcourses.anu.edu.au/2023/course/COMP2700
COMP2700,2024,Cyber Security Foundations,6,6,S2,COMP1100|COMP1130|COMP1600,,UGRD,In Person,https://programsandcourses.anu.edu.au/2024/course/COMP2700
COMP2700,2025,Cyber Security Foundations,6,6,S2,COMP1100|COMP1130|COMP1600,,UGRD,In Person,https://programsandcourses.anu.edu.au/2025/course/COMP2700
COMP2700,2026,Cyber Security Foundations,6,6,S1,COMP1100|COMP1130|COMP1600,,UGRD,In Person,https://programsandcourses.anu.edu.au/2026/course/COMP2700
COMP2700,2027,Cyber Security Foundations,6,6,S1,COMP1100|COMP1130|COMP1600,,UGRD,In Person,https://programsandcourses.anu.edu.au/2027/course/COMP2700
COMP2710,2016,Special Topics in Computer Science,6,6,S1|SPRING,,,UGRD,Blended,https://programsandcourses.anu.edu.au/2016/course/COMP2710
COMP2710,2017,Special Topics in Computer Science,6,6,S1|S2|SPRING,,,UGRD,In Person,https://programsandcourses.anu.edu.au/2017/course/COMP2710
COMP2710,2018,Special Topics in Computer Science,6,6,S1|S2,,,UGRD,In Person,https://programsandcourses.anu.edu.au/2018/course/COMP2710
COMP2710,2019,Special Topics in Computer Science,6,6,S1|S2|SUMMER,,,UGRD,In Person,https://programsandcourses.anu.edu.au/2019/course/COMP2710
COMP2710,2020,Special Topics in Computer Science,6,6,S1|S2|SUMMER,,,UGRD,In Person,https://programsandcourses.anu.edu.au/2020/course/COMP2710
COMP2710,2021,Special Topics in Computer Science,6,6,S1,,,UGRD,In Person,https://programsandcourses.anu.edu.au/2021/course/COMP2710
COMP2710,2022,Special Topics in Computer Science,6,6,S1|S2,,,UGRD,In Person,https://programsandcourses.anu.edu.au/2022/course/COMP2710
COMP2710,2023,Special Topics in Computer Science,6,6,S2,,,UGRD,In Person,https://programsandcourses.anu.edu.au/2023/course/COMP2710
COMP2710,2024,Special Topics in Computer Science,6,6,UNKNOWN,COMP1100|COMP1130|COMP1730,,UGRD,In Person,https://programsandcourses.anu.edu.au/2024/course/COMP2710
COMP2710,2025,Special Topics in Computer Science,6,6,UNKNOWN,COMP1100|COMP1130|COMP1730,,UGRD,In Person,https://programsandcourses.anu.edu.au/2025/course/COMP2710
COMP2710,2026,Special Topics in Computer Science,6,6,S1,,,UGRD,In Person,https://programsandcourses.anu.edu.au/2026/course/COMP2710
COMP2710,2027,Special Topics in Computer Science,6,6,UNKNOWN,,,UGRD,In Person,https://programsandcourses.anu.edu.au/2027/course/COMP2710
COMP3242,2026,Deep Learning,6,6,S1,COMP3670|MATH1013|MATH1014|MATH1115|MATH1116|COMP1110|COMP1140,COMP6242,UGRD,In Person,https://programsandcourses.anu.edu.au/2026/course/COMP3242
COMP3242,2027,Deep Learning,6,6,S1,COMP3670|MATH1013|MATH1014|MATH1115|MATH1116|COMP1110|COMP1140,COMP6242,UGRD,In Person,https://programsandcourses.anu.edu.au/2027/course/COMP3242
COMP3300,2014,Operating Systems Implementation,6,6,S2,COMP2300|COMP2310|COMP2600,,UGRD,In Person,https://programsandcourses.anu.edu.au/2014/course/COMP3300
COMP3300,2015,Operating Systems Implementation,6,6,UNKNOWN,COMP2300|COMP2310|COMP2600,,UGRD,In Person,https://programsandcourses.anu.edu.au/2015/course/COMP3300
COMP3300,2016,Operating Systems Implementation,6,6,S2,COMP2300|COMP2310|COMP2600,,UGRD,In Person,https://programsandcourses.anu.edu.au/2016/course/COMP3300
COMP3300,2017,Operating Systems Implementation,6,6,UNKNOWN,COMP2300|COMP2310|COMP2600,COMP6330,UGRD,In Person,https://programsandcourses.anu.edu.au/2017/course/COMP3300
COMP3300,2018,Operating Systems Implementation,6,6,S2,COMP2300|COMP2310|COMP1600|COMP2600,COMP6330,UGRD,In Person,https://programsandcourses.anu.edu.au/2018/course/COMP3300
COMP3300,2019,Operating Systems Implementation,6,6,UNKNOWN,COMP2300|COMP2310|COMP1600|COMP2600,COMP6330,UGRD,In Person,https://programsandcourses.anu.edu.au/2019/course/COMP3300
COMP3300,2020,Operating Systems Implementation,6,6,S2,COMP2300|COMP2310|COMP1600|COMP2600,COMP6330,UGRD,In Person,https://programsandcourses.anu.edu.au/2020/course/COMP3300
COMP3300,2021,Operating Systems Implementation,6,6,UNKNOWN,COMP2300|COMP2310|COMP1600|COMP2600,COMP6330,UGRD,In Person,https://programsandcourses.anu.edu.au/2021/course/COMP3300
COMP3300,2022,Operating Systems Implementation,6,6,UNKNOWN,COMP2300|COMP2310|COMP1600|COMP2600,COMP6330,UGRD,In Person,https://programsandcourses.anu.edu.au/2022/course/COMP3300
COMP3300,2023,Operating Systems Implementation,6,6,S2,COMP2300|COMP2310|COMP1600|COMP2600,COMP6330,UGRD,In Person,https://programsandcourses.anu.edu.au/2023/course/COMP3300
COMP3300,2024,Operating Systems Implementation,6,6,S2,COMP2300|ENGN2219|COMP2310|COMP1600|COMP2600,COMP6330,UGRD,In Person,https://programsandcourses.anu.edu.au/2024/course/COMP3300
COMP3300,2025,Operating Systems Implementation,6,6,S2,COMP2300|ENGN2219|COMP2310|COMP1600|COMP2600,COMP6330,UGRD,In Person,https://programsandcourses.anu.edu.au/2025/course/COMP3300
COMP3300,2026,Operating Systems Implementation,6,6,S2,COMP2310,COMP6330,UGRD,In Person,https://programsandcourses.anu.edu.au/2026/course/COMP3300
COMP3300,2027,Operating Systems Implementation,6,6,UNKNOWN,COMP2310,COMP6330,UGRD,In Person,https://programsandcourses.anu.edu.au/2027/course/COMP3300
COMP3310,2014,Computer Networks,6,6,S1,COMP2300|COMP2600,,UGRD,In Person,https://programsandcourses.anu.edu.au/2014/course/COMP3310
COMP3310,2015,Computer Networks,6,6,UNKNOWN,COMP2300|COMP2600,,UGRD,In Person,https://programsandcourses.anu.edu.au/2015/course/COMP3310
COMP3310,2016,Computer Networks,6,6,S1,COMP2300|COMP2600,,UGRD,In Person,https://programsandcourses.anu.edu.au/2016/course/COMP3310
COMP3310,2017,Computer Networks,6,6,UNKNOWN,COMP2300|COMP2600,COMP6331,UGRD,In Person,https://programsandcourses.anu.edu.au/2017/course/COMP3310
COMP3310,2018,Computer Networks,6,6,S1,COMP2300|COMP1600|COMP2600,COMP6331,UGRD,In Person,https://programsandcourses.anu.edu.au/2018/course/COMP3310
COMP3310,2019,Computer Networks,6,6,S1,COMP2000|COMP2100|COMP2300,COMP6331,UGRD,In Person,https://programsandcourses.anu.edu.au/2019/course/COMP3310
COMP3310,2020,Computer Networks,6,6,S1,COMP2000|COMP2100|COMP2300,COMP6331|ENGN3539|ENGN6539,UGRD,In Person,https://programsandcourses.anu.edu.au/2020/course/COMP3310
COMP3310,2021,Computer Networks,6,6,S1,COMP2000|COMP2100|COMP2300,COMP6331|ENGN3539|ENGN6539,UGRD,In Person,https://programsandcourses.anu.edu.au/2021/course/COMP3310
COMP3310,2022,Computer Networks,6,6,S1,COMP2000|COMP2100|COMP2300,COMP6331|ENGN3539|ENGN6539,UGRD,In Person,https://programsandcourses.anu.edu.au/2022/course/COMP3310
COMP3310,2023,Computer Networks,6,6,S1,COMP2000|COMP2100|COMP2300,COMP6331|ENGN3539|ENGN6539,UGRD,In Person,https://programsandcourses.anu.edu.au/2023/course/COMP3310
COMP3310,2024,Computer Networks,6,6,S1,COMP2100|COMP2300|COMP2000,COMP6331|ENGN3539|ENGN6539,UGRD,In Person,https://programsandcourses.anu.edu.au/2024/course/COMP3310
COMP3310,2025,Computer Networks,6,6,S1,COMP2100|COMP2300|COMP2000,COMP6331|ENGN3539|ENGN6539,UGRD,In Person,https://programsandcourses.anu.edu.au/2025/course/COMP3310
COMP3310,2026,Computer Networks,6,6,S1,COMP2100|COMP2300|COMP2000,COMP6331|ENGN3539|ENGN6539,UGRD,In Person,https://programsandcourses.anu.edu.au/2026/course/COMP3310
COMP3310,2027,Computer Networks,6,6,S1,COMP2100|COMP2300|COMP2000,COMP6331|ENGN3539|ENGN6539,UGRD,In Person,https://programsandcourses.anu.edu.au/2027/course/COMP3310
COMP3320,2014,High Performance Scientific Computation,6,6,S1,COMP2100|COMP2500|COMP2300|COMP2600,,UGRD,In Person,https://programsandcourses.anu.edu.au/2014/course/COMP3320
COMP3320,2015,High Performance Scientific Computation,6,6,UNKNOWN,COMP2100|COMP2500|COMP2300|COMP2600,,UGRD,In Person,https://programsandcourses.anu.edu.au/2015/course/COMP3320
COMP3320,2016,High Performance Scientific Computation,6,6,S1,COMP2100|COMP2500|COMP2300|COMP2600,,UGRD,In Person,https://programsandcourses.anu.edu.au/2016/course/COMP3320
COMP3320,2017,High Performance Scientific Computation,6,6,UNKNOWN,COMP2100|COMP2500|COMP2300|COMP2600,,UGRD,In Person,https://programsandcourses.anu.edu.au/2017/course/COMP3320
COMP3320,2018,High Performance Scientific Computation,6,6,S1,COMP2100|COMP2500|COMP2300|COMP2600,,UGRD,In Person,https://programsandcourses.anu.edu.au/2018/course/COMP3320
COMP3320,2019,High Performance Scientific Computation,6,6,UNKNOWN,COMP2100|COMP2500|COMP2300|COMP2600,,UGRD,In Person,https://programsandcourses.anu.edu.au/2019/course/COMP3320
COMP3320,2020,High Performance Scientific Computation,6,6,S2,COMP2100|COMP2500|COMP2300|COMP2600|COMP1600,,UGRD,In Person,https://programsandcourses.anu.edu.au/2020/course/COMP3320
COMP3320,2021,High Performance Scientific Computation,6,6,S2,COMP2100|COMP2500|COMP2300|COMP2600|COMP1600,,UGRD,In Person,https://programsandcourses.anu.edu.au/2021/course/COMP3320
COMP3320,2022,High Performance Scientific Computation,6,6,S2,COMP2100|COMP2500|COMP2300|COMP2600|COMP1600,,UGRD,In Person,https://programsandcourses.anu.edu.au/2022/course/COMP3320
COMP3320,2023,High Performance Scientific Computation,6,6,S2,COMP2100|COMP2500|COMP2300|COMP2600|COMP1600,,UGRD,In Person,https://programsandcourses.anu.edu.au/2023/course/COMP3320
COMP3320,2024,High Performance Scientific Computation,6,6,S2,COMP2100|COMP2500|COMP2300|COMP2600|COMP1600,,UGRD,In Person,https://programsandcourses.anu.edu.au/2024/course/COMP3320
COMP3320,2025,High Performance Scientific Computation,6,6,UNKNOWN,COMP2100|COMP2500|COMP2300|COMP2600|COMP1600,,UGRD,In Person,https://programsandcourses.anu.edu.au/2025/course/COMP3320
COMP3320,2026,High Performance Scientific Computation,6,6,S2,COMP2100|COMP2300|ENGN2219|COMP1600|MATH1003,COMP6464,UGRD,In Person,https://programsandcourses.anu.edu.au/2026/course/COMP3320
COMP3320,2027,High Performance Scientific Computation,6,6,UNKNOWN,COMP2100|COMP2300|ENGN2219|COMP1600|MATH1003,COMP6464,UGRD,In Person,https://programsandcourses.anu.edu.au/2027/course/COMP3320
COMP3425,2017,Data Mining,6,6,UNKNOWN,COMP1030|COMP1100|COMP1130|COMP1730|COMP1040|COMP1110|COMP1140|COMP3420|COMP8400,,UGRD,In Person,https://programsandcourses.anu.edu.au/2017/course/COMP3425
COMP3425,2018,Data Mining,6,6,S1,COMP1100|COMP1130|COMP1730|COMP2400|COMP3420|COMP8400,,UGRD,In Person,https://programsandcourses.anu.edu.au/2018/course/COMP3425
COMP3425,2019,Data Mining,6,6,S1,COMP1100|COMP1130|COMP1730|COMP2400|COMP3420|COMP8400,,UGRD,In Person,https://programsandcourses.anu.edu.au/2019/course/COMP3425
COMP3425,2020,Data Mining,6,6,S1,COMP1100|COMP1130|COMP1730|COMP2400|COMP3420|COMP8400,,UGRD,In Person,https://programsandcourses.anu.edu.au/2020/course/COMP3425
COMP3425,2021,Data Mining,6,6,S1,COMP1100|COMP1130|COMP1730|COMP2400|COMP3420|COMP8400,,UGRD,In Person,https://programsandcourses.anu.edu.au/2021/course/COMP3425
COMP3425,2022,Data Mining,6,6,S1,COMP1100|COMP1130|COMP1730|COMP2400|COMP3420|COMP8400,,UGRD,In Person,https://programsandcourses.anu.edu.au/2022/course/COMP3425
COMP3425,2023,Data Mining,6,6,S1,COMP1100|COMP1130|COMP1730|COMP2400,COMP3420|COMP8400|COMP8410|COMP8910,UGRD,In Person,https://programsandcourses.anu.edu.au/2023/course/COMP3425
COMP3425,2024,Data Mining,6,6,S1,COMP1100|COMP1130|COMP1730|COMP2400,COMP3420|COMP8400|COMP8410|COMP8910,UGRD,In Person,https://programsandcourses.anu.edu.au/2024/course/COMP3425
COMP3425,2025,Data Mining,6,6,S1,COMP1100|COMP1130|COMP1730|COMP2400,COMP3420|COMP8400|COMP8410|COMP8910,UGRD,In Person,https://programsandcourses.anu.edu.au/2025/course/COMP3425
COMP3425,2026,Data Mining,6,6,S1,COMP1100|COMP1130|COMP1730|COMP2400,COMP3420|COMP8400|COMP8410|COMP8910,UGRD,In Person,https://programsandcourses.anu.edu.au/2026/course/COMP3425
COMP3425,2027,Data Mining,6,6,UNKNOWN,COMP1100|COMP1130|COMP1730|COMP2400,COMP3420|COMP8400|COMP8410|COMP8910,UGRD,In Person,https://programsandcourses.anu.edu.au/2027/course/COMP3425
COMP3430,2017,Data Wrangling,6,6,UNKNOWN,COMP1030|COMP1100|COMP1130|COMP1730|COMP1040|COMP1110|COMP1140,,UGRD,In Person,https://programsandcourses.anu.edu.au/2017/course/COMP3430
COMP3430,2018,Data Wrangling,6,6,S2,COMP1030|COMP1100|COMP1130|COMP1730|COMP1040|COMP1110|COMP1140,,UGRD,In Person,https://programsandcourses.anu.edu.au/2018/course/COMP3430
COMP3430,2019,Data Wrangling,6,6,S2,COMP1030|COMP1100|COMP1130|COMP1730|COMP1040|COMP1110|COMP1140,,UGRD,In Person,https://programsandcourses.anu.edu.au/2019/course/COMP3430
COMP3430,2020,Data Wrangling,6,6,S2,COMP1030|COMP1100|COMP1130|COMP1730|COMP1040|COMP1110|COMP1140|COMP2400,,UGRD,In Person,https://programsandcourses.anu.edu.au/2020/course/COMP3430
COMP3430,2021,Data Wrangling,6,6,S2,COMP1030|COMP1100|COMP1130|COMP1730|COMP1040|COMP1110|COMP1140|COMP2400,,UGRD,In Person,https://programsandcourses.anu.edu.au/2021/course/COMP3430
COMP3430,2022,Data Wrangling,6,6,S2,COMP1030|COMP1100|COMP1130|COMP1730|COMP1040|COMP1110|COMP1140|COMP2400,,UGRD,In Person,https://programsandcourses.anu.edu.au/2022/course/COMP3430
COMP3430,2024,Data Wrangling,6,6,S2,COMP1100|COMP1130|COMP1730|COMP1110|COMP1140|COMP2400,COMP8430|COMP8930,UGRD,In Person,https://programsandcourses.anu.edu.au/2024/course/COMP3430
COMP3430,2025,Data Wrangling,6,6,S2,COMP1100|COMP1130|COMP1730|COMP1110|COMP1140|COMP2400,COMP8430|COMP8930,UGRD,In Person,https://programsandcourses.anu.edu.au/2025/course/COMP3430
COMP3430,2026,Data Wrangling,6,6,S2,COMP1100|COMP1130|COMP1730|COMP1110|COMP1140|COMP2400,COMP8430|COMP8930,UGRD,In Person,https://programsandcourses.anu.edu.au/2026/course/COMP3430
COMP3430,2027,Data Wrangling,6,6,S2,COMP1100|COMP1130|COMP1730|COMP1110|COMP1140|COMP2400,COMP8430|COMP8930,UGRD,In Person,https://programsandcourses.anu.edu.au/2027/course/COMP3430
COMP3500,2014,Software Engineering Project,6,6,S1|S2,COMP2500|COMP2130|COMP2510|COMP3100,,UGRD,In Person,https://programsandcourses.anu.edu.au/2014/course/COMP3500
COMP3500,2015,Software Engineering Project,6,6,S1|S2,COMP2500|COMP2130|COMP2510|COMP3100,,UGRD,In Person,https://programsandcourses.anu.edu.au/2015/course/COMP3500
COMP3500,2016,Software Engineering Project,6,6,S1|S2,COMP2500|COMP2130|COMP2510|COMP3100,,UGRD,In Person,https://programsandcourses.anu.edu.au/2016/course/COMP3500
COMP3500,2017,Software Engineering Project,6,6,S1|S2,COMP2500|COMP2100|COMP2120|COMP2130|COMP2510|COMP3100,,UGRD,In Person,https://programsandcourses.anu.edu.au/2017/course/COMP3500
COMP3500,2018,Software Engineering Project,6,6,S1|S2,COMP2500|COMP2100|COMP2120|COMP2130|COMP2510|COMP3100,,UGRD,In Person,https://programsandcourses.anu.edu.au/2018/course/COMP3500
COMP3500,2019,Software Engineering Project,6,6,S1|S2,COMP2500|COMP2100|COMP2120|COMP2130|COMP2510|COMP3100,,UGRD,In Person,https://programsandcourses.anu.edu.au/2019/course/COMP3500
COMP3500,2020,Software Engineering Project,6,6,S1|S2,COMP2500|COMP2100|COMP2120|COMP2130|COMP2510|COMP3100,,UGRD,In Person,https://programsandcourses.anu.edu.au/2020/course/COMP3500
COMP3500,2021,Software Engineering Project,6,6,S1|S2,COMP2500|COMP2100|COMP2120|COMP2130|COMP2510|COMP3100,,UGRD,In Person,https://programsandcourses.anu.edu.au/2021/course/COMP3500
COMP3500,2022,Software Engineering Project,6,6,S1|S2,COMP2500|COMP2100|COMP2120|COMP2130|COMP2510|COMP3100,,UGRD,In Person,https://programsandcourses.anu.edu.au/2022/course/COMP3500
COMP3500,2023,Software Engineering Project,6,6,S1|S2,COMP2500|COMP2100|COMP2120|COMP2130|COMP2510|COMP3100,,UGRD,In Person,https://programsandcourses.anu.edu.au/2023/course/COMP3500
COMP3500,2024,Software Engineering Project,6,6,S1|S2,COMP2500|COMP2100|COMP2120|COMP2130|COMP3100|COMP3820,,UGRD,In Person,https://programsandcourses.anu.edu.au/2024/course/COMP3500
COMP3500,2025,Software Engineering Project,6,6,S1|S2,COMP2100|COMP2120|COMP3100|COMP3820|COMP4500,,UGRD,In Person,https://programsandcourses.anu.edu.au/2025/course/COMP3500
COMP3500,2026,Software Engineering Project,6,6,S1|S2,COMP2100|COMP2120|COMP3100|COMP3820|COMP4500|COMP4820,,UGRD,In Person,https://programsandcourses.anu.edu.au/2026/course/COMP3500
COMP3500,2027,Software Engineering Project,6,6,S1|S2,COMP2100|COMP2120|COMP3100|COMP3820|COMP4500|COMP4820,,UGRD,In Person,https://programsandcourses.anu.edu.au/2027/course/COMP3500
COMP3540,2023,Game Development,6,6,S2,,,UGRD,In Person,https://programsandcourses.anu.edu.au/2023/course/COMP3540
COMP3540,2024,Game Development,6,6,S2,,,UGRD,In Person,https://programsandcourses.anu.edu.au/2024/course/COMP3540
COMP3540,2025,Game Development,6,6,UNKNOWN,,,UGRD,In Person,https://programsandcourses.anu.edu.au/2025/course/COMP3540
COMP3540,2026,Game Development,6,6,UNKNOWN,,,UGRD,In Person,https://programsandcourses.anu.edu.au/2026/course/COMP3540
COMP3540,2027,Game Development,6,6,UNKNOWN,,,UGRD,In Person,https://programsandcourses.anu.edu.au/2027/course/COMP3540
COMP3600,2014,Algorithms,6,6,S2,COMP1100|COMP1140|COMP1510|COMP2600,,UGRD,In Person,https://programsandcourses.anu.edu.au/2014/course/COMP3600
COMP3600,2015,Algorithms,6,6,S2,COMP1110|COMP1140|COMP1510|COMP2600|COMP6466,,UGRD,In Person,https://programsandcourses.anu.edu.au/2015/course/COMP3600
COMP3600,2016,Algorithms,6,6,S2,COMP1110|COMP1140|COMP1510|COMP2600|COMP6466,,UGRD,In Person,https://programsandcourses.anu.edu.au/2016/course/COMP3600
COMP3600,2017,Algorithms,6,6,S2,COMP1110|COMP1140|COMP1510|COMP1600|COMP2600|COMP6466,,UGRD,In Person,https://programsandcourses.anu.edu.au/2017/course/COMP3600
COMP3600,2018,Algorithms,6,6,S2,COMP1110|COMP1140|COMP1510|COMP1600|COMP2600|COMP6466,,UGRD,In Person,https://programsandcourses.anu.edu.au/2018/course/COMP3600
COMP3600,2019,Algorithms,6,6,S2,COMP1110|COMP1140|COMP1510|COMP1600|COMP2600|COMP6466,,UGRD,In Person,https://programsandcourses.anu.edu.au/2019/course/COMP3600
COMP3600,2020,Algorithms,6,6,S2,COMP1110|COMP1140|COMP1510|COMP1600|COMP2600|COMP6466,,UGRD,In Person,https://programsandcourses.anu.edu.au/2020/course/COMP3600
COMP3600,2021,Algorithms,6,6,S2,COMP1110|COMP1140|COMP1510|COMP1600|COMP2600|COMP6466,,UGRD,In Person,https://programsandcourses.anu.edu.au/2021/course/COMP3600
COMP3600,2022,Algorithms,6,6,S2,COMP1110|COMP1140|COMP1510|COMP1600|COMP2600|COMP6466,,UGRD,In Person,https://programsandcourses.anu.edu.au/2022/course/COMP3600
COMP3600,2023,Algorithms,6,6,S2,COMP1110|COMP1140|COMP1600|COMP6466,,UGRD,In Person,https://programsandcourses.anu.edu.au/2023/course/COMP3600
COMP3600,2024,Algorithms,6,6,S2,COMP1110|COMP1140|COMP1600|COMP6466,,UGRD,In Person,https://programsandcourses.anu.edu.au/2024/course/COMP3600
COMP3600,2025,Algorithms,6,6,S2,COMP1110|COMP1140|COMP1600|COMP6466,,UGRD,In Person,https://programsandcourses.anu.edu.au/2025/course/COMP3600
COMP3600,2026,Algorithms,6,6,S2,COMP1600|COMP6466,,UGRD,In Person,https://programsandcourses.anu.edu.au/2026/course/COMP3600
COMP3600,2027,Algorithms,6,6,S2,COMP1600|COMP6466,,UGRD,In Person,https://programsandcourses.anu.edu.au/2027/course/COMP3600
COMP3610,2014,Principles of Programming Languages,6,6,UNKNOWN,COMP2300|COMP2600,,UGRD,In Person,https://programsandcourses.anu.edu.au/2014/course/COMP3610
COMP3610,2015,Principles of Programming Languages,6,6,S2,COMP2300|COMP2600,,UGRD,In Person,https://programsandcourses.anu.edu.au/2015/course/COMP3610
COMP3610,2016,Principles of Programming Languages,6,6,UNKNOWN,COMP2300|COMP2600,,UGRD,In Person,https://programsandcourses.anu.edu.au/2016/course/COMP3610
COMP3610,2017,Principles of Programming Languages,6,6,S2,COMP2300|COMP2600,COMP6361,UGRD,In Person,https://programsandcourses.anu.edu.au/2017/course/COMP3610
COMP3610,2018,Principles of Programming Languages,6,6,S2,COMP2300|COMP2600,COMP6361,UGRD,In Person,https://programsandcourses.anu.edu.au/2018/course/COMP3610
COMP3610,2019,Principles of Programming Languages,6,6,UNKNOWN,COMP2300|COMP2600,COMP6361,UGRD,In Person,https://programsandcourses.anu.edu.au/2019/course/COMP3610
COMP3610,2020,Principles of Programming Languages,6,6,UNKNOWN,COMP2300|COMP2600,COMP6361,UGRD,In Person,https://programsandcourses.anu.edu.au/2020/course/COMP3610
COMP3610,2021,Principles of Programming Languages,6,6,S2,COMP2300|COMP1600,COMP6361,UGRD,In Person,https://programsandcourses.anu.edu.au/2021/course/COMP3610
COMP3610,2022,Principles of Programming Languages,6,6,UNKNOWN,COMP2300|COMP1600,COMP6361,UGRD,In Person,https://programsandcourses.anu.edu.au/2022/course/COMP3610
COMP3610,2023,Principles of Programming Languages,6,6,S2,COMP2100|COMP1600,COMP6361,UGRD,In Person,https://programsandcourses.anu.edu.au/2023/course/COMP3610
COMP3610,2024,Principles of Programming Languages,6,6,UNKNOWN,COMP2100|COMP1600,COMP6361,UGRD,In Person,https://programsandcourses.anu.edu.au/2024/course/COMP3610
COMP3610,2025,Principles of Programming Languages,6,6,S2,COMP2100|COMP1600,COMP6361,UGRD,In Person,https://programsandcourses.anu.edu.au/2025/course/COMP3610
COMP3610,2026,Principles of Programming Languages,6,6,UNKNOWN,COMP2100|COMP1600|MATH1003,COMP6361,UGRD,In Person,https://programsandcourses.anu.edu.au/2026/course/COMP3610
COMP3610,2027,Principles of Programming Languages,6,6,S2,COMP2100|COMP1600|MATH1003,COMP6361,UGRD,In Person,https://programsandcourses.anu.edu.au/2027/course/COMP3610
COMP3620,2014,Artificial Intelligence,6,6,S1,COMP1100|COMP1130|COMP1110|COMP1140|COMP1510|COMP2620|COMP2600,,UGRD,In Person,https://programsandcourses.anu.edu.au/2014/course/COMP3620
COMP3620,2015,Artificial Intelligence,6,6,S1,COMP1100|COMP1130|COMP1110|COMP1140|COMP1510|COMP2620|COMP2600,,UGRD,In Person,https://programsandcourses.anu.edu.au/2015/course/COMP3620
COMP3620,2016,Artificial Intelligence,6,6,S1,COMP1100|COMP1130|COMP1110|COMP1140|COMP1510|COMP2620|COMP2600,,UGRD,In Person,https://programsandcourses.anu.edu.au/2016/course/COMP3620
COMP3620,2017,Artificial Intelligence,6,6,S1,COMP1100|COMP1130|COMP1110|COMP1140|COMP1510|COMP2620|COMP2600,COMP6320,UGRD,In Person,https://programsandcourses.anu.edu.au/2017/course/COMP3620
COMP3620,2018,Artificial Intelligence,6,6,S1,COMP1100|COMP1130|COMP1110|COMP1140|COMP1510|COMP2620|COMP2600,COMP6320,UGRD,In Person,https://programsandcourses.anu.edu.au/2018/course/COMP3620
COMP3620,2019,Artificial Intelligence,6,6,S1,COMP1110|COMP1140|COMP2620,COMP6320,UGRD,In Person,https://programsandcourses.anu.edu.au/2019/course/COMP3620
COMP3620,2020,Artificial Intelligence,6,6,S1,COMP1110|COMP1140|COMP2620,COMP6320,UGRD,In Person,https://programsandcourses.anu.edu.au/2020/course/COMP3620
COMP3620,2021,Artificial Intelligence,6,6,S1,COMP1110|COMP1140|COMP2620,COMP6320,UGRD,In Person,https://programsandcourses.anu.edu.au/2021/course/COMP3620
COMP3620,2022,Artificial Intelligence,6,6,S1,COMP1110|COMP1140|COMP2620,COMP6320,UGRD,In Person,https://programsandcourses.anu.edu.au/2022/course/COMP3620
COMP3620,2023,Artificial Intelligence,6,6,S1,COMP1110|COMP1140|COMP2620,COMP6320,UGRD,In Person,https://programsandcourses.anu.edu.au/2023/course/COMP3620
COMP3620,2024,Artificial Intelligence,6,6,S1,COMP1110|COMP1140|COMP2620,COMP6320,UGRD,In Person,https://programsandcourses.anu.edu.au/2024/course/COMP3620
COMP3620,2025,Artificial Intelligence,6,6,S1,COMP1110|COMP2620,COMP6320,UGRD,In Person,https://programsandcourses.anu.edu.au/2025/course/COMP3620
COMP3620,2026,Artificial Intelligence,6,6,S1,COMP1110|COMP2620,COMP6320,UGRD,In Person,https://programsandcourses.anu.edu.au/2026/course/COMP3620
COMP3620,2027,Artificial Intelligence,6,6,S1,COMP1110|COMP2620,COMP6320,UGRD,In Person,https://programsandcourses.anu.edu.au/2027/course/COMP3620
COMP3630,2014,Theory of Computation,6,6,S1,COMP1140|COMP2600,,UGRD,In Person,https://programsandcourses.anu.edu.au/2014/course/COMP3630
COMP3630,2015,Theory of Computation,6,6,UNKNOWN,COMP1140|COMP2600,,UGRD,In Person,https://programsandcourses.anu.edu.au/2015/course/COMP3630
COMP3630,2016,Theory of Computation,6,6,S1,COMP1140|COMP2600,,UGRD,In Person,https://programsandcourses.anu.edu.au/2016/course/COMP3630
COMP3630,2017,Theory of Computation,6,6,UNKNOWN,COMP1140|COMP2600,COMP6363,UGRD,In Person,https://programsandcourses.anu.edu.au/2017/course/COMP3630
COMP3630,2018,Theory of Computation,6,6,S1,COMP1110|COMP1140|COMP1600|COMP2600,COMP6363,UGRD,In Person,https://programsandcourses.anu.edu.au/2018/course/COMP3630
COMP3630,2019,Theory of Computation,6,6,UNKNOWN,COMP1110|COMP1140|COMP1600|COMP2600,COMP6363,UGRD,In Person,https://programsandcourses.anu.edu.au/2019/course/COMP3630
COMP3630,2020,Theory of Computation,6,6,S1,COMP1110|COMP1140|COMP1600|COMP2600,COMP6363,UGRD,In Person,https://programsandcourses.anu.edu.au/2020/course/COMP3630
COMP3630,2021,Theory of Computation,6,6,UNKNOWN,COMP1110|COMP1140|COMP1600|COMP2600,COMP6363,UGRD,In Person,https://programsandcourses.anu.edu.au/2021/course/COMP3630
COMP3630,2022,Theory of Computation,6,6,S1,COMP1110|COMP1140|COMP1600|COMP2600,COMP6363,UGRD,In Person,https://programsandcourses.anu.edu.au/2022/course/COMP3630
COMP3630,2023,Theory of Computation,6,6,S1,COMP1110|COMP1140|COMP1600|COMP2600,COMP6363,UGRD,In Person,https://programsandcourses.anu.edu.au/2023/course/COMP3630
COMP3630,2024,Theory of Computation,6,6,S1,COMP1110|COMP1140|COMP1600|COMP2600,COMP6363,UGRD,In Person,https://programsandcourses.anu.edu.au/2024/course/COMP3630
COMP3630,2025,Theory of Computation,6,6,S1,COMP1110|COMP1140|COMP1600|COMP2600,COMP6363,UGRD,In Person,https://programsandcourses.anu.edu.au/2025/course/COMP3630
COMP3630,2026,Theory of Computation,6,6,S1,COMP1600,COMP6363,UGRD,In Person,https://programsandcourses.anu.edu.au/2026/course/COMP3630
COMP3630,2027,Theory of Computation,6,6,S1,COMP1600,COMP6363,UGRD,In Person,https://programsandcourses.anu.edu.au/2027/course/COMP3630
COMP3670,2019,Introduction to Machine Learning,6,6,S2,COMP1110|COMP1140,COMP6670,UGRD,In Person,https://programsandcourses.anu.edu.au/2019/course/COMP3670
COMP3670,2020,Introduction to Machine Learning,6,6,S2,COMP1110|COMP1140,COMP6670,UGRD,In Person,https://programsandcourses.anu.edu.au/2020/course/COMP3670
COMP3670,2021,Introduction to Machine Learning,6,6,S2,COMP1110|COMP1140,COMP6670,UGRD,In Person,https://programsandcourses.anu.edu.au/2021/course/COMP3670
COMP3670,2023,Introduction to Machine Learning,6,6,S2,COMP1110|COMP1140,COMP6670,UGRD,In Person,https://programsandcourses.anu.edu.au/2023/course/COMP3670
COMP3670,2024,Introduction to Machine Learning,6,6,S2,COMP1110|COMP1140,COMP6670,UGRD,In Person,https://programsandcourses.anu.edu.au/2024/course/COMP3670
COMP3670,2025,Introduction to Machine Learning,6,6,S2,COMP1110|COMP1140,COMP6670,UGRD,In Person,https://programsandcourses.anu.edu.au/2025/course/COMP3670
COMP3670,2026,Introduction to Machine Learning,6,6,S2,COMP1110|COMP1140,COMP6670,UGRD,In Person,https://programsandcourses.anu.edu.au/2026/course/COMP3670
COMP3670,2027,Introduction to Machine Learning,6,6,S2,COMP1110|COMP1140,COMP6670,UGRD,In Person,https://programsandcourses.anu.edu.au/2027/course/COMP3670
COMP3703,2021,Software Security,6,6,S1,COMP2300|COMP2700,COMP2710,UGRD,In Person,https://programsandcourses.anu.edu.au/2021/course/COMP3703
COMP3703,2022,Software Security,6,6,S1,COMP2300|COMP2700,COMP2710,UGRD,In Person,https://programsandcourses.anu.edu.au/2022/course/COMP3703
COMP3703,2023,Software Security,6,6,S1,COMP2300|COMP2700,COMP2710,UGRD,In Person,https://programsandcourses.anu.edu.au/2023/course/COMP3703
COMP3703,2024,Software Security,6,6,S1,COMP2300|ENGN2219|COMP2700,COMP2710,UGRD,In Person,https://programsandcourses.anu.edu.au/2024/course/COMP3703
COMP3703,2025,Software Security,6,6,S1,COMP2300|ENGN2219|COMP2700,COMP2710,UGRD,In Person,https://programsandcourses.anu.edu.au/2025/course/COMP3703
COMP3703,2026,Software Security,6,6,UNKNOWN,COMP2300|ENGN2219|COMP2700,COMP2710,UGRD,In Person,https://programsandcourses.anu.edu.au/2026/course/COMP3703
COMP3703,2027,Software Security,6,6,UNKNOWN,COMP2300|ENGN2219|COMP2700,COMP2710,UGRD,In Person,https://programsandcourses.anu.edu.au/2027/course/COMP3703
COMP3704,2021,Network Security,6,6,S2,COMP2700|COMP3310,,UGRD,In Person,https://programsandcourses.anu.edu.au/2021/course/COMP3704
COMP3704,2022,Network Security,6,6,S2,COMP2700|COMP3310,,UGRD,In Person,https://programsandcourses.anu.edu.au/2022/course/COMP3704
COMP3704,2023,Network Security,6,6,S2,COMP2700|COMP3310,,UGRD,In Person,https://programsandcourses.anu.edu.au/2023/course/COMP3704
COMP3704,2024,Network Security,6,6,S2,COMP2700|COMP3310|ENGN3539,,UGRD,In Person,https://programsandcourses.anu.edu.au/2024/course/COMP3704
COMP3704,2025,Network Security,6,6,S2,COMP2700|COMP3310|ENGN3539,,UGRD,In Person,https://programsandcourses.anu.edu.au/2025/course/COMP3704
COMP3704,2026,Network Security,6,6,S2,COMP2700|COMP3310|ENGN3539,COMP6034,UGRD,In Person,https://programsandcourses.anu.edu.au/2026/course/COMP3704
COMP3704,2027,Network Security,6,6,S2,COMP2700|COMP3310|ENGN3539,COMP6034,UGRD,In Person,https://programsandcourses.anu.edu.au/2027/course/COMP3704
COMP3710,2014,Topics in Computer Science,6,6,S1|S2|SUMMER|SPRING,,,UGRD,In Person,https://programsandcourses.anu.edu.au/2014/course/COMP3710
COMP3710,2015,Topics in Computer Science,6,6,S1|S2|SUMMER|SPRING,,,UGRD,In Person,https://programsandcourses.anu.edu.au/2015/course/COMP3710
COMP3710,2016,Topics in Computer Science,6,6,S1|S2|SPRING,,,UGRD,In Person,https://programsandcourses.anu.edu.au/2016/course/COMP3710
COMP3710,2017,Topics in Computer Science,6,6,S1|S2|SUMMER|WINTER|AUTUMN|SPRING,,,UGRD,In Person,https://programsandcourses.anu.edu.au/2017/course/COMP3710
COMP3710,2018,Topics in Computer Science,6,6,S1|S2|SUMMER|WINTER|SPRING,,,UGRD,In Person,https://programsandcourses.anu.edu.au/2018/course/COMP3710
COMP3710,2019,Topics in Computer Science,6,6,S1|S2|SUMMER|SPRING,,,UGRD,In Person,https://programsandcourses.anu.edu.au/2019/course/COMP3710
COMP3710,2020,Topics in Computer Science,6,6,S1|WINTER|SPRING,,,UGRD,In Person,https://programsandcourses.anu.edu.au/2020/course/COMP3710
COMP3710,2021,Topics in Computer Science,6,6,S2,,,UGRD,In Person,https://programsandcourses.anu.edu.au/2021/course/COMP3710
COMP3710,2022,Topics in Computer Science,6,6,S2,,,UGRD,In Person,https://programsandcourses.anu.edu.au/2022/course/COMP3710
COMP3710,2023,Topics in Computer Science,6,6,S1|WINTER,,,UGRD,In Person,https://programsandcourses.anu.edu.au/2023/course/COMP3710
COMP3710,2024,Topics in Computer Science,6,6,SUMMER|SPRING,,,UGRD,In Person,https://programsandcourses.anu.edu.au/2024/course/COMP3710
COMP3710,2025,Topics in Computer Science,6,6,UNKNOWN,,,UGRD,In Person,https://programsandcourses.anu.edu.au/2025/course/COMP3710
COMP3710,2026,Topics in Computer Science,6,6,UNKNOWN,,,UGRD,In Person,https://programsandcourses.anu.edu.au/2026/course/COMP3710
COMP3710,2027,Topics in Computer Science,6,6,UNKNOWN,,,UGRD,In Person,https://programsandcourses.anu.edu.au/2027/course/COMP3710
COMP3740,2014,Project Work in Computing,6,6,S1|S2,,,UGRD,In Person,https://programsandcourses.anu.edu.au/2014/course/COMP3740
COMP3740,2015,Project Work in Computing,6,6,S1|S2,,,UGRD,In Person,https://programsandcourses.anu.edu.au/2015/course/COMP3740
COMP3740,2016,Project Work in Computing,6,6,S1|S2,,,UGRD,In Person,https://programsandcourses.anu.edu.au/2016/course/COMP3740
COMP3740,2017,Project Work in Computing,6,6,S1|S2,,,UGRD,In Person,https://programsandcourses.anu.edu.au/2017/course/COMP3740
COMP3740,2018,Project Work in Computing,6,6,S1|S2,,,UGRD,In Person,https://programsandcourses.anu.edu.au/2018/course/COMP3740
COMP3740,2019,Project Work in Computing,6,6,S1|S2,,,UGRD,In Person,https://programsandcourses.anu.edu.au/2019/course/COMP3740
COMP3740,2020,Project Work in Computing,6,6,S1|S2,,,UGRD,In Person,https://programsandcourses.anu.edu.au/2020/course/COMP3740
COMP3740,2021,Project Work in Computing,6,6,S1|S2,,,UGRD,In Person,https://programsandcourses.anu.edu.au/2021/course/COMP3740
COMP3740,2022,Project Work in Computing,6,6,S1|S2,,,UGRD,In Person,https://programsandcourses.anu.edu.au/2022/course/COMP3740
COMP3740,2023,Project Work in Computing,6,6,S1|S2,,,UGRD,In Person,https://programsandcourses.anu.edu.au/2023/course/COMP3740
COMP3740,2024,Individual Project,6,6,S1|S2,,,UGRD,In Person,https://programsandcourses.anu.edu.au/2024/course/COMP3740
COMP3740,2025,Individual Project,6,6,S1|S2,,,UGRD,In Person,https://programsandcourses.anu.edu.au/2025/course/COMP3740
COMP3740,2026,Individual Project,6,6,S1|S2,,,UGRD,In Person,https://programsandcourses.anu.edu.au/2026/course/COMP3740
COMP3740,2027,Individual Project,6,6,S1|S2,,,UGRD,In Person,https://programsandcourses.anu.edu.au/2027/course/COMP3740
COMP3770,2017,Individual Research Project,6,6,UNKNOWN,COMP2550,,UGRD,In Person,https://programsandcourses.anu.edu.au/2017/course/COMP3770
COMP3770,2018,Individual Research Project,6,6,S1|S2,COMP2550,,UGRD,In Person,https://programsandcourses.anu.edu.au/2018/course/COMP3770
COMP3770,2019,Individual Research Project,6,6,S1|S2,COMP2550,,UGRD,In Person,https://programsandcourses.anu.edu.au/2019/course/COMP3770
COMP3770,2020,Individual Research Project,6,6,S1|S2,COMP2550,,UGRD,In Person,https://programsandcourses.anu.edu.au/2020/course/COMP3770
COMP3770,2021,Individual Research Project,6,6,S1|S2,COMP2550,,UGRD,In Person,https://programsandcourses.anu.edu.au/2021/course/COMP3770
COMP3770,2022,Individual Research Project,6,6,S1|S2,COMP2550,,UGRD,In Person,https://programsandcourses.anu.edu.au/2022/course/COMP3770
COMP3770,2023,Individual Research Project,6,6,S1|S2,COMP2550,,UGRD,In Person,https://programsandcourses.anu.edu.au/2023/course/COMP3770
COMP3770,2024,Computing Research Project (R&D),6,6,S1|S2,COMP2550,,UGRD,In Person,https://programsandcourses.anu.edu.au/2024/course/COMP3770
COMP3770,2025,Computing Research Project (R&D),6,6,S1|S2,COMP2550,,UGRD,In Person,https://programsandcourses.anu.edu.au/2025/course/COMP3770
COMP3770,2026,Computing Research Project (R&D),6,6,S1|S2,COMP2550,,UGRD,In Person,https://programsandcourses.anu.edu.au/2026/course/COMP3770
COMP3770,2027,Computing Research Project (R&D),6,6,S1|S2,COMP2550,,UGRD,In Person,https://programsandcourses.anu.edu.au/2027/course/COMP3770
COMP3820,2014,Software Engineering Internship,24,24,S2,,,UGRD,In Person,https://programsandcourses.anu.edu.au/2014/course/COMP3820
COMP3820,2015,Software Engineering Internship,24,24,S2,,,UGRD,In Person,https://programsandcourses.anu.edu.au/2015/course/COMP3820
COMP3820,2016,Software Engineering Internship,24,24,S2,,,UGRD,In Person,https://programsandcourses.anu.edu.au/2016/course/COMP3820
COMP3820,2017,Computer Science & Software Engineering Internship,6,24,S1|S2|SUMMER|WINTER|AUTUMN|SPRING,,,UGRD,In Person,https://programsandcourses.anu.edu.au/2017/course/COMP3820
COMP3820,2018,Computer Science & Software Engineering Internship,6,24,S1|S2|SUMMER|WINTER|AUTUMN|SPRING,,,UGRD,In Person,https://programsandcourses.anu.edu.au/2018/course/COMP3820
COMP3820,2019,Computer Science & Software Engineering Internship,6,24,S1|S2|SPRING,,,UGRD,In Person,https://programsandcourses.anu.edu.au/2019/course/COMP3820
COMP3820,2020,Computing Internship,12,12,S1|S2,,,UGRD,In Person,https://programsandcourses.anu.edu.au/2020/course/COMP3820
COMP3820,2021,Computing Internship,12,12,S2,COMP2100|COMP2120,,UGRD,In Person,https://programsandcourses.anu.edu.au/2021/course/COMP3820
COMP3820,2022,Computing Internship,12,12,S1|S2,COMP2100|COMP2120,,UGRD,In Person,https://programsandcourses.anu.edu.au/2022/course/COMP3820
COMP3820,2023,Computing Internship,12,12,S1|S2,COMP2100|COMP2120,,UGRD,In Person,https://programsandcourses.anu.edu.au/2023/course/COMP3820
COMP3820,2026,Computing Internship,12,12,UNKNOWN,COMP2100|COMP2120|COMP3500,,UGRD,In Person,https://programsandcourses.anu.edu.au/2026/course/COMP3820
COMP3820,2027,Computing Internship,12,12,UNKNOWN,COMP2100|COMP2120|COMP3500,,UGRD,In Person,https://programsandcourses.anu.edu.au/2027/course/COMP3820
COMP3900,2014,Human Computer Interface Design and Evaluation,6,6,S2,COMP1110|COMP1140|COMP1510,,UGRD,In Person,https://programsandcourses.anu.edu.au/2014/course/COMP3900
COMP3900,2015,Human Computer Interface Design and Evaluation,6,6,S2,COMP1110|COMP1140|COMP1510,,UGRD,In Person,https://programsandcourses.anu.edu.au/2015/course/COMP3900
COMP3900,2016,Human Computer Interface Design and Evaluation,6,6,S2,COMP1110|COMP1140|COMP1510,,UGRD,In Person,https://programsandcourses.anu.edu.au/2016/course/COMP3900
COMP3900,2017,Human Computer Interface Design and Evaluation,6,6,S2,COMP1110|COMP1140|COMP1510,COMP6390,UGRD,In Person,https://programsandcourses.anu.edu.au/2017/course/COMP3900
COMP3900,2018,Human Computer Interface Design and Evaluation,6,6,S2,COMP1110|COMP1140|COMP1510,COMP6390,UGRD,In Person,https://programsandcourses.anu.edu.au/2018/course/COMP3900
COMP3900,2019,Human Computer Interface Design and Evaluation,6,6,S2,COMP1110|COMP1140|COMP1510,COMP6390,UGRD,In Person,https://programsandcourses.anu.edu.au/2019/course/COMP3900
COMP3900,2020,Human Computer Interface Design and Evaluation,6,6,S2,COMP1110|COMP1140|COMP1510,COMP6390,UGRD,In Person,https://programsandcourses.anu.edu.au/2020/course/COMP3900
COMP3900,2021,Human-Computer Interaction,6,6,S2,,COMP6390,UGRD,In Person,https://programsandcourses.anu.edu.au/2021/course/COMP3900
COMP3900,2022,Human-Computer Interaction,6,6,S2,,COMP6390,UGRD,In Person,https://programsandcourses.anu.edu.au/2022/course/COMP3900
COMP3900,2023,Human-Computer Interaction,6,6,S2,,COMP6390,UGRD,In Person,https://programsandcourses.anu.edu.au/2023/course/COMP3900
COMP3900,2024,Human-Computer Interaction,6,6,S2,,COMP6390,UGRD,In Person,https://programsandcourses.anu.edu.au/2024/course/COMP3900
COMP3900,2025,Human-Computer Interaction,6,6,S2,,COMP6390,UGRD,In Person,https://programsandcourses.anu.edu.au/2025/course/COMP3900
COMP3900,2026,Human-Computer Interaction,6,6,S2,,COMP6390,UGRD,In Person,https://programsandcourses.anu.edu.au/2026/course/COMP3900
COMP3900,2027,Human-Computer Interaction,6,6,S2,,COMP6390,UGRD,In Person,https://programsandcourses.anu.edu.au/2027/course/COMP3900
COMP4011,2024,Advanced Topics in Formal Methods and Programming Languages,6,6,S2,,,UGRD,In Person,https://programsandcourses.anu.edu.au/2024/course/COMP4011
COMP4011,2025,Advanced Topics in Formal Methods and Programming Languages,6,6,S1|S2,,,UGRD,In Person,https://programsandcourses.anu.edu.au/2025/course/COMP4011
COMP4011,2026,Advanced Topics in Formal Methods and Programming Languages,6,6,S2,,,UGRD,In Person,https://programsandcourses.anu.edu.au/2026/course/COMP4011
COMP4011,2027,Advanced Topics in Formal Methods and Programming Languages,6,6,S2,,,UGRD,In Person,https://programsandcourses.anu.edu.au/2027/course/COMP4011
COMP4020,2026,Advanced Topics in Human-Centred and Creative Computing,6,6,S2,COMP3900,,UGRD,In Person,https://programsandcourses.anu.edu.au/2026/course/COMP4020
COMP4020,2027,Advanced Topics in Human-Centred and Creative Computing,6,6,S2,COMP3900,,UGRD,In Person,https://programsandcourses.anu.edu.au/2027/course/COMP4020
COMP4045,2024,Advanced Topics in Computer Systems,6,6,UNKNOWN,,,UGRD,In Person,https://programsandcourses.anu.edu.au/2024/course/COMP4045
COMP4045,2025,Advanced Topics in Computer Systems,6,6,UNKNOWN,,,UGRD,In Person,https://programsandcourses.anu.edu.au/2025/course/COMP4045
COMP4045,2026,Advanced Topics in Computer Systems,6,6,S2,,,UGRD,In Person,https://programsandcourses.anu.edu.au/2026/course/COMP4045
COMP4045,2027,Advanced Topics in Computer Systems,6,6,UNKNOWN,,,UGRD,In Person,https://programsandcourses.anu.edu.au/2027/course/COMP4045
COMP4130,2014,Managing Software Quality and Process,6,6,S1,COMP3120|COMP2600|COMP3100|COMP3500,,UGRD,In Person,https://programsandcourses.anu.edu.au/2014/course/COMP4130
COMP4130,2015,Managing Software Quality and Process,6,6,S1,COMP3120|COMP2600|COMP3100|COMP3500,,UGRD,In Person,https://programsandcourses.anu.edu.au/2015/course/COMP4130
COMP4130,2016,Managing Software Quality and Process,6,6,S1,COMP3120|COMP2600|COMP3100|COMP3500,,UGRD,In Person,https://programsandcourses.anu.edu.au/2016/course/COMP4130
COMP4130,2017,Managing Software Quality and Process,6,6,S1,COMP3120|COMP2600|COMP3100|COMP3500,,UGRD,In Person,https://programsandcourses.anu.edu.au/2017/course/COMP4130
COMP4130,2018,Managing Software Quality and Process,6,6,S1,COMP3120|COMP2600|COMP3100|COMP3500,,UGRD,In Person,https://programsandcourses.anu.edu.au/2018/course/COMP4130
COMP4130,2019,Managing Software Quality and Process,6,6,S1,COMP3120|COMP1600|COMP3100|COMP3500,,UGRD,In Person,https://programsandcourses.anu.edu.au/2019/course/COMP4130
COMP4130,2020,Managing Software Quality and Process,6,6,S1,COMP3120|COMP1600|COMP3100|COMP3500,,UGRD,In Person,https://programsandcourses.anu.edu.au/2020/course/COMP4130
COMP4130,2021,Managing Software Quality and Process,6,6,S1,COMP3120|COMP1600|COMP3100|COMP3500,,UGRD,In Person,https://programsandcourses.anu.edu.au/2021/course/COMP4130
COMP4130,2022,Managing Software Quality and Process,6,6,S1,COMP1600|COMP3120|ENGN3300|COMP3100|COMP3500,,UGRD,In Person,https://programsandcourses.anu.edu.au/2022/course/COMP4130
COMP4130,2023,Managing Software Quality and Process,6,6,S1,COMP1600|COMP3120|ENGN3300|COMP3100|COMP3500,,UGRD,In Person,https://programsandcourses.anu.edu.au/2023/course/COMP4130
COMP4130,2024,Managing Software Quality and Process,6,6,S1,COMP1600|COMP3120|ENGN3300|COMP3100|COMP3500,,UGRD,In Person,https://programsandcourses.anu.edu.au/2024/course/COMP4130
COMP4130,2025,Managing Software Quality and Process,6,6,S1,COMP2120,COMP8131,UGRD,In Person,https://programsandcourses.anu.edu.au/2025/course/COMP4130
COMP4130,2026,Managing Software Quality and Process,6,6,S1,COMP2120,COMP8131,UGRD,In Person,https://programsandcourses.anu.edu.au/2026/course/COMP4130
COMP4130,2027,Managing Software Quality and Process,6,6,S1,COMP2120,COMP8131,UGRD,In Person,https://programsandcourses.anu.edu.au/2027/course/COMP4130
COMP4300,2014,Parallel Systems,6,6,UNKNOWN,COMP2310|COMP2600,,UGRD,In Person,https://programsandcourses.anu.edu.au/2014/course/COMP4300
COMP4300,2015,Parallel Systems,6,6,S1,COMP2310|COMP2600|COMP8300,,UGRD,In Person,https://programsandcourses.anu.edu.au/2015/course/COMP4300
COMP4300,2016,Parallel Systems,6,6,UNKNOWN,COMP2310|COMP2600|COMP8300,,UGRD,In Person,https://programsandcourses.anu.edu.au/2016/course/COMP4300
COMP4300,2017,Parallel Systems,6,6,S1,COMP2310|COMP2600|COMP8300,,UGRD,In Person,https://programsandcourses.anu.edu.au/2017/course/COMP4300
COMP4300,2018,Parallel Systems,6,6,UNKNOWN,COMP2310|COMP2600|COMP8300,,UGRD,In Person,https://programsandcourses.anu.edu.au/2018/course/COMP4300
COMP4300,2019,Parallel Systems,6,6,UNKNOWN,COMP2310|COMP2600|COMP8300,,UGRD,In Person,https://programsandcourses.anu.edu.au/2019/course/COMP4300
COMP4300,2020,Parallel Systems,6,6,S1,COMP2310|COMP2600|COMP8300,,UGRD,In Person,https://programsandcourses.anu.edu.au/2020/course/COMP4300
COMP4300,2021,Parallel Systems,6,6,S1,COMP2310,COMP8300,UGRD,In Person,https://programsandcourses.anu.edu.au/2021/course/COMP4300
COMP4300,2022,Parallel Systems,6,6,S1,COMP2310,COMP8300,UGRD,In Person,https://programsandcourses.anu.edu.au/2022/course/COMP4300
COMP4300,2023,Parallel Systems,6,6,S1,COMP2310,COMP8300,UGRD,In Person,https://programsandcourses.anu.edu.au/2023/course/COMP4300
COMP4300,2024,Parallel Systems,6,6,S1,COMP2310,COMP8300,UGRD,In Person,https://programsandcourses.anu.edu.au/2024/course/COMP4300
COMP4300,2025,Parallel Systems,6,6,S1,COMP2310,COMP8300,UGRD,In Person,https://programsandcourses.anu.edu.au/2025/course/COMP4300
COMP4300,2026,Parallel Systems,6,6,UNKNOWN,COMP2310,COMP8300,UGRD,In Person,https://programsandcourses.anu.edu.au/2026/course/COMP4300
COMP4300,2027,Parallel Systems,6,6,S1,COMP2310,COMP8300,UGRD,In Person,https://programsandcourses.anu.edu.au/2027/course/COMP4300
COMP4350,2023,Sound and Music Computing,6,6,S1,COMP1720,COMP8350,UGRD,In Person,https://programsandcourses.anu.edu.au/2023/course/COMP4350
COMP4350,2024,Sound and Music Computing,6,6,UNKNOWN,COMP1720,COMP8350,UGRD,In Person,https://programsandcourses.anu.edu.au/2024/course/COMP4350
COMP4350,2025,Sound and Music Computing,6,6,S1,COMP1720,COMP8350,UGRD,In Person,https://programsandcourses.anu.edu.au/2025/course/COMP4350
COMP4350,2026,Sound and Music Computing,6,6,UNKNOWN,COMP1720,COMP8350,UGRD,In Person,https://programsandcourses.anu.edu.au/2026/course/COMP4350
COMP4350,2027,Sound and Music Computing,6,6,S1,COMP1720,COMP8350,UGRD,In Person,https://programsandcourses.anu.edu.au/2027/course/COMP4350
COMP4425,2026,Data Mining,6,6,UNKNOWN,COMP1100|COMP1130|COMP1730|COMP2400,COMP3425|COMP8400|COMP8410|COMP8910,UGRD,In Person,https://programsandcourses.anu.edu.au/2026/course/COMP4425
COMP4425,2027,Data Mining,6,6,S1,COMP1100|COMP1130|COMP1730|COMP2400,COMP3425|COMP8400|COMP8410|COMP8910,UGRD,In Person,https://programsandcourses.anu.edu.au/2027/course/COMP4425
COMP4450,2016,Advanced Computing Research Methods,6,6,S1,,,UGRD,In Person,https://programsandcourses.anu.edu.au/2016/course/COMP4450
COMP4450,2017,Advanced Computing Research Methods,6,6,S1,,,UGRD,In Person,https://programsandcourses.anu.edu.au/2017/course/COMP4450
COMP4450,2018,Advanced Computing Research Methods,6,6,S1,,,UGRD,In Person,https://programsandcourses.anu.edu.au/2018/course/COMP4450
COMP4450,2019,Advanced Computing Research Methods,6,6,S1,,,UGRD,In Person,https://programsandcourses.anu.edu.au/2019/course/COMP4450
COMP4450,2020,Advanced Computing Research Methods,6,6,S1,,,UGRD,In Person,https://programsandcourses.anu.edu.au/2020/course/COMP4450
COMP4450,2021,Advanced Computing Research Methods,6,6,S1,,,UGRD,In Person,https://programsandcourses.anu.edu.au/2021/course/COMP4450
COMP4450,2022,Advanced Computing Research Methods,6,6,S1,,,UGRD,In Person,https://programsandcourses.anu.edu.au/2022/course/COMP4450
COMP4450,2023,Advanced Computing Research Methods,6,6,S1,,,UGRD,In Person,https://programsandcourses.anu.edu.au/2023/course/COMP4450
COMP4450,2024,Computing Research Methods,6,6,S1,COMP1100|COMP1130|COMP1730,COMP2550|COMP6445,UGRD,In Person,https://programsandcourses.anu.edu.au/2024/course/COMP4450
COMP4450,2025,Computing Research Methods,6,6,S1,COMP1100|COMP1130|COMP1730,COMP2550|COMP6445,UGRD,In Person,https://programsandcourses.anu.edu.au/2025/course/COMP4450
COMP4450,2026,Computing Research Methods,6,6,S1,,COMP2550|COMP6445,UGRD,In Person,https://programsandcourses.anu.edu.au/2026/course/COMP4450
COMP4450,2027,Computing Research Methods,6,6,S1,,COMP2550|COMP6445,UGRD,In Person,https://programsandcourses.anu.edu.au/2027/course/COMP4450
COMP4500,2014,Software Engineering Practice,6,6,S1|S2,COMP2130|COMP3120|COMP3500|COMP4540,,UGRD,In Person,https://programsandcourses.anu.edu.au/2014/course/COMP4500
COMP4500,2015,Software Engineering Practice,6,6,S1|S2,COMP2130|COMP3120|COMP3500|COMP4540,,UGRD,In Person,https://programsandcourses.anu.edu.au/2015/course/COMP4500
COMP4500,2016,Software Engineering Practice,6,6,S1|S2,COMP2130|COMP3120|COMP3500|COMP4540,,UGRD,In Person,https://programsandcourses.anu.edu.au/2016/course/COMP4500
COMP4500,2017,Software Engineering Practice,6,6,S1|S2,COMP2130|COMP3120|COMP3500|COMP4540,,UGRD,In Person,https://programsandcourses.anu.edu.au/2017/course/COMP4500
COMP4500,2018,Software Engineering Practice,6,6,S1|S2,COMP2130|COMP3120|COMP3500|COMP4540,,UGRD,In Person,https://programsandcourses.anu.edu.au/2018/course/COMP4500
COMP4500,2019,Software Engineering Practice,6,6,S1|S2,COMP2130|COMP3120|COMP3500|COMP4540,,UGRD,In Person,https://programsandcourses.anu.edu.au/2019/course/COMP4500
COMP4500,2020,Software Engineering Practice,6,6,S1|S2,COMP2120|COMP3120|COMP3500,COMP4540,UGRD,In Person,https://programsandcourses.anu.edu.au/2020/course/COMP4500
COMP4500,2021,Software Engineering Practice,6,6,S1|S2,COMP2120|COMP3120|COMP3500,COMP4540,UGRD,In Person,https://programsandcourses.anu.edu.au/2021/course/COMP4500
COMP4500,2022,Software Engineering Practice,6,6,S1|S2,COMP2120|COMP3120|COMP3500,COMP4540,UGRD,In Person,https://programsandcourses.anu.edu.au/2022/course/COMP4500
COMP4500,2023,Software Engineering Practice,6,6,S1|S2,COMP2120|COMP3120|COMP3500,COMP4540,UGRD,In Person,https://programsandcourses.anu.edu.au/2023/course/COMP4500
COMP4500,2024,Software Engineering Team Project,6,6,S1|S2,COMP2120|COMP3120|COMP3500,COMP4540|COMP4810|COMP4550,UGRD,In Person,https://programsandcourses.anu.edu.au/2024/course/COMP4500
COMP4500,2025,Software Engineering Team Project,6,6,S1|S2,COMP2120|COMP3500,COMP4540|COMP4550|COMP4810|COMP4820,UGRD,In Person,https://programsandcourses.anu.edu.au/2025/course/COMP4500
COMP4500,2026,Software Engineering Team Project,6,6,S1|S2,COMP2120|COMP3500,COMP4540|COMP4550|COMP4810|COMP4820,UGRD,In Person,https://programsandcourses.anu.edu.au/2026/course/COMP4500
COMP4500,2027,Software Engineering Team Project,6,6,S1|S2,COMP2120|COMP3500,COMP4540|COMP4550|COMP4810|COMP4820,UGRD,In Person,https://programsandcourses.anu.edu.au/2027/course/COMP4500
COMP4528,2022,Computer Vision,6,6,S1,ENGN2228|COMP2120|COMP3600|COMP3670,ENGN6528,UGRD,In Person,https://programsandcourses.anu.edu.au/2022/course/COMP4528
COMP4528,2023,Computer Vision,6,6,S1,ENGN2228|COMP2120|COMP3600|COMP3670,ENGN6528,UGRD,In Person,https://programsandcourses.anu.edu.au/2023/course/COMP4528
COMP4528,2024,Computer Vision,6,6,S1,ENGN2228|COMP2120|COMP3600|COMP3670,ENGN6528|ENGN4528,UGRD,In Person,https://programsandcourses.anu.edu.au/2024/course/COMP4528
COMP4528,2025,Computer Vision,6,6,S1,ENGN2228|COMP2120|COMP3600|COMP3670,ENGN6528|ENGN4528,UGRD,In Person,https://programsandcourses.anu.edu.au/2025/course/COMP4528
COMP4528,2026,Computer Vision,6,6,S1,ENGN2228|COMP2120|COMP3600|COMP3670,ENGN6528|ENGN4528,UGRD,In Person,https://programsandcourses.anu.edu.au/2026/course/COMP4528
COMP4528,2027,Computer Vision,6,6,S1,ENGN2228|COMP2120|COMP3600|COMP3670,ENGN6528|ENGN4528,UGRD,In Person,https://programsandcourses.anu.edu.au/2027/course/COMP4528
COMP4550,2014,Advanced Computing Research Project,24,24,S1|S2,,,UGRD,In Person,https://programsandcourses.anu.edu.au/2014/course/COMP4550
COMP4550,2015,Advanced Computing Research Project,12,12,S1|S2,,,UGRD,In Person,https://programsandcourses.anu.edu.au/2015/course/COMP4550
COMP4550,2016,Advanced Computing Research Project,12,12,S1|S2,,,UGRD,In Person,https://programsandcourses.anu.edu.au/2016/course/COMP4550
COMP4550,2017,Advanced Computing Research Project,12,12,S1|S2,,,UGRD,In Person,https://programsandcourses.anu.edu.au/2017/course/COMP4550
COMP4550,2018,Advanced Computing Research Project,12,12,S1|S2,,,UGRD,In Person,https://programsandcourses.anu.edu.au/2018/course/COMP4550
COMP4550,2019,Advanced Computing Research Project,12,12,S1|S2,,,UGRD,In Person,https://programsandcourses.anu.edu.au/2019/course/COMP4550
COMP4550,2020,Advanced Computing Research Project,12,12,S1|S2,,,UGRD,In Person,https://programsandcourses.anu.edu.au/2020/course/COMP4550
COMP4550,2021,Advanced Computing Research Project,12,12,S1|S2,,,UGRD,In Person,https://programsandcourses.anu.edu.au/2021/course/COMP4550
COMP4550,2022,Advanced Computing Research Project,12,12,S1|S2,,,UGRD,In Person,https://programsandcourses.anu.edu.au/2022/course/COMP4550
COMP4550,2023,Advanced Computing Research Project,12,12,S1|S2,,,UGRD,In Person,https://programsandcourses.anu.edu.au/2023/course/COMP4550
COMP4550,2024,Computing Research Project,12,12,S1|S2,COMP4450,,UGRD,In Person,https://programsandcourses.anu.edu.au/2024/course/COMP4550
COMP4550,2025,Computing Research Project,12,12,S1|S2,COMP4450,COMP4500|COMP4560|COMP4810|COMP4820,UGRD,In Person,https://programsandcourses.anu.edu.au/2025/course/COMP4550
COMP4550,2026,Computing Research Project,12,12,S1|S2,COMP4450,COMP4500|COMP4560|COMP4810|COMP4820,UGRD,In Person,https://programsandcourses.anu.edu.au/2026/course/COMP4550
COMP4550,2027,Computing Research Project,12,12,S1|S2,COMP4450,COMP4500|COMP4560|COMP4810|COMP4820,UGRD,In Person,https://programsandcourses.anu.edu.au/2027/course/COMP4550
COMP4600,2014,Advanced Algorithms,6,6,S2,COMP3600,,UGRD,In Person,https://programsandcourses.anu.edu.au/2014/course/COMP4600
COMP4600,2015,Advanced Algorithms,6,6,UNKNOWN,COMP3600,,UGRD,In Person,https://programsandcourses.anu.edu.au/2015/course/COMP4600
COMP4600,2016,Advanced Algorithms,6,6,S2,COMP3600,,UGRD,In Person,https://programsandcourses.anu.edu.au/2016/course/COMP4600
COMP4600,2017,Advanced Algorithms,6,6,UNKNOWN,COMP3600,COMP8460,UGRD,In Person,https://programsandcourses.anu.edu.au/2017/course/COMP4600
COMP4600,2018,Advanced Algorithms,6,6,S2,COMP3600,COMP8460,UGRD,In Person,https://programsandcourses.anu.edu.au/2018/course/COMP4600
COMP4600,2019,Advanced Algorithms,6,6,UNKNOWN,COMP3600,COMP8460,UGRD,In Person,https://programsandcourses.anu.edu.au/2019/course/COMP4600
COMP4600,2020,Advanced Algorithms,6,6,S2,COMP3600,COMP8460,UGRD,In Person,https://programsandcourses.anu.edu.au/2020/course/COMP4600
COMP4600,2021,Advanced Algorithms,6,6,UNKNOWN,COMP3600,COMP8460,UGRD,In Person,https://programsandcourses.anu.edu.au/2021/course/COMP4600
COMP4600,2022,Advanced Algorithms,6,6,S2,COMP3600,COMP8460,UGRD,In Person,https://programsandcourses.anu.edu.au/2022/course/COMP4600
COMP4600,2023,Advanced Algorithms,6,6,UNKNOWN,COMP3600,COMP8460,UGRD,In Person,https://programsandcourses.anu.edu.au/2023/course/COMP4600
COMP4600,2024,Advanced Algorithms,6,6,S1,COMP3600,COMP8460,UGRD,In Person,https://programsandcourses.anu.edu.au/2024/course/COMP4600
COMP4600,2025,Advanced Algorithms,6,6,UNKNOWN,COMP3600,COMP8460,UGRD,In Person,https://programsandcourses.anu.edu.au/2025/course/COMP4600
COMP4600,2026,Advanced Algorithms,6,6,S1,COMP3600,COMP8460,UGRD,In Person,https://programsandcourses.anu.edu.au/2026/course/COMP4600
COMP4600,2027,Advanced Algorithms,6,6,UNKNOWN,COMP3600,COMP8460,UGRD,In Person,https://programsandcourses.anu.edu.au/2027/course/COMP4600
COMP4610,2014,Computer Graphics,6,6,UNKNOWN,,,UGRD,In Person,https://programsandcourses.anu.edu.au/2014/course/COMP4610
COMP4610,2015,Computer Graphics,6,6,S2,COMP6461,,UGRD,In Person,https://programsandcourses.anu.edu.au/2015/course/COMP4610
COMP4610,2016,Computer Graphics,6,6,UNKNOWN,COMP6461,,UGRD,In Person,https://programsandcourses.anu.edu.au/2016/course/COMP4610
COMP4610,2017,Computer Graphics,6,6,S2,COMP6461,,UGRD,In Person,https://programsandcourses.anu.edu.au/2017/course/COMP4610
COMP4610,2018,Computer Graphics,6,6,UNKNOWN,COMP6461,,UGRD,In Person,https://programsandcourses.anu.edu.au/2018/course/COMP4610
COMP4610,2019,Computer Graphics,6,6,S2,COMP6461,,UGRD,In Person,https://programsandcourses.anu.edu.au/2019/course/COMP4610
COMP4610,2020,Computer Graphics,6,6,S2,COMP6461,,UGRD,In Person,https://programsandcourses.anu.edu.au/2020/course/COMP4610
COMP4610,2021,Computer Graphics,6,6,UNKNOWN,COMP6461,,UGRD,In Person,https://programsandcourses.anu.edu.au/2021/course/COMP4610
COMP4610,2022,Computer Graphics,6,6,S2,COMP6461,,UGRD,In Person,https://programsandcourses.anu.edu.au/2022/course/COMP4610
COMP4610,2023,Computer Graphics,6,6,S2,COMP6461,,UGRD,In Person,https://programsandcourses.anu.edu.au/2023/course/COMP4610
COMP4610,2024,Computer Graphics,6,6,S1,COMP6461,,UGRD,In Person,https://programsandcourses.anu.edu.au/2024/course/COMP4610
COMP4610,2025,Computer Graphics,6,6,S1,COMP2100|COMP3600|COMP3540|COMP3900|COMP3320|COMP6461|COMP8610,,UGRD,In Person,https://programsandcourses.anu.edu.au/2025/course/COMP4610
COMP4610,2026,Computer Graphics,6,6,S1,COMP2100|COMP3600|COMP3540|COMP3900|COMP3320|COMP6461|COMP8610,,UGRD,In Person,https://programsandcourses.anu.edu.au/2026/course/COMP4610
COMP4610,2027,Computer Graphics,6,6,S1,COMP2100|COMP3600|COMP3540|COMP3900|COMP3320|COMP6461|COMP8610,,UGRD,In Person,https://programsandcourses.anu.edu.au/2027/course/COMP4610
COMP4620,2014,Advanced Topics in Artificial Intelligence,6,6,UNKNOWN,COMP3620,,UGRD,In Person,https://programsandcourses.anu.edu.au/2014/course/COMP4620
COMP4620,2015,Advanced Topics in Artificial Intelligence,6,6,S2,COMP3620,,UGRD,In Person,https://programsandcourses.anu.edu.au/2015/course/COMP4620
COMP4620,2016,Advanced Topics in Artificial Intelligence,6,6,UNKNOWN,COMP3620,,UGRD,In Person,https://programsandcourses.anu.edu.au/2016/course/COMP4620
COMP4620,2017,Advanced Topics in Artificial Intelligence,6,6,S2,COMP3620,COMP8620,UGRD,In Person,https://programsandcourses.anu.edu.au/2017/course/COMP4620
COMP4620,2019,Advanced Topics in Artificial Intelligence,6,6,S2,COMP3620,COMP8620,UGRD,In Person,https://programsandcourses.anu.edu.au/2019/course/COMP4620
COMP4620,2020,Advanced Topics in Artificial Intelligence,6,6,S2,COMP3620,COMP8620,UGRD,In Person,https://programsandcourses.anu.edu.au/2020/course/COMP4620
COMP4620,2021,Advanced Topics in Artificial Intelligence,6,6,S2,COMP3620,COMP8620,UGRD,In Person,https://programsandcourses.anu.edu.au/2021/course/COMP4620
COMP4620,2022,Advanced Topics in Artificial Intelligence,6,6,S2,COMP3620,COMP8620,UGRD,In Person,https://programsandcourses.anu.edu.au/2022/course/COMP4620
COMP4620,2023,Advanced Topics in Artificial Intelligence,6,6,S2,COMP3620,COMP8620,UGRD,In Person,https://programsandcourses.anu.edu.au/2023/course/COMP4620
COMP4620,2024,Advanced Topics in Artificial Intelligence,6,6,S2,COMP3620,COMP8620,UGRD,In Person,https://programsandcourses.anu.edu.au/2024/course/COMP4620
COMP4620,2025,Advanced Topics in Artificial Intelligence,6,6,S2,COMP3620,COMP8620,UGRD,In Person,https://programsandcourses.anu.edu.au/2025/course/COMP4620
COMP4620,2026,Advanced Topics in Artificial Intelligence,6,6,S2,,COMP8620,UGRD,In Person,https://programsandcourses.anu.edu.au/2026/course/COMP4620
COMP4620,2027,Advanced Topics in Artificial Intelligence,6,6,S2,,COMP8620,UGRD,In Person,https://programsandcourses.anu.edu.au/2027/course/COMP4620
COMP4650,2014,Document Analysis,6,6,S2,COMP3410|COMP3420|COMP2600,,UGRD,In Person,https://programsandcourses.anu.edu.au/2014/course/COMP4650
COMP4650,2015,Document Analysis,6,6,S2,COMP3410|COMP3420|COMP2600,COMP6490,UGRD,In Person,https://programsandcourses.anu.edu.au/2015/course/COMP4650
COMP4650,2016,Document Analysis,6,6,S2,COMP3410|COMP3420|COMP2600,COMP6490,UGRD,In Person,https://programsandcourses.anu.edu.au/2016/course/COMP4650
COMP4650,2017,Document Analysis,6,6,S2,COMP2600|COMP1600|COMP1100|COMP1110|COMP1730|COMP2100,COMP6490,UGRD,In Person,https://programsandcourses.anu.edu.au/2017/course/COMP4650
COMP4650,2018,Document Analysis,6,6,S2,COMP2600|COMP1600|COMP1100|COMP1110|COMP1730|COMP2100,COMP6490,UGRD,In Person,https://programsandcourses.anu.edu.au/2018/course/COMP4650
COMP4650,2019,Document Analysis,6,6,S2,COMP2600|COMP1600|COMP1100|COMP1110|COMP1730|COMP2100,COMP6490,UGRD,In Person,https://programsandcourses.anu.edu.au/2019/course/COMP4650
COMP4650,2020,Document Analysis,6,6,S2,COMP2600|COMP1600|COMP1100|COMP1110|COMP1730|COMP2100,COMP6490,UGRD,In Person,https://programsandcourses.anu.edu.au/2020/course/COMP4650
COMP4650,2022,Document Analysis,6,6,S2,COMP2600|COMP1600|COMP1100|COMP1110|COMP1730|COMP2100,COMP6490,UGRD,In Person,https://programsandcourses.anu.edu.au/2022/course/COMP4650
COMP4650,2023,Document Analysis,6,6,S2,COMP2600|COMP1600|COMP1100|COMP1110|COMP1730|COMP2100,COMP6490,UGRD,In Person,https://programsandcourses.anu.edu.au/2023/course/COMP4650
COMP4650,2024,Document Analysis,6,6,S2,COMP2600|COMP1600|COMP1100|COMP1110|COMP1730|COMP2100,COMP6490,UGRD,In Person,https://programsandcourses.anu.edu.au/2024/course/COMP4650
COMP4650,2025,Document Analysis,6,6,S2,COMP1600|COMP2100,COMP6490,UGRD,In Person,https://programsandcourses.anu.edu.au/2025/course/COMP4650
COMP4650,2026,Document Analysis,6,6,S2,COMP1600|COMP2100,COMP6490,UGRD,In Person,https://programsandcourses.anu.edu.au/2026/course/COMP4650
COMP4650,2027,Document Analysis,6,6,S2,COMP1600|COMP2100,COMP6490,UGRD,In Person,https://programsandcourses.anu.edu.au/2027/course/COMP4650
COMP4670,2014,Introduction to Statistical Machine Learning,6,6,S1,COMP1100|COMP1130|COMP1730,,UGRD,In Person,https://programsandcourses.anu.edu.au/2014/course/COMP4670
COMP4670,2015,Introduction to Statistical Machine Learning,6,6,S1,COMP1100|COMP1130|COMP1730|COMP8600,,UGRD,In Person,https://programsandcourses.anu.edu.au/2015/course/COMP4670
COMP4670,2016,Introduction to Statistical Machine Learning,6,6,S1,COMP1100|COMP1130|COMP1730|COMP8600,,UGRD,In Person,https://programsandcourses.anu.edu.au/2016/course/COMP4670
COMP4670,2017,Introduction to Statistical Machine Learning,6,6,S1,COMP1100|COMP1130|COMP1730|COMP8600,,UGRD,In Person,https://programsandcourses.anu.edu.au/2017/course/COMP4670
COMP4670,2018,Introduction to Statistical Machine Learning,6,6,S1,COMP1100|COMP1130|COMP1730|COMP8600,,UGRD,In Person,https://programsandcourses.anu.edu.au/2018/course/COMP4670
COMP4670,2019,Statistical Machine Learning,6,6,S1,COMP3670|COMP1110|COMP1140|MATH1014|MATH1115,COMP8600,UGRD,In Person,https://programsandcourses.anu.edu.au/2019/course/COMP4670
COMP4670,2020,Statistical Machine Learning,6,6,S1,COMP3670|COMP1110|COMP1140|MATH1014|MATH1115,COMP8600,UGRD,In Person,https://programsandcourses.anu.edu.au/2020/course/COMP4670
COMP4670,2021,Statistical Machine Learning,6,6,S1,COMP3670|COMP1110|COMP1140|MATH1014|MATH1115,COMP8600,UGRD,In Person,https://programsandcourses.anu.edu.au/2021/course/COMP4670
COMP4670,2022,Statistical Machine Learning,6,6,S1,COMP3670|COMP1110|COMP1140|MATH1014|MATH1115,COMP8600,UGRD,In Person,https://programsandcourses.anu.edu.au/2022/course/COMP4670
COMP4670,2023,Statistical Machine Learning,6,6,S1,COMP3670|COMP1110|COMP1140|MATH1014|MATH1115,COMP8600|COMP8960,UGRD,In Person,https://programsandcourses.anu.edu.au/2023/course/COMP4670
COMP4670,2024,Statistical Machine Learning,6,6,S1,COMP3670|COMP1110|COMP1140|MATH1014|MATH1115|MATH1116,COMP8600|COMP8960,UGRD,In Person,https://programsandcourses.anu.edu.au/2024/course/COMP4670
COMP4670,2025,Statistical Machine Learning,6,6,S1,COMP3670|COMP1110|COMP1140|MATH1014|MATH1115|MATH1116,COMP8600|COMP8960,UGRD,In Person,https://programsandcourses.anu.edu.au/2025/course/COMP4670
COMP4670,2027,Statistical Machine Learning,6,6,S1,COMP3670|COMP1110|COMP1140|MATH1014|MATH1115|MATH1116,COMP8600|COMP8960,UGRD,In Person,https://programsandcourses.anu.edu.au/2027/course/COMP4670
COMP4680,2014,Advanced Topics in Statistical Machine Learning,6,6,S2,COMP4670,,UGRD,In Person,https://programsandcourses.anu.edu.au/2014/course/COMP4680
COMP4680,2015,Advanced Topics in Statistical Machine Learning,6,6,UNKNOWN,COMP4670,,UGRD,In Person,https://programsandcourses.anu.edu.au/2015/course/COMP4680
COMP4680,2016,Advanced Topics in Statistical Machine Learning,6,6,S2,COMP4670,,UGRD,In Person,https://programsandcourses.anu.edu.au/2016/course/COMP4680
COMP4680,2017,Advanced Topics in Statistical Machine Learning,6,6,UNKNOWN,COMP4670,COMP8650,UGRD,In Person,https://programsandcourses.anu.edu.au/2017/course/COMP4680
COMP4680,2018,Advanced Topics in Statistical Machine Learning,6,6,S2,COMP4670,COMP8650,UGRD,In Person,https://programsandcourses.anu.edu.au/2018/course/COMP4680
COMP4680,2019,Advanced Topics in Machine Learning,6,6,S1,COMP4670,COMP8650,UGRD,In Person,https://programsandcourses.anu.edu.au/2019/course/COMP4680
COMP4680,2020,Advanced Topics in Machine Learning,6,6,S2,COMP4670,COMP8650,UGRD,In Person,https://programsandcourses.anu.edu.au/2020/course/COMP4680
COMP4680,2021,Advanced Topics in Machine Learning,6,6,S2,COMP4670,COMP8650,UGRD,In Person,https://programsandcourses.anu.edu.au/2021/course/COMP4680
COMP4680,2022,Advanced Topics in Machine Learning,6,6,S2,COMP4670,COMP8650,UGRD,In Person,https://programsandcourses.anu.edu.au/2022/course/COMP4680
COMP4680,2023,Advanced Topics in Machine Learning,6,6,S2,COMP4670,COMP8650,UGRD,In Person,https://programsandcourses.anu.edu.au/2023/course/COMP4680
COMP4680,2024,Advanced Topics in Machine Learning,6,6,S2,COMP4670,COMP8650,UGRD,In Person,https://programsandcourses.anu.edu.au/2024/course/COMP4680
COMP4680,2025,Advanced Topics in Machine Learning,6,6,S2,,COMP8650,UGRD,In Person,https://programsandcourses.anu.edu.au/2025/course/COMP4680
COMP4680,2026,Advanced Topics in Machine Learning,6,6,S1,,COMP8650,UGRD,In Person,https://programsandcourses.anu.edu.au/2026/course/COMP4680
COMP4680,2027,Advanced Topics in Machine Learning,6,6,S1,,COMP8650,UGRD,In Person,https://programsandcourses.anu.edu.au/2027/course/COMP4680
COMP4691,2019,Optimisation,6,6,S2,COMP3620|MATH1013|MATH1115,COMP8691,UGRD,In Person,https://programsandcourses.anu.edu.au/2019/course/COMP4691
COMP4691,2020,Optimisation,6,6,S2,COMP3620|MATH1013|MATH1115,COMP8691,UGRD,In Person,https://programsandcourses.anu.edu.au/2020/course/COMP4691
COMP4691,2021,Optimisation,6,6,S2,COMP3620|MATH1013|MATH1115,COMP8691,UGRD,In Person,https://programsandcourses.anu.edu.au/2021/course/COMP4691
COMP4691,2022,Optimisation,6,6,S2,COMP3620|MATH1013|MATH1115,COMP8691,UGRD,In Person,https://programsandcourses.anu.edu.au/2022/course/COMP4691
COMP4691,2023,Optimisation,6,6,S2,COMP3620|MATH1013|MATH1115,COMP8691,UGRD,In Person,https://programsandcourses.anu.edu.au/2023/course/COMP4691
COMP4691,2024,Optimisation,6,6,S2,COMP3620|MATH1013|MATH1115,COMP8691,UGRD,In Person,https://programsandcourses.anu.edu.au/2024/course/COMP4691
COMP4691,2025,Optimisation,6,6,UNKNOWN,COMP3620|MATH1013|MATH1115,COMP8691,UGRD,In Person,https://programsandcourses.anu.edu.au/2025/course/COMP4691
COMP4691,2026,Optimisation,6,6,S2,COMP3620|MATH1013|MATH1115,COMP8691,UGRD,In Person,https://programsandcourses.anu.edu.au/2026/course/COMP4691
COMP4691,2027,Optimisation,6,6,UNKNOWN,COMP3620|MATH1013|MATH1115,COMP8691,UGRD,In Person,https://programsandcourses.anu.edu.au/2027/course/COMP4691
COMP4703,2026,Vulnerability Research and Exploit Mitigation,6,6,S1,COMP2310|COMP2700,COMP2710|COMP3703|COMP8703,UGRD,In Person,https://programsandcourses.anu.edu.au/2026/course/COMP4703
COMP4703,2027,Vulnerability Research and Exploit Mitigation,6,6,S1,COMP2310|COMP2700,COMP2710|COMP3703|COMP8703,UGRD,In Person,https://programsandcourses.anu.edu.au/2027/course/COMP4703
COMP4712,2024,Compiler Construction,6,6,S1,COMP2100|COMP2310|COMP3710,,UGRD,In Person,https://programsandcourses.anu.edu.au/2024/course/COMP4712
COMP4712,2025,Compiler Construction,6,6,S1,COMP2100|COMP2310,COMP3710,UGRD,In Person,https://programsandcourses.anu.edu.au/2025/course/COMP4712
COMP4712,2026,Compiler Construction,6,6,S1,COMP2100|COMP2310,COMP3710,UGRD,In Person,https://programsandcourses.anu.edu.au/2026/course/COMP4712
COMP4712,2027,Compiler Construction,6,6,UNKNOWN,COMP2100|COMP2310,COMP3710,UGRD,In Person,https://programsandcourses.anu.edu.au/2027/course/COMP4712
COMP4820,2023,Advanced Computing Internship,12,12,S1|S2,COMP2100|COMP2120,COMP4500|COMP4550|COMP4560|COMP4810,UGRD,In Person,https://programsandcourses.anu.edu.au/2023/course/COMP4820
COMP4820,2024,Advanced Computing Internship,12,12,S1|S2,COMP2100|COMP2120,COMP4500|COMP4550|COMP4560|COMP4810,UGRD,In Person,https://programsandcourses.anu.edu.au/2024/course/COMP4820
COMP4820,2025,Advanced Computing Internship,12,12,S1|S2,COMP2100|COMP2120,COMP4500|COMP4550|COMP4560|COMP4810,UGRD,In Person,https://programsandcourses.anu.edu.au/2025/course/COMP4820
COMP4820,2026,Advanced Computing Internship,12,12,S1|S2,COMP2100,COMP4500|COMP4550|COMP4560|COMP4810,UGRD,In Person,https://programsandcourses.anu.edu.au/2026/course/COMP4820
COMP4820,2027,Advanced Computing Internship,12,12,S1|S2,COMP2100,COMP4500|COMP4550|COMP4560|COMP4810,UGRD,In Person,https://programsandcourses.anu.edu.au/2027/course/COMP4820
COMP4880,2019,Computational Methods for Network Science,6,6,S1,COMP1100|COMP1110|COMP1130|COMP1140|MATH1013|MATH1014|MATH1115|MATH1116|COMP3670,,UGRD,In Person,https://programsandcourses.anu.edu.au/2019/course/COMP4880
COMP4880,2020,Computational Methods for Network Science,6,6,UNKNOWN,COMP1100|COMP1110|COMP1130|COMP1140|MATH1013|MATH1014|MATH1115|MATH1116|COMP3670,,UGRD,In Person,https://programsandcourses.anu.edu.au/2020/course/COMP4880
COMP4880,2021,Computational Methods for Network Science,6,6,UNKNOWN,COMP1100|COMP1110|COMP1130|COMP1140|MATH1013|MATH1014|MATH1115|MATH1116|COMP3670,,UGRD,In Person,https://programsandcourses.anu.edu.au/2021/course/COMP4880
COMP4880,2022,Computational Methods for Network Science,6,6,UNKNOWN,COMP3670|COMP1110|COMP1140|MATH1014|MATH1115,COMP8880,UGRD,In Person,https://programsandcourses.anu.edu.au/2022/course/COMP4880
COMP4880,2023,Computational Methods for Network Science,6,6,UNKNOWN,COMP3670|COMP1110|COMP1140|MATH1014|MATH1115,COMP8880,UGRD,In Person,https://programsandcourses.anu.edu.au/2023/course/COMP4880
COMP4880,2024,Computational Methods for Network Science,6,6,S1,COMP3670|COMP1110|COMP1140|MATH1014|MATH1115,COMP8880,UGRD,In Person,https://programsandcourses.anu.edu.au/2024/course/COMP4880
COMP4880,2025,Computational Methods for Network Science,6,6,S1,COMP3670|COMP1110|COMP1140|MATH1014|MATH1115,COMP8880,UGRD,In Person,https://programsandcourses.anu.edu.au/2025/course/COMP4880
COMP4880,2026,Computational Methods for Network Science,6,6,UNKNOWN,COMP3670|COMP1110|COMP1140|MATH1014|MATH1115,COMP8880,UGRD,In Person,https://programsandcourses.anu.edu.au/2026/course/COMP4880
COMP4880,2027,Computational Methods for Network Science,6,6,UNKNOWN,COMP3670|COMP1110|COMP1140|MATH1014|MATH1115,COMP8880,UGRD,In Person,https://programsandcourses.anu.edu.au/2027/course/COMP4880
COMP5920,2014,Exchange Program in Computer Science,6,24,S1|S2,,,UGRD,In Person,https://programsandcourses.anu.edu.au/2014/course/COMP5920
COMP5920,2015,Exchange Program in Computer Science,6,24,S1|S2,,,UGRD,In Person,https://programsandcourses.anu.edu.au/2015/course/COMP5920
COMP5920,2016,Exchange Program in Computer Science,6,24,S1|S2,,,UGRD,In Person,https://programsandcourses.anu.edu.au/2016/course/COMP5920
COMP5920,2017,Exchange Program in Computer Science,6,24,S1|S2|WINTER|SPRING,,,UGRD,In Person,https://programsandcourses.anu.edu.au/2017/course/COMP5920
COMP5920,2018,Exchange Program in Computer Science,6,24,S1|S2|WINTER|SPRING,,,UGRD,In Person,https://programsandcourses.anu.edu.au/2018/course/COMP5920
COMP5920,2019,Exchange Program in Computer Science,6,24,S1|S2|WINTER|SPRING,,,UGRD,In Person,https://programsandcourses.anu.edu.au/2019/course/COMP5920
COMP5920,2020,Exchange Program in Computer Science,6,24,S1|S2|WINTER|SPRING,,,UGRD,In Person,https://programsandcourses.anu.edu.au/2020/course/COMP5920
COMP5920,2021,Exchange Program in Computer Science,6,24,S1|S2|WINTER|SPRING,,,UGRD,In Person,https://programsandcourses.anu.edu.au/2021/course/COMP5920
COMP5920,2022,Exchange Program in Computer Science,6,24,S1|S2|WINTER|SPRING,,,UGRD,In Person,https://programsandcourses.anu.edu.au/2022/course/COMP5920
COMP5920,2023,Exchange Program in Computer Science,6,24,S1|S2,,,UGRD,In Person,https://programsandcourses.anu.edu.au/2023/course/COMP5920
COMP5920,2024,Exchange Program in Computer Science,6,24,S1|S2,,,UGRD,In Person,https://programsandcourses.anu.edu.au/2024/course/COMP5920
COMP5920,2025,Exchange Program in Computer Science,6,24,S1|S2,,,UGRD,In Person,https://programsandcourses.anu.edu.au/2025/course/COMP5920
COMP5920,2026,Exchange Program in Computer Science,6,24,S1|S2,,,UGRD,In Person,https://programsandcourses.anu.edu.au/2026/course/COMP5920
COMP5920,2027,Exchange Program in Computer Science,6,24,S1|S2,,,UGRD,In Person,https://programsandcourses.anu.edu.au/2027/course/COMP5920
EMSC1006,2014,The Blue Planet: An Introduction to Earth System Science,6,6,S1,GEOL1006,,UGRD,In Person,https://programsandcourses.anu.edu.au/2014/course/EMSC1006
EMSC1006,2015,The Blue Planet: An Introduction to Earth System Science,6,6,S1,GEOL1006|EMSC6107,,UGRD,In Person,https://programsandcourses.anu.edu.au/2015/course/EMSC1006
EMSC1006,2016,The Blue Planet: An Introduction to Earth System Science,6,6,S1,GEOL1006|EMSC6107,,UGRD,In Person,https://programsandcourses.anu.edu.au/2016/course/EMSC1006
EMSC1006,2017,The Blue Planet: An Introduction to Earth System Science,6,6,S1,GEOL1006|EMSC6107,,UGRD,In Person,https://programsandcourses.anu.edu.au/2017/course/EMSC1006
EMSC1006,2018,The Blue Planet: An Introduction to Earth System Science,6,6,S1,GEOL1006|EMSC6107,,UGRD,In Person,https://programsandcourses.anu.edu.au/2018/course/EMSC1006
EMSC1006,2019,The Blue Planet: An Introduction to Earth System Science,6,6,S1,GEOL1006|EMSC6107,,UGRD,In Person,https://programsandcourses.anu.edu.au/2019/course/EMSC1006
EMSC1006,2020,The Blue Planet: An Introduction to Earth System Science,6,6,S1,,GEOL1006|EMSC6107,UGRD,In Person,https://programsandcourses.anu.edu.au/2020/course/EMSC1006
EMSC1006,2021,The Blue Planet: An Introduction to Earth System Science,6,6,S1,,GEOL1006|EMSC6107,UGRD,In Person,https://programsandcourses.anu.edu.au/2021/course/EMSC1006
EMSC1006,2022,The Blue Planet: An Introduction to Earth System Science,6,6,S1,,GEOL1006|EMSC6107,UGRD,In Person,https://programsandcourses.anu.edu.au/2022/course/EMSC1006
EMSC1006,2023,The Blue Planet: An Introduction to Earth System Science,6,6,S1,,GEOL1006|EMSC6107,UGRD,In Person,https://programsandcourses.anu.edu.au/2023/course/EMSC1006
EMSC1006,2024,The Blue Planet: An Introduction to Earth System Science,6,6,S1,,GEOL1006|EMSC6107,UGRD,In Person,https://programsandcourses.anu.edu.au/2024/course/EMSC1006
EMSC1006,2025,The Blue Planet: An Introduction to Earth System Science,6,6,S1,,GEOL1006|EMSC6107,UGRD,In Person,https://programsandcourses.anu.edu.au/2025/course/EMSC1006
EMSC1006,2026,The Blue Planet: An Introduction to Earth System Science,6,6,S1,,GEOL1006|EMSC6107,UGRD,In Person,https://programsandcourses.anu.edu.au/2026/course/EMSC1006
EMSC1006,2027,The Blue Planet: An Introduction to Earth System Science,6,6,S1,,GEOL1006|EMSC6107,UGRD,In Person,https://programsandcourses.anu.edu.au/2027/course/EMSC1006
EMSC2010,2026,Data Science for Earth System Scientists,6,6,S1,,,UGRD,In Person,https://programsandcourses.anu.edu.au/2026/course/EMSC2010
EMSC2010,2027,Data Science for Earth System Scientists,6,6,UNKNOWN,,,UGRD,In Person,https://programsandcourses.anu.edu.au/2027/course/EMSC2010
ENGN1211,2014,Discovering Engineering,6,6,S1,,,UGRD,In Person,https://programsandcourses.anu.edu.au/2014/course/ENGN1211
ENGN1211,2015,Discovering Engineering,6,6,S1,,,UGRD,In Person,https://programsandcourses.anu.edu.au/2015/course/ENGN1211
ENGN1211,2016,Discovering Engineering,6,6,S1,,,UGRD,In Person,https://programsandcourses.anu.edu.au/2016/course/ENGN1211
ENGN1211,2017,Discovering Engineering,6,6,S1,,,UGRD,In Person,https://programsandcourses.anu.edu.au/2017/course/ENGN1211
ENGN1211,2018,Discovering Engineering,6,6,S1,,,UGRD,In Person,https://programsandcourses.anu.edu.au/2018/course/ENGN1211
ENGN1211,2019,Discovering Engineering,6,6,S1,,,UGRD,In Person,https://programsandcourses.anu.edu.au/2019/course/ENGN1211
ENGN1211,2020,Discovering Engineering,6,6,S1,,,UGRD,In Person,https://programsandcourses.anu.edu.au/2020/course/ENGN1211
ENGN1211,2021,Discovering Engineering,6,6,S1,,,UGRD,In Person,https://programsandcourses.anu.edu.au/2021/course/ENGN1211
ENGN1211,2022,Discovering Engineering,6,6,S1,,,UGRD,In Person,https://programsandcourses.anu.edu.au/2022/course/ENGN1211
ENGN1211,2023,Discovering Engineering,6,6,S1,,,UGRD,In Person,https://programsandcourses.anu.edu.au/2023/course/ENGN1211
ENGN1211,2024,Discovering Engineering,6,6,S1,,,UGRD,In Person,https://programsandcourses.anu.edu.au/2024/course/ENGN1211
ENGN1211,2025,Engineering Design 1: Discovering Engineering,6,6,S1,,,UGRD,In Person,https://programsandcourses.anu.edu.au/2025/course/ENGN1211
ENGN1211,2026,Engineering Design 1: Discovering Engineering,6,6,S1,,,UGRD,In Person,https://programsandcourses.anu.edu.au/2026/course/ENGN1211
ENGN1211,2027,Engineering Design 1: Discovering Engineering,6,6,S1,,,UGRD,In Person,https://programsandcourses.anu.edu.au/2027/course/ENGN1211
ENGN1217,2014,Introduction to Mechanics,6,6,S2,,,UGRD,In Person,https://programsandcourses.anu.edu.au/2014/course/ENGN1217
ENGN1217,2015,Introduction to Mechanics,6,6,S2,,,UGRD,In Person,https://programsandcourses.anu.edu.au/2015/course/ENGN1217
ENGN1217,2016,Introduction to Mechanics,6,6,S2,,,UGRD,In Person,https://programsandcourses.anu.edu.au/2016/course/ENGN1217
ENGN1217,2017,Introduction to Mechanics,6,6,S2,,,UGRD,In Person,https://programsandcourses.anu.edu.au/2017/course/ENGN1217
ENGN1217,2018,Introduction to Mechanics,6,6,S2,,,UGRD,In Person,https://programsandcourses.anu.edu.au/2018/course/ENGN1217
ENGN1217,2019,Introduction to Mechanics,6,6,S2,,,UGRD,In Person,https://programsandcourses.anu.edu.au/2019/course/ENGN1217
ENGN1217,2020,Introduction to Mechanics,6,6,S2,,,UGRD,In Person,https://programsandcourses.anu.edu.au/2020/course/ENGN1217
ENGN1217,2021,Introduction to Mechanics,6,6,S2,,,UGRD,In Person,https://programsandcourses.anu.edu.au/2021/course/ENGN1217
ENGN1217,2022,Introduction to Mechanics,6,6,S2,,,UGRD,In Person,https://programsandcourses.anu.edu.au/2022/course/ENGN1217
ENGN1217,2023,Introduction to Mechanics,6,6,S2,,,UGRD,In Person,https://programsandcourses.anu.edu.au/2023/course/ENGN1217
ENGN1217,2024,Introduction to Mechanics,6,6,S2,,,UGRD,In Person,https://programsandcourses.anu.edu.au/2024/course/ENGN1217
ENGN1217,2025,Introduction to Mechanics,6,6,S2,,,UGRD,In Person,https://programsandcourses.anu.edu.au/2025/course/ENGN1217
ENGN1217,2026,Introduction to Mechanics,6,6,S2,,,UGRD,In Person,https://programsandcourses.anu.edu.au/2026/course/ENGN1217
ENGN1217,2027,Introduction to Mechanics,6,6,S2,,,UGRD,In Person,https://programsandcourses.anu.edu.au/2027/course/ENGN1217
ENGN1218,2014,Introduction to Electronics,6,6,S2,,,UGRD,In Person,https://programsandcourses.anu.edu.au/2014/course/ENGN1218
ENGN1218,2015,Introduction to Electronics,6,6,S2,,,UGRD,In Person,https://programsandcourses.anu.edu.au/2015/course/ENGN1218
ENGN1218,2016,Introduction to Electronics,6,6,S2,,,UGRD,In Person,https://programsandcourses.anu.edu.au/2016/course/ENGN1218
ENGN1218,2017,Introduction to Electronics,6,6,S2,,,UGRD,In Person,https://programsandcourses.anu.edu.au/2017/course/ENGN1218
ENGN1218,2018,Introduction to Electronics,6,6,S2,,,UGRD,In Person,https://programsandcourses.anu.edu.au/2018/course/ENGN1218
ENGN1218,2019,Introduction to Electronics,6,6,S2,,,UGRD,In Person,https://programsandcourses.anu.edu.au/2019/course/ENGN1218
ENGN1218,2020,Introduction to Electronics,6,6,S2,,,UGRD,In Person,https://programsandcourses.anu.edu.au/2020/course/ENGN1218
ENGN1218,2021,Introduction to Electronics,6,6,S2,,,UGRD,In Person,https://programsandcourses.anu.edu.au/2021/course/ENGN1218
ENGN1218,2022,Introduction to Electronics,6,6,S2,,,UGRD,In Person,https://programsandcourses.anu.edu.au/2022/course/ENGN1218
ENGN1218,2023,Introduction to Electronics,6,6,S2,,,UGRD,In Person,https://programsandcourses.anu.edu.au/2023/course/ENGN1218
ENGN1218,2025,Introduction to Electronics,6,6,S2,,,UGRD,In Person,https://programsandcourses.anu.edu.au/2025/course/ENGN1218
ENGN1218,2026,Introduction to Electronics,6,6,S2,,,UGRD,In Person,https://programsandcourses.anu.edu.au/2026/course/ENGN1218
ENGN1218,2027,Introduction to Electronics,6,6,S2,,,UGRD,In Person,https://programsandcourses.anu.edu.au/2027/course/ENGN1218
ENGN2217,2014,Mechanical Systems and Design,6,6,S1,ENGN1217,,UGRD,In Person,https://programsandcourses.anu.edu.au/2014/course/ENGN2217
ENGN2217,2016,Mechanical Systems and Design,6,6,S1,ENGN1217,,UGRD,In Person,https://programsandcourses.anu.edu.au/2016/course/ENGN2217
ENGN2217,2017,Mechanical Systems and Design,6,6,S1,ENGN1217,,UGRD,In Person,https://programsandcourses.anu.edu.au/2017/course/ENGN2217
ENGN2217,2018,Mechanical Systems and Design,6,6,S1,ENGN1217,,UGRD,In Person,https://programsandcourses.anu.edu.au/2018/course/ENGN2217
ENGN2217,2019,Mechanical Systems and Design,6,6,S1,ENGN1217,,UGRD,In Person,https://programsandcourses.anu.edu.au/2019/course/ENGN2217
ENGN2217,2020,Mechanical Systems and Design,6,6,S1,ENGN1217,,UGRD,In Person,https://programsandcourses.anu.edu.au/2020/course/ENGN2217
ENGN2217,2021,Mechanical Systems and Design,6,6,S1,ENGN1217,,UGRD,In Person,https://programsandcourses.anu.edu.au/2021/course/ENGN2217
ENGN2217,2022,Mechanical Systems and Design,6,6,S1,ENGN1217,,UGRD,In Person,https://programsandcourses.anu.edu.au/2022/course/ENGN2217
ENGN2217,2023,Mechanical Systems and Design,6,6,S1,ENGN1217,,UGRD,In Person,https://programsandcourses.anu.edu.au/2023/course/ENGN2217
ENGN2217,2024,Mechanical Systems and Design,6,6,S1,ENGN1217,,UGRD,In Person,https://programsandcourses.anu.edu.au/2024/course/ENGN2217
ENGN2217,2025,Mechanical Systems and Design,6,6,S1,ENGN1217,,UGRD,In Person,https://programsandcourses.anu.edu.au/2025/course/ENGN2217
ENGN2217,2026,Mechanical Systems and Design,6,6,S1,ENGN1217,,UGRD,In Person,https://programsandcourses.anu.edu.au/2026/course/ENGN2217
ENGN2217,2027,Mechanical Systems and Design,6,6,S1,ENGN1217,,UGRD,In Person,https://programsandcourses.anu.edu.au/2027/course/ENGN2217
ENGN2218,2014,Electronic Systems and Design,6,6,S1,ENGN1218,,UGRD,In Person,https://programsandcourses.anu.edu.au/2014/course/ENGN2218
ENGN2218,2015,Electronic Systems and Design,6,6,S1,ENGN1218,,UGRD,In Person,https://programsandcourses.anu.edu.au/2015/course/ENGN2218
ENGN2218,2016,Electronic Systems and Design,6,6,S1,ENGN1218,,UGRD,In Person,https://programsandcourses.anu.edu.au/2016/course/ENGN2218
ENGN2218,2017,Electronic Systems and Design,6,6,S1,ENGN1218,,UGRD,In Person,https://programsandcourses.anu.edu.au/2017/course/ENGN2218
ENGN2218,2018,Electronic Systems and Design,6,6,S1,ENGN1218,,UGRD,In Person,https://programsandcourses.anu.edu.au/2018/course/ENGN2218
ENGN2218,2019,Electronic Systems and Design,6,6,S1,ENGN1218,,UGRD,In Person,https://programsandcourses.anu.edu.au/2019/course/ENGN2218
ENGN2218,2020,Electronic Systems and Design,6,6,S1,ENGN1218,,UGRD,In Person,https://programsandcourses.anu.edu.au/2020/course/ENGN2218
ENGN2218,2021,Electronic Systems and Design,6,6,S1,ENGN1218,,UGRD,In Person,https://programsandcourses.anu.edu.au/2021/course/ENGN2218
ENGN2218,2022,Electronic Systems and Design,6,6,S1,ENGN1218,,UGRD,In Person,https://programsandcourses.anu.edu.au/2022/course/ENGN2218
ENGN2218,2023,Electronic Systems and Design,6,6,S1,ENGN1218,,UGRD,In Person,https://programsandcourses.anu.edu.au/2023/course/ENGN2218
ENGN2218,2024,Electronic Systems and Design,6,6,S1,ENGN1218,,UGRD,In Person,https://programsandcourses.anu.edu.au/2024/course/ENGN2218
ENGN2218,2025,Electronic Systems and Design,6,6,S1,ENGN1218,,UGRD,In Person,https://programsandcourses.anu.edu.au/2025/course/ENGN2218
ENGN2218,2026,Electronic Systems and Design,6,6,S1,ENGN1218,,UGRD,In Person,https://programsandcourses.anu.edu.au/2026/course/ENGN2218
ENGN2218,2027,Electronic Systems and Design,6,6,S1,ENGN1218,,UGRD,In Person,https://programsandcourses.anu.edu.au/2027/course/ENGN2218
ENGN2219,2014,Computing for Engineering Simulation,6,6,S1,COMP1100|COMP1130|COMP1730,,UGRD,In Person,https://programsandcourses.anu.edu.au/2014/course/ENGN2219
ENGN2219,2015,Computing for Engineering Simulation,6,6,S1,COMP1100|COMP1130|COMP1730,,UGRD,In Person,https://programsandcourses.anu.edu.au/2015/course/ENGN2219
ENGN2219,2016,Computing for Engineering Simulation,6,6,S1,COMP1100|COMP1130|COMP1730,,UGRD,In Person,https://programsandcourses.anu.edu.au/2016/course/ENGN2219
ENGN2219,2017,Computing for Engineering Simulation,6,6,S1,COMP1100|COMP1130|COMP1730|COMP6719,,UGRD,In Person,https://programsandcourses.anu.edu.au/2017/course/ENGN2219
ENGN2219,2018,Computing for Engineering Simulation,6,6,S1,COMP1100|COMP1130|COMP1730|COMP6719,,UGRD,In Person,https://programsandcourses.anu.edu.au/2018/course/ENGN2219
ENGN2219,2019,Computer Architecture and Simulation,6,6,S1,COMP1100|COMP1130|COMP1730,COMP2300|COMP6300|COMP6719,UGRD,In Person,https://programsandcourses.anu.edu.au/2019/course/ENGN2219
ENGN2219,2020,Computer Architecture and Simulation,6,6,S1,COMP1100|COMP1130|COMP1730,COMP2300|COMP6300|COMP6719,UGRD,In Person,https://programsandcourses.anu.edu.au/2020/course/ENGN2219
ENGN2219,2021,Computer Architecture and Simulation,6,6,S1,COMP1100|COMP1130|COMP1730,COMP2300|COMP6300|COMP6719,UGRD,In Person,https://programsandcourses.anu.edu.au/2021/course/ENGN2219
ENGN2219,2022,Computer Systems & Organisation,6,6,S1,COMP1100|COMP1130|COMP1730,COMP2300|COMP6300|COMP6719,UGRD,In Person,https://programsandcourses.anu.edu.au/2022/course/ENGN2219
ENGN2219,2023,Computer Systems & Organisation,6,6,S1,COMP1100|COMP1130|COMP1730,COMP2300|COMP6300|COMP6719,UGRD,In Person,https://programsandcourses.anu.edu.au/2023/course/ENGN2219
ENGN2219,2024,Computer Systems & Organisation,6,6,S1,COMP1100|COMP1130|COMP1730,COMP2300|COMP6300|COMP6719,UGRD,In Person,https://programsandcourses.anu.edu.au/2024/course/ENGN2219
ENGN2219,2025,Computer Architecture,6,6,S1,COMP1100|COMP1130|COMP1730,COMP2300|COMP6300|COMP6719,UGRD,In Person,https://programsandcourses.anu.edu.au/2025/course/ENGN2219
ENGN2219,2026,Computer Architecture,6,6,S1,COMP1100|COMP1130|COMP1730,COMP2300|COMP6300|COMP6719,UGRD,In Person,https://programsandcourses.anu.edu.au/2026/course/ENGN2219
ENGN2219,2027,Computer Architecture,6,6,S1,COMP1100|COMP1130|COMP1730,COMP2300|COMP6300|COMP6719,UGRD,In Person,https://programsandcourses.anu.edu.au/2027/course/ENGN2219
ENGN2222,2014,Thermal Energy Systems,6,6,S2,PHYS1001|PHYS1101,,UGRD,In Person,https://programsandcourses.anu.edu.au/2014/course/ENGN2222
ENGN2222,2015,Engineering Thermodynamics,6,6,S2,PHYS1001|PHYS1101,,UGRD,In Person,https://programsandcourses.anu.edu.au/2015/course/ENGN2222
ENGN2222,2016,Engineering Thermodynamics,6,6,S2,PHYS1001|PHYS1101,,UGRD,In Person,https://programsandcourses.anu.edu.au/2016/course/ENGN2222
ENGN2222,2017,Engineering Thermodynamics,6,6,S2,PHYS1001|PHYS1101,,UGRD,In Person,https://programsandcourses.anu.edu.au/2017/course/ENGN2222
ENGN2222,2018,Engineering Thermodynamics,6,6,S2,PHYS1001|PHYS1101,,UGRD,In Person,https://programsandcourses.anu.edu.au/2018/course/ENGN2222
ENGN2222,2019,Engineering Thermodynamics,6,6,S2,PHYS1001|PHYS1101,,UGRD,In Person,https://programsandcourses.anu.edu.au/2019/course/ENGN2222
ENGN2222,2020,Engineering Thermodynamics,6,6,S2,PHYS1001|PHYS1101,,UGRD,In Person,https://programsandcourses.anu.edu.au/2020/course/ENGN2222
ENGN2222,2021,Engineering Thermodynamics,6,6,S2,MATH1013|MATH1014,,UGRD,In Person,https://programsandcourses.anu.edu.au/2021/course/ENGN2222
ENGN2222,2022,Engineering Thermodynamics,6,6,S2,PHYS1001|PHYS1101,,UGRD,In Person,https://programsandcourses.anu.edu.au/2022/course/ENGN2222
ENGN2222,2023,Engineering Thermodynamics,6,6,S2,PHYS1001|PHYS1101,,UGRD,In Person,https://programsandcourses.anu.edu.au/2023/course/ENGN2222
ENGN2222,2024,Engineering Thermodynamics,6,6,S2,PHYS1001|PHYS1101,,UGRD,In Person,https://programsandcourses.anu.edu.au/2024/course/ENGN2222
ENGN2222,2026,Engineering Thermodynamics,6,6,S2,PHYS1001|PHYS1101,,UGRD,In Person,https://programsandcourses.anu.edu.au/2026/course/ENGN2222
ENGN2222,2027,Engineering Thermodynamics,6,6,S2,PHYS1001|PHYS1101,,UGRD,In Person,https://programsandcourses.anu.edu.au/2027/course/ENGN2222
ENGN2228,2014,Signal Processing,6,6,S2,ENGN2218,,UGRD,In Person,https://programsandcourses.anu.edu.au/2014/course/ENGN2228
ENGN2228,2015,Signal Processing,6,6,S2,ENGN2218,,UGRD,In Person,https://programsandcourses.anu.edu.au/2015/course/ENGN2228
ENGN2228,2016,Signal Processing,6,6,S2,ENGN2218,,UGRD,In Person,https://programsandcourses.anu.edu.au/2016/course/ENGN2228
ENGN2228,2017,Signal Processing,6,6,S2,ENGN2218,,UGRD,In Person,https://programsandcourses.anu.edu.au/2017/course/ENGN2228
ENGN2228,2018,Signal Processing,6,6,S2,ENGN2218,,UGRD,In Person,https://programsandcourses.anu.edu.au/2018/course/ENGN2228
ENGN2228,2019,Signal Processing,6,6,S2,ENGN2218,,UGRD,In Person,https://programsandcourses.anu.edu.au/2019/course/ENGN2228
ENGN2228,2020,Signals and Systems,6,6,S2,MATH1013|MATH1014,,UGRD,In Person,https://programsandcourses.anu.edu.au/2020/course/ENGN2228
ENGN2228,2021,Signals and Systems,6,6,S2,MATH1013|MATH1014|MATH1115|MATH1116,,UGRD,In Person,https://programsandcourses.anu.edu.au/2021/course/ENGN2228
ENGN2228,2022,Signals and Systems,6,6,S2,MATH1013|MATH1014|MATH1115|MATH1116,,UGRD,In Person,https://programsandcourses.anu.edu.au/2022/course/ENGN2228
ENGN2228,2023,Signals and Systems,6,6,S2,MATH1013|MATH1014|MATH1115|MATH1116,,UGRD,In Person,https://programsandcourses.anu.edu.au/2023/course/ENGN2228
ENGN2228,2024,Signals and Systems,6,6,S2,MATH1013|MATH1014|MATH1115|MATH1116,,UGRD,In Person,https://programsandcourses.anu.edu.au/2024/course/ENGN2228
ENGN2228,2025,Signals and Systems,6,6,S2,MATH1013|MATH1014|MATH1115|MATH1116,,UGRD,In Person,https://programsandcourses.anu.edu.au/2025/course/ENGN2228
ENGN2228,2026,Signals and Systems,6,6,S2,MATH1013|MATH1014|MATH1115|MATH1116,,UGRD,In Person,https://programsandcourses.anu.edu.au/2026/course/ENGN2228
ENGN2228,2027,Signals and Systems,6,6,S2,MATH1013|MATH1014|MATH1115|MATH1116,,UGRD,In Person,https://programsandcourses.anu.edu.au/2027/course/ENGN2228
ENGN2300,2019,Engineering Design 2: Systems Approaches for Design,6,6,UNKNOWN,ENGN1211,,UGRD,In Person,https://programsandcourses.anu.edu.au/2019/course/ENGN2300
ENGN2300,2020,Engineering Design 2: Systems Approaches for Design,6,6,S1,ENGN1211,,UGRD,In Person,https://programsandcourses.anu.edu.au/2020/course/ENGN2300
ENGN2300,2022,Engineering Design 2: Systems Approaches for Design,6,6,S1,ENGN1211,ENGN2225,UGRD,In Person,https://programsandcourses.anu.edu.au/2022/course/ENGN2300
ENGN2300,2023,Engineering Design 2: Systems Approaches for Design,6,6,S1,ENGN1211,ENGN2225,UGRD,In Person,https://programsandcourses.anu.edu.au/2023/course/ENGN2300
ENGN2300,2024,Engineering Design 2: Systems Approaches for Design,6,6,S1,ENGN1211,ENGN2225,UGRD,In Person,https://programsandcourses.anu.edu.au/2024/course/ENGN2300
ENGN2300,2025,Engineering Design 2: Systems Approaches for Design,6,6,S1,ENGN1211,ENGN2225,UGRD,In Person,https://programsandcourses.anu.edu.au/2025/course/ENGN2300
ENGN2300,2026,Engineering Design 2: Systems Approaches for Design,6,6,S1,ENGN1211,ENGN2225,UGRD,In Person,https://programsandcourses.anu.edu.au/2026/course/ENGN2300
ENGN2301,2019,Engineering Design 3: Systems Approaches for Analysis,6,6,UNKNOWN,ENGN2300,,UGRD,In Person,https://programsandcourses.anu.edu.au/2019/course/ENGN2301
ENGN2301,2020,Engineering Design 3: Systems Approaches for Analysis,6,6,S2,ENGN2300,,UGRD,In Person,https://programsandcourses.anu.edu.au/2020/course/ENGN2301
ENGN2301,2021,Engineering Design 3: Systems Approaches for Analysis,6,6,S2,ENGN2300,,UGRD,In Person,https://programsandcourses.anu.edu.au/2021/course/ENGN2301
ENGN2301,2022,Engineering Design 3: Systems Approaches for Analysis,6,6,S2,ENGN2300,,UGRD,In Person,https://programsandcourses.anu.edu.au/2022/course/ENGN2301
ENGN2301,2023,Engineering Design 3: Systems Approaches for Analysis,6,6,S2,ENGN2300,,UGRD,In Person,https://programsandcourses.anu.edu.au/2023/course/ENGN2301
ENGN2301,2024,Engineering Design 3: Systems Approaches for Analysis,6,6,S2,ENGN2300,,UGRD,In Person,https://programsandcourses.anu.edu.au/2024/course/ENGN2301
ENGN2301,2025,Engineering Design 3: Systems Approaches for Analysis,6,6,S2,ENGN2300,ENGN2226,UGRD,In Person,https://programsandcourses.anu.edu.au/2025/course/ENGN2301
ENGN2301,2026,Engineering Design 3: Systems Approaches for Analysis,6,6,S2,ENGN2300,ENGN2226,UGRD,In Person,https://programsandcourses.anu.edu.au/2026/course/ENGN2301
ENGN2301,2027,Engineering Design 3: Systems Approaches for Analysis,6,6,S2,ENGN2300,ENGN2226,UGRD,In Person,https://programsandcourses.anu.edu.au/2027/course/ENGN2301
ENGN2706,2014,Engineering Research and Development Project (Methods),6,6,S1,,,UGRD,In Person,https://programsandcourses.anu.edu.au/2014/course/ENGN2706
ENGN2706,2015,Engineering Research and Development Project (Methods),6,6,S1,,,UGRD,In Person,https://programsandcourses.anu.edu.au/2015/course/ENGN2706
ENGN2706,2016,Engineering Research and Development Project (Methods),6,6,S1,,,UGRD,In Person,https://programsandcourses.anu.edu.au/2016/course/ENGN2706
ENGN2706,2017,Engineering Research and Development Project (Methods),6,6,S1,,,UGRD,In Person,https://programsandcourses.anu.edu.au/2017/course/ENGN2706
ENGN2706,2018,Engineering Research and Development Project (Methods),6,6,S1,,,UGRD,In Person,https://programsandcourses.anu.edu.au/2018/course/ENGN2706
ENGN2706,2019,Engineering Research and Development Project (Methods),6,6,S1,,,UGRD,In Person,https://programsandcourses.anu.edu.au/2019/course/ENGN2706
ENGN2706,2020,Engineering Research and Development Project (Methods),6,6,S1,,,UGRD,In Person,https://programsandcourses.anu.edu.au/2020/course/ENGN2706
ENGN2706,2021,Engineering Research and Development Project (Methods),6,6,S1,,,UGRD,In Person,https://programsandcourses.anu.edu.au/2021/course/ENGN2706
ENGN2706,2022,Engineering Research and Development Project (Methods),6,6,S1,,,UGRD,In Person,https://programsandcourses.anu.edu.au/2022/course/ENGN2706
ENGN2706,2023,Engineering Research and Development Project (Methods),6,6,S1,,,UGRD,In Person,https://programsandcourses.anu.edu.au/2023/course/ENGN2706
ENGN2706,2024,Engineering Research and Development Project (Methods),6,6,S1,,,UGRD,In Person,https://programsandcourses.anu.edu.au/2024/course/ENGN2706
ENGN2706,2025,Engineering Research and Development Project (Methods),6,6,S1,,,UGRD,In Person,https://programsandcourses.anu.edu.au/2025/course/ENGN2706
ENGN2706,2026,Engineering Research and Development Project (Methods),6,6,S1,,,UGRD,In Person,https://programsandcourses.anu.edu.au/2026/course/ENGN2706
ENGN2706,2027,Engineering Research and Development Project (Methods),6,6,S1,,,UGRD,In Person,https://programsandcourses.anu.edu.au/2027/course/ENGN2706
ENGN2707,2014,Engineering Research and Development Project,6,6,S2,,,UGRD,In Person,https://programsandcourses.anu.edu.au/2014/course/ENGN2707
ENGN2707,2015,Engineering Research and Development Project,6,6,S2,,,UGRD,In Person,https://programsandcourses.anu.edu.au/2015/course/ENGN2707
ENGN2707,2016,Engineering Research and Development Project,6,6,S2,,,UGRD,In Person,https://programsandcourses.anu.edu.au/2016/course/ENGN2707
ENGN2707,2017,Engineering Research and Development Project,6,6,S1|S2|SUMMER|WINTER|AUTUMN|SPRING,,,UGRD,In Person,https://programsandcourses.anu.edu.au/2017/course/ENGN2707
ENGN2707,2018,Engineering Research and Development Project,6,6,S2,,,UGRD,In Person,https://programsandcourses.anu.edu.au/2018/course/ENGN2707
ENGN2707,2019,Engineering Research and Development Project,6,6,S2,,,UGRD,In Person,https://programsandcourses.anu.edu.au/2019/course/ENGN2707
ENGN2707,2020,Engineering Research and Development Project,6,6,S1|S2,,,UGRD,In Person,https://programsandcourses.anu.edu.au/2020/course/ENGN2707
ENGN2707,2021,Engineering Research and Development Project,6,6,S2,,,UGRD,In Person,https://programsandcourses.anu.edu.au/2021/course/ENGN2707
ENGN2707,2022,Engineering Research and Development Project,6,6,S1|S2,,,UGRD,In Person,https://programsandcourses.anu.edu.au/2022/course/ENGN2707
ENGN2707,2024,Engineering Research and Development Project,6,6,S1|S2,ENGN2706,,UGRD,In Person,https://programsandcourses.anu.edu.au/2024/course/ENGN2707
ENGN2707,2025,Engineering Research and Development Project,6,6,S1|S2,ENGN2706,,UGRD,In Person,https://programsandcourses.anu.edu.au/2025/course/ENGN2707
ENGN2707,2026,Engineering Research and Development Project,6,6,S1|S2,ENGN2706,,UGRD,In Person,https://programsandcourses.anu.edu.au/2026/course/ENGN2707
ENGN2707,2027,Engineering Research and Development Project,6,6,S1|S2,ENGN2706,,UGRD,In Person,https://programsandcourses.anu.edu.au/2027/course/ENGN2707
ENGN3013,2019,Engineering for a Humanitarian Context,6,6,WINTER|SPRING,ENGN1211,,UGRD,In Person,https://programsandcourses.anu.edu.au/2019/course/ENGN3013
ENGN3013,2020,Engineering for a Humanitarian Context,6,6,SUMMER|WINTER|SPRING,ENGN1211,,UGRD,In Person,https://programsandcourses.anu.edu.au/2020/course/ENGN3013
ENGN3013,2021,Engineering for a Humanitarian Context,6,6,SUMMER|WINTER,ENGN1211,,UGRD,In Person,https://programsandcourses.anu.edu.au/2021/course/ENGN3013
ENGN3013,2022,Engineering for a Humanitarian Context,6,6,SUMMER|WINTER,ENGN1211,,UGRD,Online or In Person,https://programsandcourses.anu.edu.au/2022/course/ENGN3013
ENGN3013,2024,Engineering for a Humanitarian Context,6,6,SUMMER|WINTER,,,UGRD,In Person,https://programsandcourses.anu.edu.au/2024/course/ENGN3013
ENGN3013,2025,Engineering for a Humanitarian Context,6,6,SUMMER|WINTER|AUTUMN,,,UGRD,In Person,https://programsandcourses.anu.edu.au/2025/course/ENGN3013
ENGN3013,2026,Engineering for a Humanitarian Context,6,6,SUMMER|WINTER,,,UGRD,In Person,https://programsandcourses.anu.edu.au/2026/course/ENGN3013
ENGN3013,2027,Engineering for a Humanitarian Context,6,6,SUMMER|WINTER,,,UGRD,In Person,https://programsandcourses.anu.edu.au/2027/course/ENGN3013
ENGN3100,2014,Practical Experience,0,0,S1|S2,,,UGRD,In Person,https://programsandcourses.anu.edu.au/2014/course/ENGN3100
ENGN3100,2015,Practical Experience,0,0,S1|S2,,,UGRD,In Person,https://programsandcourses.anu.edu.au/2015/course/ENGN3100
ENGN3100,2016,Practical Experience,0,0,S1|S2,,,UGRD,In Person,https://programsandcourses.anu.edu.au/2016/course/ENGN3100
ENGN3100,2017,Practical Experience,0,0,S1|S2|SUMMER|WINTER|AUTUMN|SPRING,,,UGRD,In Person,https://programsandcourses.anu.edu.au/2017/course/ENGN3100
ENGN3100,2018,Practical Experience,0,0,S1|S2,,,UGRD,In Person,https://programsandcourses.anu.edu.au/2018/course/ENGN3100
ENGN3100,2019,Practical Experience,0,0,S1|S2|SUMMER,,,UGRD,In Person,https://programsandcourses.anu.edu.au/2019/course/ENGN3100
ENGN3100,2020,Practical Experience,0,0,S1|S2|SUMMER|WINTER|AUTUMN|SPRING,,,UGRD,In Person,https://programsandcourses.anu.edu.au/2020/course/ENGN3100
ENGN3100,2021,Practical Experience,0,0,S1|S2|SUMMER|WINTER,,,UGRD,In Person,https://programsandcourses.anu.edu.au/2021/course/ENGN3100
ENGN3100,2022,Practical Experience,0,0,S1|S2|SUMMER|WINTER,,,UGRD,In Person,https://programsandcourses.anu.edu.au/2022/course/ENGN3100
ENGN3100,2024,Practical Experience,0,0,S1|S2|SUMMER|WINTER,,,UGRD,In Person,https://programsandcourses.anu.edu.au/2024/course/ENGN3100
ENGN3100,2025,Practical Experience,0,0,S1|S2|SUMMER|WINTER,,,UGRD,In Person,https://programsandcourses.anu.edu.au/2025/course/ENGN3100
ENGN3100,2026,Practical Experience,0,0,S1|S2|SUMMER|WINTER,,,UGRD,In Person,https://programsandcourses.anu.edu.au/2026/course/ENGN3100
ENGN3100,2027,Practical Experience,0,0,S1|S2|SUMMER|WINTER,,,UGRD,In Person,https://programsandcourses.anu.edu.au/2027/course/ENGN3100
ENGN3200,2014,Engineering Internship,6,24,S1|S2|WINTER|AUTUMN|SPRING,,,UGRD,In Person,https://programsandcourses.anu.edu.au/2014/course/ENGN3200
ENGN3200,2015,Engineering Internship,6,24,S1|S2|SUMMER|WINTER|AUTUMN|SPRING,,,UGRD,In Person,https://programsandcourses.anu.edu.au/2015/course/ENGN3200
ENGN3200,2016,Engineering Internship,6,24,S1|S2|WINTER|AUTUMN|SPRING,,,UGRD,In Person,https://programsandcourses.anu.edu.au/2016/course/ENGN3200
ENGN3200,2017,Engineering Internship,6,24,S1|S2|SUMMER|WINTER|AUTUMN|SPRING,,,UGRD,In Person,https://programsandcourses.anu.edu.au/2017/course/ENGN3200
ENGN3200,2018,Engineering Internship,6,24,S1|S2|SUMMER|WINTER|AUTUMN|SPRING,,,UGRD,In Person,https://programsandcourses.anu.edu.au/2018/course/ENGN3200
ENGN3200,2019,Engineering Internship,6,24,S1|S2|SUMMER|WINTER|AUTUMN|SPRING,,,UGRD,In Person,https://programsandcourses.anu.edu.au/2019/course/ENGN3200
ENGN3200,2020,Engineering Internship,6,24,S1|S2|SUMMER|WINTER|AUTUMN|SPRING,,,UGRD,In Person,https://programsandcourses.anu.edu.au/2020/course/ENGN3200
ENGN3200,2021,Engineering Internship,6,24,S1|S2|SUMMER|WINTER|AUTUMN|SPRING,,,UGRD,In Person,https://programsandcourses.anu.edu.au/2021/course/ENGN3200
ENGN3200,2022,Engineering Internship,6,24,S1|S2|SUMMER|WINTER|AUTUMN|SPRING,,,UGRD,In Person,https://programsandcourses.anu.edu.au/2022/course/ENGN3200
ENGN3200,2023,Engineering Internship,6,24,S1|S2|SUMMER|WINTER|AUTUMN|SPRING,,,UGRD,In Person,https://programsandcourses.anu.edu.au/2023/course/ENGN3200
ENGN3200,2024,Engineering Internship,6,24,S1|S2|SUMMER|WINTER|AUTUMN|SPRING,,,UGRD,In Person,https://programsandcourses.anu.edu.au/2024/course/ENGN3200
ENGN3200,2025,Engineering Internship,6,24,S1|S2|SUMMER|WINTER|AUTUMN|SPRING,,,UGRD,In Person,https://programsandcourses.anu.edu.au/2025/course/ENGN3200
ENGN3200,2026,Engineering Internship,6,24,S1|S2|SUMMER|WINTER|AUTUMN|SPRING,,,UGRD,In Person,https://programsandcourses.anu.edu.au/2026/course/ENGN3200
ENGN3200,2027,Engineering Internship,6,24,S1|S2|SUMMER|WINTER|AUTUMN|SPRING,,,UGRD,In Person,https://programsandcourses.anu.edu.au/2027/course/ENGN3200
ENGN3223,2014,Control Systems,6,6,S2,ENGN2229,,UGRD,In Person,https://programsandcourses.anu.edu.au/2014/course/ENGN3223
ENGN3223,2016,Control Systems,6,6,S2,ENGN2229,,UGRD,In Person,https://programsandcourses.anu.edu.au/2016/course/ENGN3223
ENGN3223,2017,Control Systems,6,6,S2,ENGN2229,ENGN6223,UGRD,In Person,https://programsandcourses.anu.edu.au/2017/course/ENGN3223
ENGN3223,2018,Control Systems,6,6,S2,,,UGRD,In Person,https://programsandcourses.anu.edu.au/2018/course/ENGN3223
ENGN3223,2019,Control Systems,6,6,S2,,ENGN6223,UGRD,In Person,https://programsandcourses.anu.edu.au/2019/course/ENGN3223
ENGN3223,2020,Control Systems,6,6,S2,,ENGN6223,UGRD,In Person,https://programsandcourses.anu.edu.au/2020/course/ENGN3223
ENGN3223,2021,Control Systems,6,6,S2,,ENGN6223,UGRD,In Person,https://programsandcourses.anu.edu.au/2021/course/ENGN3223
ENGN3223,2022,Control Systems,6,6,S2,,ENGN6223,UGRD,Online or In Person,https://programsandcourses.anu.edu.au/2022/course/ENGN3223
ENGN3223,2023,Control Systems,6,6,S2,,ENGN6223,UGRD,In Person,https://programsandcourses.anu.edu.au/2023/course/ENGN3223
ENGN3223,2024,Control Systems,6,6,S2,,ENGN6223,UGRD,In Person,https://programsandcourses.anu.edu.au/2024/course/ENGN3223
ENGN3223,2025,Control Systems,6,6,S2,,ENGN6223,UGRD,In Person,https://programsandcourses.anu.edu.au/2025/course/ENGN3223
ENGN3223,2026,Control Systems,6,6,S2,,ENGN6223,UGRD,In Person,https://programsandcourses.anu.edu.au/2026/course/ENGN3223
ENGN3223,2027,Control Systems,6,6,S2,,ENGN6223,UGRD,In Person,https://programsandcourses.anu.edu.au/2027/course/ENGN3223
ENGN3224,2014,Energy Systems Engineering,6,6,S1,ENGN2222,,UGRD,In Person,https://programsandcourses.anu.edu.au/2014/course/ENGN3224
ENGN3224,2015,Energy Systems Engineering,6,6,S1,ENGN2222,,UGRD,In Person,https://programsandcourses.anu.edu.au/2015/course/ENGN3224
ENGN3224,2016,Energy Systems Engineering,6,6,S1,ENGN2222,,UGRD,In Person,https://programsandcourses.anu.edu.au/2016/course/ENGN3224
ENGN3224,2017,Fluid Mechanics and Heat Transfer,6,6,S1,ENGN2222,ENGN6224,UGRD,In Person,https://programsandcourses.anu.edu.au/2017/course/ENGN3224
ENGN3224,2018,Fluid Mechanics and Heat Transfer,6,6,S1,ENGN2222,ENGN6224,UGRD,In Person,https://programsandcourses.anu.edu.au/2018/course/ENGN3224
ENGN3224,2019,Fluid Mechanics and Heat Transfer,6,6,S1,ENGN2222,ENGN6224,UGRD,In Person,https://programsandcourses.anu.edu.au/2019/course/ENGN3224
ENGN3224,2020,Fluid Mechanics and Heat Transfer,6,6,S1,ENGN2222,ENGN6224,UGRD,In Person,https://programsandcourses.anu.edu.au/2020/course/ENGN3224
ENGN3224,2021,Fluid Mechanics and Heat Transfer,6,6,S1,ENGN2222,ENGN6224,UGRD,In Person,https://programsandcourses.anu.edu.au/2021/course/ENGN3224
ENGN3224,2022,Fluid Mechanics and Heat Transfer,6,6,S1,ENGN2222,ENGN6224,UGRD,In Person,https://programsandcourses.anu.edu.au/2022/course/ENGN3224
ENGN3224,2023,Fluid Mechanics and Heat Transfer,6,6,S1,ENGN2222,ENGN6224,UGRD,In Person,https://programsandcourses.anu.edu.au/2023/course/ENGN3224
ENGN3224,2024,Fluid Mechanics and Heat Transfer,6,6,S1,ENGN2222,ENGN6224,UGRD,In Person,https://programsandcourses.anu.edu.au/2024/course/ENGN3224
ENGN3224,2025,Fluid Mechanics and Heat Transfer,6,6,S1,ENGN2222,ENGN6224,UGRD,In Person,https://programsandcourses.anu.edu.au/2025/course/ENGN3224
ENGN3224,2026,Fluid Mechanics and Heat Transfer,6,6,S1,ENGN2222,ENGN6224,UGRD,In Person,https://programsandcourses.anu.edu.au/2026/course/ENGN3224
ENGN3224,2027,Fluid Mechanics and Heat Transfer,6,6,S1,ENGN2222,ENGN6224,UGRD,In Person,https://programsandcourses.anu.edu.au/2027/course/ENGN3224
ENGN3226,2014,Digital Communications,6,6,S1,ENGN2228,,UGRD,In Person,https://programsandcourses.anu.edu.au/2014/course/ENGN3226
ENGN3226,2015,Digital Communications,6,6,S1,ENGN2228,,UGRD,In Person,https://programsandcourses.anu.edu.au/2015/course/ENGN3226
ENGN3226,2016,Digital Communications,6,6,S1,ENGN2228,,UGRD,In Person,https://programsandcourses.anu.edu.au/2016/course/ENGN3226
ENGN3226,2017,Digital Communications,6,6,S1,ENGN2228,ENGN6626,UGRD,In Person,https://programsandcourses.anu.edu.au/2017/course/ENGN3226
ENGN3226,2018,Digital Communications,6,6,S1,ENGN2228,ENGN6626,UGRD,In Person,https://programsandcourses.anu.edu.au/2018/course/ENGN3226
ENGN3226,2019,Digital Communications,6,6,S1,ENGN2228,ENGN6626,UGRD,In Person,https://programsandcourses.anu.edu.au/2019/course/ENGN3226
ENGN3226,2020,Digital Communications,6,6,S1,ENGN2228,ENGN6626,UGRD,In Person,https://programsandcourses.anu.edu.au/2020/course/ENGN3226
ENGN3226,2022,Digital Communications,6,6,S1,ENGN2228,ENGN6626,UGRD,In Person,https://programsandcourses.anu.edu.au/2022/course/ENGN3226
ENGN3226,2023,Digital Communications,6,6,S1,ENGN2228,ENGN6626,UGRD,In Person,https://programsandcourses.anu.edu.au/2023/course/ENGN3226
ENGN3226,2024,Digital Communications,6,6,S1,ENGN2228,ENGN6626,UGRD,In Person,https://programsandcourses.anu.edu.au/2024/course/ENGN3226
ENGN3226,2025,Digital Communications,6,6,S1,ENGN2228,ENGN6626,UGRD,In Person,https://programsandcourses.anu.edu.au/2025/course/ENGN3226
ENGN3226,2026,Digital Communications,6,6,S1,ENGN2228,ENGN6626,UGRD,In Person,https://programsandcourses.anu.edu.au/2026/course/ENGN3226
ENGN3226,2027,Digital Communications,6,6,UNKNOWN,ENGN2228,ENGN6626,UGRD,In Person,https://programsandcourses.anu.edu.au/2027/course/ENGN3226
ENGN3300,2019,Engineering Design 4A: Systems Approaches for Management,6,6,UNKNOWN,ENGN2301,,UGRD,In Person,https://programsandcourses.anu.edu.au/2019/course/ENGN3300
ENGN3300,2020,Engineering Design 4A: Systems Approaches for Management,6,6,UNKNOWN,ENGN2301,,UGRD,In Person,https://programsandcourses.anu.edu.au/2020/course/ENGN3300
ENGN3300,2021,Engineering Design 4A: Systems Approaches for Management,6,6,S1,ENGN2301,,UGRD,In Person,https://programsandcourses.anu.edu.au/2021/course/ENGN3300
ENGN3300,2022,Engineering Design 4A: Systems Approaches for Management,6,6,S1,ENGN2301,,UGRD,In Person,https://programsandcourses.anu.edu.au/2022/course/ENGN3300
ENGN3300,2023,Engineering Design 4A: Systems Approaches for Management,6,6,S1,ENGN2301,ENGN3221,UGRD,In Person,https://programsandcourses.anu.edu.au/2023/course/ENGN3300
ENGN3300,2024,Engineering Design 4A: Systems Approaches for Management,6,6,S1,ENGN2301,ENGN3221,UGRD,In Person,https://programsandcourses.anu.edu.au/2024/course/ENGN3300
ENGN3300,2025,Engineering Design 4A: Systems Approaches for Management,6,6,S1,ENGN2301,ENGN3221,UGRD,In Person,https://programsandcourses.anu.edu.au/2025/course/ENGN3300
ENGN3300,2026,Engineering Design 4A: Systems Approaches for Management,6,6,S1,ENGN2301,ENGN3221,UGRD,In Person,https://programsandcourses.anu.edu.au/2026/course/ENGN3300
ENGN3300,2027,Engineering Design 4A: Systems Approaches for Management,6,6,S1,ENGN2301,ENGN3221,UGRD,In Person,https://programsandcourses.anu.edu.au/2027/course/ENGN3300
ENGN3301,2019,Engineering Design 4B: Systems Approaches for Operations,6,6,UNKNOWN,ENGN3301|ENGN3300,,UGRD,In Person,https://programsandcourses.anu.edu.au/2019/course/ENGN3301
ENGN3301,2021,Engineering Design 4B: Systems Approaches for Operations,6,6,S2,ENGN3301|ENGN3300,,UGRD,In Person,https://programsandcourses.anu.edu.au/2021/course/ENGN3301
ENGN3301,2022,Engineering Design 4B: Systems Approaches for Operations,6,6,S2,ENGN3301|ENGN3300,,UGRD,In Person,https://programsandcourses.anu.edu.au/2022/course/ENGN3301
ENGN3301,2023,Engineering Design 4B: Systems Approaches for Operations,6,6,S2,ENGN3301|ENGN3300,,UGRD,In Person,https://programsandcourses.anu.edu.au/2023/course/ENGN3301
ENGN3301,2024,Engineering Design 4B: Systems Approaches for Operations,6,6,S2,ENGN3301|ENGN3300,,UGRD,In Person,https://programsandcourses.anu.edu.au/2024/course/ENGN3301
ENGN3301,2025,Engineering Design 4B: Systems Approaches for Operations,6,6,S2,ENGN3300,ENGN3301|ENGN3230,UGRD,In Person,https://programsandcourses.anu.edu.au/2025/course/ENGN3301
ENGN3301,2026,Engineering Design 4B: Systems Approaches for Operations,6,6,S2,ENGN3300,ENGN3301|ENGN3230,UGRD,In Person,https://programsandcourses.anu.edu.au/2026/course/ENGN3301
ENGN3301,2027,Engineering Design 4B: Systems Approaches for Operations,6,6,S2,ENGN3300,ENGN3301|ENGN3230,UGRD,In Person,https://programsandcourses.anu.edu.au/2027/course/ENGN3301
ENGN3331,2014,System Dynamics,6,6,S1,MATH1014|MATH1116,,UGRD,In Person,https://programsandcourses.anu.edu.au/2014/course/ENGN3331
ENGN3331,2015,System Dynamics,6,6,S1,MATH1014|MATH1116,,UGRD,In Person,https://programsandcourses.anu.edu.au/2015/course/ENGN3331
ENGN3331,2016,System Dynamics,6,6,S1,MATH1014|MATH1116,,UGRD,In Person,https://programsandcourses.anu.edu.au/2016/course/ENGN3331
ENGN3331,2017,System Dynamics,6,6,S1,MATH1014|MATH1116,,UGRD,In Person,https://programsandcourses.anu.edu.au/2017/course/ENGN3331
ENGN3331,2018,System Dynamics,6,6,S1,MATH1014|MATH1116,,UGRD,In Person,https://programsandcourses.anu.edu.au/2018/course/ENGN3331
ENGN3331,2019,System Dynamics,6,6,S1,MATH1013|MATH1014,ENGN6331,UGRD,In Person,https://programsandcourses.anu.edu.au/2019/course/ENGN3331
ENGN3331,2020,System Dynamics,6,6,S1,MATH1013|MATH1014,ENGN6331,UGRD,In Person,https://programsandcourses.anu.edu.au/2020/course/ENGN3331
ENGN3331,2021,System Dynamics,6,6,S1,MATH1013|MATH1014,ENGN6331,UGRD,In Person,https://programsandcourses.anu.edu.au/2021/course/ENGN3331
ENGN3331,2022,System Dynamics,6,6,S1,MATH1013|MATH1014,ENGN6331,UGRD,In Person,https://programsandcourses.anu.edu.au/2022/course/ENGN3331
ENGN3331,2023,System Dynamics,6,6,S1,MATH1013|MATH1014,ENGN6331,UGRD,In Person,https://programsandcourses.anu.edu.au/2023/course/ENGN3331
ENGN3331,2024,System Dynamics,6,6,S1,MATH1013|MATH1014,ENGN6331,UGRD,In Person,https://programsandcourses.anu.edu.au/2024/course/ENGN3331
ENGN3331,2025,System Dynamics,6,6,S1,MATH1013|MATH1014,ENGN6331,UGRD,In Person,https://programsandcourses.anu.edu.au/2025/course/ENGN3331
ENGN3331,2026,System Dynamics,6,6,S1,MATH1013|MATH1014,ENGN6331,UGRD,In Person,https://programsandcourses.anu.edu.au/2026/course/ENGN3331
ENGN3331,2027,System Dynamics,6,6,S1,MATH1013|MATH1014,ENGN6331,UGRD,In Person,https://programsandcourses.anu.edu.au/2027/course/ENGN3331
ENGN3338,2022,Aerodynamics,6,6,S2,ENGN2222,,UGRD,Online or In Person,https://programsandcourses.anu.edu.au/2022/course/ENGN3338
ENGN3338,2023,Aerodynamics,6,6,S1,ENGN2222,,UGRD,Online or In Person,https://programsandcourses.anu.edu.au/2023/course/ENGN3338
ENGN3338,2024,Aerodynamics,6,6,S1,ENGN2222,,UGRD,In Person,https://programsandcourses.anu.edu.au/2024/course/ENGN3338
ENGN3338,2025,Aerodynamics,6,6,S1,ENGN2222,,UGRD,In Person,https://programsandcourses.anu.edu.au/2025/course/ENGN3338
ENGN3338,2026,Aerodynamics,6,6,S1,ENGN2222,,UGRD,In Person,https://programsandcourses.anu.edu.au/2026/course/ENGN3338
ENGN3338,2027,Aerodynamics,6,6,S1,ENGN2222,,UGRD,In Person,https://programsandcourses.anu.edu.au/2027/course/ENGN3338
ENGN3339,2022,Aerospace Structures and Materials,6,6,S1,ENGN2217,ENGN4511,UGRD,In Person,https://programsandcourses.anu.edu.au/2022/course/ENGN3339
ENGN3339,2023,Aerospace Structures and Materials,6,6,S1,ENGN2217,ENGN4511,UGRD,In Person,https://programsandcourses.anu.edu.au/2023/course/ENGN3339
ENGN3339,2024,Aerospace Structures and Materials,6,6,S1,ENGN2217,ENGN4511,UGRD,In Person,https://programsandcourses.anu.edu.au/2024/course/ENGN3339
ENGN3339,2025,Aerospace Structures and Materials,6,6,S1,ENGN2217,ENGN4511,UGRD,In Person,https://programsandcourses.anu.edu.au/2025/course/ENGN3339
ENGN3339,2026,Aerospace Structures and Materials,6,6,S1,ENGN2217,ENGN4511,UGRD,In Person,https://programsandcourses.anu.edu.au/2026/course/ENGN3339
ENGN3339,2027,Aerospace Structures and Materials,6,6,S1,ENGN2217,ENGN4511,UGRD,In Person,https://programsandcourses.anu.edu.au/2027/course/ENGN3339
ENGN3350,2026,Principles of Information Engineering,6,6,UNKNOWN,MATH1005|MATH1013|MATH1113|MATH1115,ENGN6350|ENGN3226|ENGN6626|COMP2610|COMP6261,UGRD,In Person,https://programsandcourses.anu.edu.au/2026/course/ENGN3350
ENGN3350,2027,Principles of Information Engineering,6,6,S1,MATH1005|MATH1013|MATH1113|MATH1115,ENGN6350|ENGN3226|ENGN6626|COMP2610|COMP6261,UGRD,In Person,https://programsandcourses.anu.edu.au/2027/course/ENGN3350
ENGN3410,2014,Engineering Sustainable Systems,6,6,S2,ENGN2225|ENVS2011,,UGRD,In Person,https://programsandcourses.anu.edu.au/2014/course/ENGN3410
ENGN3410,2015,Engineering Sustainable Systems,6,6,S2,ENGN2225|ENVS2011,,UGRD,In Person,https://programsandcourses.anu.edu.au/2015/course/ENGN3410
ENGN3410,2016,Engineering Sustainable Systems,6,6,S2,ENGN2225|ENVS2011,,UGRD,In Person,https://programsandcourses.anu.edu.au/2016/course/ENGN3410
ENGN3410,2017,Engineering Sustainable Systems,6,6,S2,ENGN2225|ENVS2011,ENGN6410,UGRD,In Person,https://programsandcourses.anu.edu.au/2017/course/ENGN3410
ENGN3410,2018,Engineering Sustainable Systems,6,6,S2,ENGN2225|ENVS2011,ENGN6410,UGRD,In Person,https://programsandcourses.anu.edu.au/2018/course/ENGN3410
ENGN3410,2019,Engineering Sustainable Systems,6,6,S2,ENGN2225|ENGN2300|ENVS2011,ENGN6410,UGRD,In Person,https://programsandcourses.anu.edu.au/2019/course/ENGN3410
ENGN3410,2020,Engineering Sustainable Systems,6,6,S2,ENGN2225|ENGN2300|ENVS2011,ENGN6410,UGRD,In Person,https://programsandcourses.anu.edu.au/2020/course/ENGN3410
ENGN3410,2021,Engineering Sustainable Systems,6,6,UNKNOWN,ENGN2225|ENGN2300|ENVS2011,ENGN6410,UGRD,In Person,https://programsandcourses.anu.edu.au/2021/course/ENGN3410
ENGN3410,2022,Engineering Sustainable Systems,6,6,S2,ENGN2225|ENGN2300|ENVS2011,ENGN6410,UGRD,In Person,https://programsandcourses.anu.edu.au/2022/course/ENGN3410
ENGN3410,2023,Engineering Sustainable Systems,6,6,S2,ENGN2225|ENGN2300|ENVS2011,ENGN6410,UGRD,In Person,https://programsandcourses.anu.edu.au/2023/course/ENGN3410
ENGN3410,2024,Engineering Sustainable Systems,6,6,S2,ENGN2225|ENGN2300|ENVS2011,ENGN6410,UGRD,In Person,https://programsandcourses.anu.edu.au/2024/course/ENGN3410
ENGN3410,2025,Engineering Sustainable Systems,6,6,UNKNOWN,ENGN2225|ENGN2300|ENVS2011,ENGN6410,UGRD,In Person,https://programsandcourses.anu.edu.au/2025/course/ENGN3410
ENGN3410,2026,Engineering Sustainable Systems,6,6,S2,ENGN2225|ENGN2300|ENVS2011,ENGN6410,UGRD,In Person,https://programsandcourses.anu.edu.au/2026/course/ENGN3410
ENGN3410,2027,Engineering Sustainable Systems,6,6,S2,ENGN2225|ENGN2300|ENVS2011,ENGN6410,UGRD,In Person,https://programsandcourses.anu.edu.au/2027/course/ENGN3410
ENGN3415,2026,Signal and Information Processing,6,6,UNKNOWN,MATH1005|MATH1013|MATH1115,ENGN6415,UGRD,In Person,https://programsandcourses.anu.edu.au/2026/course/ENGN3415
ENGN3415,2027,Signal and Information Processing,6,6,S1,MATH1005|MATH1013|MATH1115,ENGN6415,UGRD,In Person,https://programsandcourses.anu.edu.au/2027/course/ENGN3415
ENGN3516,2020,Energy Resources and Renewable Technologies,6,6,S2,ENGN2226|ENGN2301,ENGN6516,UGRD,In Person,https://programsandcourses.anu.edu.au/2020/course/ENGN3516
ENGN3516,2021,Energy Resources and Renewable Technologies,6,6,S2,ENGN2226|ENGN2301,ENGN6516,UGRD,In Person,https://programsandcourses.anu.edu.au/2021/course/ENGN3516
ENGN3516,2022,Energy Resources and Renewable Technologies,6,6,S2,ENGN2226|ENGN2301,ENGN6516,UGRD,In Person,https://programsandcourses.anu.edu.au/2022/course/ENGN3516
ENGN3516,2023,Energy Resources and Renewable Technologies,6,6,S2,ENGN2226|ENGN2301,ENGN6516,UGRD,In Person,https://programsandcourses.anu.edu.au/2023/course/ENGN3516
ENGN3516,2024,Energy Resources and Renewable Technologies,6,6,S2,ENGN2226|ENGN2301,ENGN6516,UGRD,In Person,https://programsandcourses.anu.edu.au/2024/course/ENGN3516
ENGN3516,2025,Energy Resources and Renewable Technologies,6,6,S2,ENGN2226|ENGN2301,ENGN6516,UGRD,In Person,https://programsandcourses.anu.edu.au/2025/course/ENGN3516
ENGN3516,2026,Energy Resources and Renewable Technologies,6,6,S2,ENGN2226|ENGN2301,ENGN6516,UGRD,In Person,https://programsandcourses.anu.edu.au/2026/course/ENGN3516
ENGN3516,2027,Energy Resources and Renewable Technologies,6,6,S2,ENGN2226|ENGN2301,ENGN6516,UGRD,In Person,https://programsandcourses.anu.edu.au/2027/course/ENGN3516
ENGN3539,2019,Data Communication Networks,6,6,UNKNOWN,ENGN2219,ENGN6539,UGRD,In Person,https://programsandcourses.anu.edu.au/2019/course/ENGN3539
ENGN3539,2020,Computer Networks,6,6,UNKNOWN,ENGN2219,COMP3310|COMP6331|ENGN6539,UGRD,In Person,https://programsandcourses.anu.edu.au/2020/course/ENGN3539
ENGN3539,2021,Computer Networks,6,6,S1,ENGN2219,COMP3310|COMP6331|ENGN6539,UGRD,In Person,https://programsandcourses.anu.edu.au/2021/course/ENGN3539
ENGN3539,2022,Computer Networks,6,6,S1,ENGN2219,COMP3310|COMP6331|ENGN6539,UGRD,In Person,https://programsandcourses.anu.edu.au/2022/course/ENGN3539
ENGN3539,2023,Computer Networks,6,6,S1,ENGN2219,COMP3310|COMP6331|ENGN6539,UGRD,In Person,https://programsandcourses.anu.edu.au/2023/course/ENGN3539
ENGN3539,2025,Computer Networks,6,6,S1,ENGN2219,COMP3310|COMP6331|ENGN6539,UGRD,In Person,https://programsandcourses.anu.edu.au/2025/course/ENGN3539
ENGN3539,2026,Computer Networks,6,6,S1,ENGN2219,COMP3310|COMP6331|ENGN6539,UGRD,In Person,https://programsandcourses.anu.edu.au/2026/course/ENGN3539
ENGN3539,2027,Computer Networks,6,6,S1,ENGN2219,COMP3310|COMP6331|ENGN6539,UGRD,In Person,https://programsandcourses.anu.edu.au/2027/course/ENGN3539
ENGN3706,2014,Engineering Research & Development Project,6,6,S1|S2|SUMMER,ENGN2706,,UGRD,In Person,https://programsandcourses.anu.edu.au/2014/course/ENGN3706
ENGN3706,2015,Engineering Research & Development Project,6,6,S1|S2|SUMMER|SPRING,ENGN2706,,UGRD,In Person,https://programsandcourses.anu.edu.au/2015/course/ENGN3706
ENGN3706,2016,Engineering Research & Development Project,6,6,S1|S2,ENGN2706,,UGRD,In Person,https://programsandcourses.anu.edu.au/2016/course/ENGN3706
ENGN3706,2017,Engineering Research & Development Project,6,6,S1|S2|SUMMER|WINTER|AUTUMN|SPRING,ENGN2706,,UGRD,In Person,https://programsandcourses.anu.edu.au/2017/course/ENGN3706
ENGN3706,2018,Engineering Research & Development Project,6,6,S1|S2|SPRING,ENGN2706,,UGRD,In Person,https://programsandcourses.anu.edu.au/2018/course/ENGN3706
ENGN3706,2019,Engineering Research & Development Project,6,6,S1|S2|SPRING,ENGN2706,,UGRD,In Person,https://programsandcourses.anu.edu.au/2019/course/ENGN3706
ENGN3706,2020,Engineering Research & Development Project,6,6,S1|S2,ENGN2706,,UGRD,In Person,https://programsandcourses.anu.edu.au/2020/course/ENGN3706
ENGN3706,2021,Engineering Research & Development Project,6,6,S1|S2,ENGN2706,,UGRD,In Person,https://programsandcourses.anu.edu.au/2021/course/ENGN3706
ENGN3706,2022,Engineering Research & Development Project,6,6,S1|S2,ENGN2706,,UGRD,In Person,https://programsandcourses.anu.edu.au/2022/course/ENGN3706
ENGN3706,2023,Engineering Research & Development Project,6,6,S1|S2,ENGN2706,,UGRD,In Person,https://programsandcourses.anu.edu.au/2023/course/ENGN3706
ENGN3706,2024,Engineering Research & Development Project,6,6,S1|S2,ENGN2706,,UGRD,In Person,https://programsandcourses.anu.edu.au/2024/course/ENGN3706
ENGN3706,2025,Engineering Research & Development Project,6,6,S1|S2,ENGN2706,,UGRD,In Person,https://programsandcourses.anu.edu.au/2025/course/ENGN3706
ENGN3706,2026,Engineering Research & Development Project,6,6,S1|S2,ENGN2706,,UGRD,In Person,https://programsandcourses.anu.edu.au/2026/course/ENGN3706
ENGN3706,2027,Engineering Research & Development Project,6,6,S1|S2,ENGN2706,,UGRD,In Person,https://programsandcourses.anu.edu.au/2027/course/ENGN3706
ENGN3712,2014,Engineering Research and Development Project,6,12,S1|S2|SUMMER,ENGN2706,,UGRD,In Person,https://programsandcourses.anu.edu.au/2014/course/ENGN3712
ENGN3712,2015,Engineering Research and Development Project,6,12,S1|S2|SUMMER|SPRING,ENGN2706,,UGRD,In Person,https://programsandcourses.anu.edu.au/2015/course/ENGN3712
ENGN3712,2016,Engineering Research and Development Project,6,12,S1|S2,ENGN2706,,UGRD,In Person,https://programsandcourses.anu.edu.au/2016/course/ENGN3712
ENGN3712,2017,Engineering Research and Development Project,6,12,S1|S2|SUMMER|WINTER|AUTUMN|SPRING,ENGN2706,,UGRD,In Person,https://programsandcourses.anu.edu.au/2017/course/ENGN3712
ENGN3712,2018,Engineering Research and Development Project,6,12,S1|S2|SPRING,ENGN2706,,UGRD,In Person,https://programsandcourses.anu.edu.au/2018/course/ENGN3712
ENGN3712,2019,Engineering Research and Development Project,6,12,S1|S2|SPRING,ENGN2706,,UGRD,In Person,https://programsandcourses.anu.edu.au/2019/course/ENGN3712
ENGN3712,2020,Engineering Research and Development Project,6,12,S1|S2,ENGN2706,,UGRD,In Person,https://programsandcourses.anu.edu.au/2020/course/ENGN3712
ENGN3712,2021,Engineering Research and Development Project,6,12,S1|S2,ENGN2706,,UGRD,In Person,https://programsandcourses.anu.edu.au/2021/course/ENGN3712
ENGN3712,2022,Engineering Research and Development Project,6,12,S1|S2,ENGN2706,,UGRD,In Person,https://programsandcourses.anu.edu.au/2022/course/ENGN3712
ENGN3712,2023,Engineering Research and Development Project,6,12,S1|S2,ENGN2706,,UGRD,In Person,https://programsandcourses.anu.edu.au/2023/course/ENGN3712
ENGN3712,2025,Engineering Research and Development Project,6,12,S1|S2,ENGN2706,,UGRD,In Person,https://programsandcourses.anu.edu.au/2025/course/ENGN3712
ENGN3712,2026,Engineering Research and Development Project,6,12,S1|S2,ENGN2706,,UGRD,In Person,https://programsandcourses.anu.edu.au/2026/course/ENGN3712
ENGN3712,2027,Engineering Research and Development Project,6,12,S1|S2,ENGN2706,,UGRD,In Person,https://programsandcourses.anu.edu.au/2027/course/ENGN3712
ENGN3820,2015,Biomedical Imaging,6,6,S1,BIOL1004|ENGN2217|ENGN2218,,UGRD,In Person,https://programsandcourses.anu.edu.au/2015/course/ENGN3820
ENGN3820,2016,Biomedical Imaging,6,6,S1,ENGN2217|ENGN2218|BIOL1004,,UGRD,In Person,https://programsandcourses.anu.edu.au/2016/course/ENGN3820
ENGN3820,2017,Biomedical Imaging,6,6,S1,ENGN2217|ENGN2218|BIOL1004,,UGRD,In Person,https://programsandcourses.anu.edu.au/2017/course/ENGN3820
ENGN3820,2018,Biomedical Imaging,6,6,S1,ENGN2217|ENGN2218|BIOL1004,,UGRD,In Person,https://programsandcourses.anu.edu.au/2018/course/ENGN3820
ENGN3820,2019,Biomedical Imaging,6,6,S1,ENGN2217|ENGN2218|BIOL1004,,UGRD,In Person,https://programsandcourses.anu.edu.au/2019/course/ENGN3820
ENGN3820,2020,Biomedical Imaging,6,6,S1,ENGN2217|ENGN2218|BIOL1004,,UGRD,In Person,https://programsandcourses.anu.edu.au/2020/course/ENGN3820
ENGN3820,2021,Biomedical Imaging,6,6,S2,ENGN2217|ENGN2218|BIOL1004,,UGRD,In Person,https://programsandcourses.anu.edu.au/2021/course/ENGN3820
ENGN3820,2022,"Biomedical Imaging: Principles, Technologies and Applications in Health Sciences",6,6,S2,BIOL1004|ENGN2217|ENGN2218,MEDN3820|MEDN6820,UGRD,In Person,https://programsandcourses.anu.edu.au/2022/course/ENGN3820
ENGN3820,2024,"Biomedical Imaging: Principles, Technologies and Applications in Health Sciences",6,6,UNKNOWN,BIOL1004|ENGN2217|ENGN2218,MEDN3820|MEDN6820,UGRD,In Person,https://programsandcourses.anu.edu.au/2024/course/ENGN3820
ENGN3820,2025,"Biomedical Imaging: Principles, Technologies and Applications in Health Sciences",6,6,UNKNOWN,BIOL1004|ENGN2217|ENGN2218,MEDN3820|MEDN6820,UGRD,In Person,https://programsandcourses.anu.edu.au/2025/course/ENGN3820
ENGN3820,2026,"Biomedical Imaging: Principles, Technologies and Applications in Health Sciences",6,6,UNKNOWN,BIOL1004|ENGN2217|ENGN2218,MEDN3820|MEDN6820,UGRD,In Person,https://programsandcourses.anu.edu.au/2026/course/ENGN3820
ENGN3820,2027,"Biomedical Imaging: Principles, Technologies and Applications in Health Sciences",6,6,UNKNOWN,BIOL1004|ENGN2217|ENGN2218,MEDN3820|MEDN6820,UGRD,In Person,https://programsandcourses.anu.edu.au/2027/course/ENGN3820
ENGN3901,2021,Environmental Fluid Mechanics,6,6,UNKNOWN,ENGN2222|ENGN2228,,UGRD,In Person,https://programsandcourses.anu.edu.au/2021/course/ENGN3901
ENGN3901,2022,Environmental Fluid Mechanics,6,6,S1,ENGN2222|ENGN2228,,UGRD,In Person,https://programsandcourses.anu.edu.au/2022/course/ENGN3901
ENGN3901,2023,Environmental Fluid Mechanics,6,6,S1,ENGN2222|ENGN2228,,UGRD,In Person,https://programsandcourses.anu.edu.au/2023/course/ENGN3901
ENGN3901,2024,Environmental Fluid Mechanics,6,6,S1,,,UGRD,In Person,https://programsandcourses.anu.edu.au/2024/course/ENGN3901
ENGN3901,2025,Environmental Fluid Mechanics,6,6,S1,,,UGRD,In Person,https://programsandcourses.anu.edu.au/2025/course/ENGN3901
ENGN3901,2026,Environmental Fluid Mechanics,6,6,S1,,,UGRD,In Person,https://programsandcourses.anu.edu.au/2026/course/ENGN3901
ENGN3901,2027,Environmental Fluid Mechanics,6,6,S1,,,UGRD,In Person,https://programsandcourses.anu.edu.au/2027/course/ENGN3901
ENGN3902,2021,Environmental Chemistry and Systems,6,6,UNKNOWN,ENGN2222|ENGN2228,,UGRD,In Person,https://programsandcourses.anu.edu.au/2021/course/ENGN3902
ENGN3902,2022,Environmental Chemistry and Systems,6,6,S2,ENGN2222|ENGN2228,,UGRD,In Person,https://programsandcourses.anu.edu.au/2022/course/ENGN3902
ENGN3902,2023,Environmental Chemistry and Systems,6,6,S2,ENGN2222|ENGN2228,,UGRD,In Person,https://programsandcourses.anu.edu.au/2023/course/ENGN3902
ENGN3902,2024,Environmental Chemistry and Systems,6,6,S2,,ENVS3902,UGRD,In Person,https://programsandcourses.anu.edu.au/2024/course/ENGN3902
ENGN3902,2025,Environmental Chemistry and Systems,6,6,UNKNOWN,,ENVS3902,UGRD,In Person,https://programsandcourses.anu.edu.au/2025/course/ENGN3902
ENGN3902,2026,Environmental Chemistry and Systems,6,6,UNKNOWN,,ENVS3902,UGRD,In Person,https://programsandcourses.anu.edu.au/2026/course/ENGN3902
ENGN3902,2027,Environmental Chemistry and Systems,6,6,S2,,ENVS3902,UGRD,In Person,https://programsandcourses.anu.edu.au/2027/course/ENGN3902
ENGN3903,2021,"Environmental Sensing, Mapping and Modelling",6,6,UNKNOWN,ENGN2222|ENGN2228,,UGRD,In Person,https://programsandcourses.anu.edu.au/2021/course/ENGN3903
ENGN3903,2022,"Environmental Sensing, Mapping and Modelling",6,6,S2,ENGN2222|ENGN2228,,UGRD,In Person,https://programsandcourses.anu.edu.au/2022/course/ENGN3903
ENGN3903,2023,"Environmental Sensing, Mapping and Modelling",6,6,S2,ENGN2222|ENGN2228,,UGRD,In Person,https://programsandcourses.anu.edu.au/2023/course/ENGN3903
ENGN3903,2024,"Environmental Sensing, Mapping and Modelling",6,6,S2,PHYS1001|PHYS1101|MATH1013|MATH1115|MATH1014|MATH1116,ENVS3903,UGRD,In Person,https://programsandcourses.anu.edu.au/2024/course/ENGN3903
ENGN3903,2025,"Environmental Sensing, Mapping and Modelling",6,6,S2,PHYS1001|PHYS1101|MATH1013|MATH1115|MATH1014|MATH1116,ENVS3903,UGRD,In Person,https://programsandcourses.anu.edu.au/2025/course/ENGN3903
ENGN3903,2026,"Environmental Sensing, Mapping and Modelling",6,6,S2,PHYS1001|PHYS1101|MATH1013|MATH1115|MATH1014|MATH1116,ENVS3903,UGRD,In Person,https://programsandcourses.anu.edu.au/2026/course/ENGN3903
ENGN3903,2027,"Environmental Sensing, Mapping and Modelling",6,6,S2,PHYS1001|PHYS1101|MATH1013|MATH1115|MATH1014|MATH1116,ENVS3903,UGRD,In Person,https://programsandcourses.anu.edu.au/2027/course/ENGN3903
ENGN4122,2026,Intelligent Autonomous Systems,6,6,S2,ENGN3223,ENGN8122|ENGN8536,UGRD,In Person,https://programsandcourses.anu.edu.au/2026/course/ENGN4122
ENGN4122,2027,Intelligent Autonomous Systems,6,6,S2,ENGN3223,ENGN8122|ENGN8536,UGRD,In Person,https://programsandcourses.anu.edu.au/2027/course/ENGN4122
ENGN4200,2014,Individual Project,6,12,S1|S2|SUMMER,ENGN3221,,UGRD,In Person,https://programsandcourses.anu.edu.au/2014/course/ENGN4200
ENGN4200,2015,Individual Project,6,12,S1|S2|SUMMER|SPRING,ENGN3221,,UGRD,In Person,https://programsandcourses.anu.edu.au/2015/course/ENGN4200
ENGN4200,2016,Individual Project,6,12,S1|S2,ENGN3221,,UGRD,In Person,https://programsandcourses.anu.edu.au/2016/course/ENGN4200
ENGN4200,2017,Individual Project,6,12,S1|S2|SUMMER|SPRING,ENGN3221,,UGRD,In Person,https://programsandcourses.anu.edu.au/2017/course/ENGN4200
ENGN4200,2018,Individual Project,6,12,S1|S2,ENGN3221,,UGRD,In Person,https://programsandcourses.anu.edu.au/2018/course/ENGN4200
ENGN4200,2019,Individual Project,6,12,S1|S2,ENGN3221,,UGRD,In Person,https://programsandcourses.anu.edu.au/2019/course/ENGN4200
ENGN4200,2020,Individual Project,6,12,S1|S2,ENGN3221,,UGRD,In Person,https://programsandcourses.anu.edu.au/2020/course/ENGN4200
ENGN4200,2021,Individual Project,6,12,S1|S2,ENGN3221,,UGRD,In Person,https://programsandcourses.anu.edu.au/2021/course/ENGN4200
ENGN4200,2022,Individual Project,6,12,S1|S2,ENGN3221,,UGRD,In Person,https://programsandcourses.anu.edu.au/2022/course/ENGN4200
ENGN4200,2023,Individual Project,6,12,S1|S2,ENGN3221,,UGRD,In Person,https://programsandcourses.anu.edu.au/2023/course/ENGN4200
ENGN4200,2024,Individual Project,6,12,S1|S2,ENGN3221,,UGRD,In Person,https://programsandcourses.anu.edu.au/2024/course/ENGN4200
ENGN4200,2025,Individual Project,6,12,S1|S2,ENGN3221,,UGRD,In Person,https://programsandcourses.anu.edu.au/2025/course/ENGN4200
ENGN4200,2026,Individual Project,6,12,S1|S2,ENGN3221,,UGRD,In Person,https://programsandcourses.anu.edu.au/2026/course/ENGN4200
ENGN4200,2027,Individual Project,6,12,S1|S2,ENGN3221,,UGRD,In Person,https://programsandcourses.anu.edu.au/2027/course/ENGN4200
ENGN4212,2019,Manufacturing Technologies,6,6,S1,ENGN1215|ENGN2217,ENGN6212,UGRD,In Person,https://programsandcourses.anu.edu.au/2019/course/ENGN4212
ENGN4212,2020,Manufacturing Technologies,6,6,S2,ENGN1215|ENGN2217,ENGN6212,UGRD,In Person,https://programsandcourses.anu.edu.au/2020/course/ENGN4212
ENGN4212,2021,Manufacturing Technologies,6,6,S2,ENGN1215|ENGN2217,ENGN6212,UGRD,In Person,https://programsandcourses.anu.edu.au/2021/course/ENGN4212
ENGN4212,2022,Manufacturing Technologies,6,6,S2,PHYS1101|ENGN2217,ENGN6212,UGRD,In Person,https://programsandcourses.anu.edu.au/2022/course/ENGN4212
ENGN4212,2024,Manufacturing Technologies,6,6,UNKNOWN,PHYS1101|ENGN2217,ENGN6212,UGRD,In Person,https://programsandcourses.anu.edu.au/2024/course/ENGN4212
ENGN4212,2025,Manufacturing Technologies,6,6,UNKNOWN,PHYS1101|ENGN2217,ENGN6212,UGRD,In Person,https://programsandcourses.anu.edu.au/2025/course/ENGN4212
ENGN4212,2026,Manufacturing Technologies,6,6,UNKNOWN,PHYS1101|ENGN2217,ENGN6212,UGRD,In Person,https://programsandcourses.anu.edu.au/2026/course/ENGN4212
ENGN4212,2027,Manufacturing Technologies,6,6,UNKNOWN,PHYS1101|ENGN2217,ENGN6212,UGRD,In Person,https://programsandcourses.anu.edu.au/2027/course/ENGN4212
ENGN4213,2022,Digital Systems and Microprocessors,6,6,S1,ENGN2218|COMP2300,ENGN6213,UGRD,In Person,https://programsandcourses.anu.edu.au/2022/course/ENGN4213
ENGN4213,2023,Digital Systems and Microprocessors,6,6,S1,ENGN2218|COMP2300,ENGN6213,UGRD,In Person,https://programsandcourses.anu.edu.au/2023/course/ENGN4213
ENGN4213,2024,Digital Systems and Microprocessors,6,6,S1,ENGN2218|COMP2300,ENGN6213,UGRD,In Person,https://programsandcourses.anu.edu.au/2024/course/ENGN4213
ENGN4213,2025,Digital Systems and Microprocessors,6,6,S1,ENGN2218|ENGN2219|COMP2300,ENGN6213,UGRD,In Person,https://programsandcourses.anu.edu.au/2025/course/ENGN4213
ENGN4213,2026,Digital Systems and Microprocessors,6,6,S1,ENGN2218|ENGN2219|COMP2300,ENGN6213,UGRD,In Person,https://programsandcourses.anu.edu.au/2026/course/ENGN4213
ENGN4213,2027,Digital Systems and Microprocessors,6,6,S1,ENGN2218|ENGN2219|COMP2300,ENGN6213,UGRD,In Person,https://programsandcourses.anu.edu.au/2027/course/ENGN4213
ENGN4300,2019,Capstone Design Project,6,12,UNKNOWN,ENGN3301,,UGRD,In Person,https://programsandcourses.anu.edu.au/2019/course/ENGN4300
ENGN4300,2020,Capstone Design Project,6,12,UNKNOWN,ENGN3301,,UGRD,In Person,https://programsandcourses.anu.edu.au/2020/course/ENGN4300
ENGN4300,2021,Capstone Design Project,6,12,UNKNOWN,ENGN3301,,UGRD,In Person,https://programsandcourses.anu.edu.au/2021/course/ENGN4300
ENGN4300,2022,Capstone Design Project,12,12,S1|S2,ENGN3301,ENGN4221,UGRD,In Person,https://programsandcourses.anu.edu.au/2022/course/ENGN4300
ENGN4300,2023,Capstone Design Project,6,12,S1|S2,ENGN3300|ENGN3000,ENGN4221,UGRD,In Person,https://programsandcourses.anu.edu.au/2023/course/ENGN4300
ENGN4300,2024,Capstone Design Project,6,12,S1|S2,ENGN3300|ENGN3000,ENGN4221,UGRD,In Person,https://programsandcourses.anu.edu.au/2024/course/ENGN4300
ENGN4300,2025,Capstone Design Project,6,12,S1|S2,ENGN3300|ENGN3000,ENGN4221,UGRD,In Person,https://programsandcourses.anu.edu.au/2025/course/ENGN4300
ENGN4300,2026,Capstone Design Project,6,12,S1|S2,ENGN3300|ENGN3000,ENGN4221,UGRD,In Person,https://programsandcourses.anu.edu.au/2026/course/ENGN4300
ENGN4300,2027,Capstone Design Project,6,12,S1|S2,ENGN3300|ENGN3000,ENGN4221,UGRD,In Person,https://programsandcourses.anu.edu.au/2027/course/ENGN4300
ENGN4337,2022,Flight Dynamics,6,6,UNKNOWN,ENGN3338,,UGRD,In Person,https://programsandcourses.anu.edu.au/2022/course/ENGN4337
ENGN4337,2023,Flight Dynamics,6,6,S1,ENGN3338,,UGRD,In Person,https://programsandcourses.anu.edu.au/2023/course/ENGN4337
ENGN4337,2024,Flight Dynamics,6,6,S1,ENGN3338,,UGRD,In Person,https://programsandcourses.anu.edu.au/2024/course/ENGN4337
ENGN4337,2025,Flight Dynamics,6,6,S1,ENGN3338|ENGN3223,,UGRD,In Person,https://programsandcourses.anu.edu.au/2025/course/ENGN4337
ENGN4337,2026,Flight Dynamics,6,6,S1,ENGN3338|ENGN3223,,UGRD,In Person,https://programsandcourses.anu.edu.au/2026/course/ENGN4337
ENGN4337,2027,Flight Dynamics,6,6,S1,ENGN3338|ENGN3223,,UGRD,In Person,https://programsandcourses.anu.edu.au/2027/course/ENGN4337
ENGN4338,2022,Propulsion Systems,6,6,UNKNOWN,ENGN3338,,UGRD,In Person,https://programsandcourses.anu.edu.au/2022/course/ENGN4338
ENGN4338,2023,Propulsion Systems,6,6,S1,ENGN3338,,UGRD,In Person,https://programsandcourses.anu.edu.au/2023/course/ENGN4338
ENGN4338,2024,Propulsion Systems,6,6,S1,ENGN3338,,UGRD,In Person,https://programsandcourses.anu.edu.au/2024/course/ENGN4338
ENGN4338,2025,Propulsion Systems,6,6,S2,ENGN3338,,UGRD,In Person,https://programsandcourses.anu.edu.au/2025/course/ENGN4338
ENGN4338,2026,Propulsion Systems,6,6,S2,ENGN3338,,UGRD,In Person,https://programsandcourses.anu.edu.au/2026/course/ENGN4338
ENGN4338,2027,Propulsion Systems,6,6,S2,ENGN3338,,UGRD,In Person,https://programsandcourses.anu.edu.au/2027/course/ENGN4338
ENGN4339,2022,Aircraft Design and Performance,6,6,UNKNOWN,ENGN3338|ENGN3339,,UGRD,In Person,https://programsandcourses.anu.edu.au/2022/course/ENGN4339
ENGN4339,2023,Aircraft Design and Performance,6,6,S2,ENGN3338|ENGN3339,,UGRD,In Person,https://programsandcourses.anu.edu.au/2023/course/ENGN4339
ENGN4339,2024,Aircraft and Spacecraft - Design and Performance,6,6,S2,ENGN3338|ENGN3339,,UGRD,In Person,https://programsandcourses.anu.edu.au/2024/course/ENGN4339
ENGN4339,2025,Aircraft and Spacecraft - Design and Performance,6,6,S2,ENGN3338|ENGN3339|ENGN3223,,UGRD,In Person,https://programsandcourses.anu.edu.au/2025/course/ENGN4339
ENGN4339,2026,Aerospace Instrumentation and Avionics,6,6,S2,ENGN2218|ENGN3338,,UGRD,In Person,https://programsandcourses.anu.edu.au/2026/course/ENGN4339
ENGN4339,2027,Aerospace Instrumentation and Avionics,6,6,S2,ENGN2218|ENGN3338,,UGRD,In Person,https://programsandcourses.anu.edu.au/2027/course/ENGN4339
ENGN4350,2019,Individual Project,12,12,UNKNOWN,,,UGRD,In Person,https://programsandcourses.anu.edu.au/2019/course/ENGN4350
ENGN4350,2020,Individual Project,12,12,UNKNOWN,,,UGRD,In Person,https://programsandcourses.anu.edu.au/2020/course/ENGN4350
ENGN4350,2021,Individual Project,6,12,UNKNOWN,,,UGRD,In Person,https://programsandcourses.anu.edu.au/2021/course/ENGN4350
ENGN4350,2022,Individual Project,12,12,S1|S2,,,UGRD,In Person,https://programsandcourses.anu.edu.au/2022/course/ENGN4350
ENGN4350,2023,Individual Project,6,12,S1|S2,ENGN3300|ENGN3000|ENGN4350,,UGRD,In Person,https://programsandcourses.anu.edu.au/2023/course/ENGN4350
ENGN4350,2024,Individual Project,6,12,S1|S2,ENGN4350|ENGN3300|ENGN3000|ENGN4300,,UGRD,In Person,https://programsandcourses.anu.edu.au/2024/course/ENGN4350
ENGN4350,2025,Individual Project,6,12,S1|S2,ENGN4350|ENGN3300|ENGN3000,ENGN4712|ENGN4300|ENGN4350,UGRD,In Person,https://programsandcourses.anu.edu.au/2025/course/ENGN4350
ENGN4350,2026,Individual Project,6,12,S1|S2,ENGN4350|ENGN3300|ENGN3000,ENGN4712|ENGN4300|ENGN4350,UGRD,In Person,https://programsandcourses.anu.edu.au/2026/course/ENGN4350
ENGN4350,2027,Individual Project,6,12,S1|S2,ENGN4350|ENGN3300|ENGN3000,ENGN4712|ENGN4300|ENGN4350,UGRD,In Person,https://programsandcourses.anu.edu.au/2027/course/ENGN4350
ENGN4430,2026,Applied AI for Electronic Systems,6,6,UNKNOWN,MATH1013|MATH1115|MATH1005,ENGN8430,UGRD,In Person,https://programsandcourses.anu.edu.au/2026/course/ENGN4430
ENGN4430,2027,Applied AI for Electronic Systems,6,6,S2,MATH1013|MATH1115|MATH1005,ENGN8430,UGRD,In Person,https://programsandcourses.anu.edu.au/2027/course/ENGN4430
ENGN4520,2014,Special Topics in Engineering I,6,6,S1|S2|WINTER,,,UGRD,In Person,https://programsandcourses.anu.edu.au/2014/course/ENGN4520
ENGN4520,2015,Special Topics in Engineering I,6,6,S1|S2|SUMMER|WINTER|SPRING,,,UGRD,In Person,https://programsandcourses.anu.edu.au/2015/course/ENGN4520
ENGN4520,2016,Special Topics in Engineering I,6,6,S1|S2|SUMMER|WINTER,,,UGRD,In Person,https://programsandcourses.anu.edu.au/2016/course/ENGN4520
ENGN4520,2017,Special Topics in Engineering I,6,6,S1|S2|SUMMER|WINTER|AUTUMN,,,UGRD,In Person,https://programsandcourses.anu.edu.au/2017/course/ENGN4520
ENGN4520,2018,Special Topics in Engineering I,6,6,S1|S2|SUMMER|WINTER|AUTUMN,,,UGRD,In Person,https://programsandcourses.anu.edu.au/2018/course/ENGN4520
ENGN4520,2019,Special Topics in Engineering I,6,6,S1|S2|SUMMER|WINTER|SPRING,,,UGRD,In Person,https://programsandcourses.anu.edu.au/2019/course/ENGN4520
ENGN4520,2020,Special Topics in Engineering I,6,6,S1|S2|SUMMER|WINTER,,,UGRD,In Person,https://programsandcourses.anu.edu.au/2020/course/ENGN4520
ENGN4520,2021,Special Topics in Engineering I,6,6,S1|S2|SUMMER|WINTER,,,UGRD,In Person,https://programsandcourses.anu.edu.au/2021/course/ENGN4520
ENGN4520,2022,Special Topics in Engineering I,6,6,S1|S2|SUMMER|WINTER,,,UGRD,In Person,https://programsandcourses.anu.edu.au/2022/course/ENGN4520
ENGN4520,2023,Special Topics in Engineering I,6,6,UNKNOWN,,,UGRD,In Person,https://programsandcourses.anu.edu.au/2023/course/ENGN4520
ENGN4520,2024,Special Topics in Engineering I,6,6,SUMMER,,,UGRD,In Person,https://programsandcourses.anu.edu.au/2024/course/ENGN4520
ENGN4520,2025,Special Topics in Engineering I,6,6,UNKNOWN,,,UGRD,In Person,https://programsandcourses.anu.edu.au/2025/course/ENGN4520
ENGN4520,2026,Special Topics in Engineering I,6,6,UNKNOWN,,,UGRD,In Person,https://programsandcourses.anu.edu.au/2026/course/ENGN4520
ENGN4520,2027,Special Topics in Engineering I,6,6,SUMMER,,,UGRD,In Person,https://programsandcourses.anu.edu.au/2027/course/ENGN4520
ENGN4521,2014,Special Topics in Engineering 2,6,6,S1|S2,,,UGRD,In Person,https://programsandcourses.anu.edu.au/2014/course/ENGN4521
ENGN4521,2015,Special Topics in Engineering 2,6,6,S1|S2|SUMMER|SPRING,,,UGRD,In Person,https://programsandcourses.anu.edu.au/2015/course/ENGN4521
ENGN4521,2016,Special Topics in Engineering 2,6,6,S1|S2,,,UGRD,In Person,https://programsandcourses.anu.edu.au/2016/course/ENGN4521
ENGN4521,2017,Special Topics in Engineering 2,6,6,S1|S2|WINTER,,,UGRD,In Person,https://programsandcourses.anu.edu.au/2017/course/ENGN4521
ENGN4521,2018,Special Topics in Engineering 2,6,6,S2,,,UGRD,In Person,https://programsandcourses.anu.edu.au/2018/course/ENGN4521
ENGN4521,2019,Special Topics in Engineering 2,6,6,S1|S2|SPRING,,,UGRD,In Person,https://programsandcourses.anu.edu.au/2019/course/ENGN4521
ENGN4521,2020,Special Topics in Engineering 2,6,6,S1|S2,,,UGRD,In Person,https://programsandcourses.anu.edu.au/2020/course/ENGN4521
ENGN4521,2021,Special Topics in Engineering 2,6,6,S1|S2,,,UGRD,In Person,https://programsandcourses.anu.edu.au/2021/course/ENGN4521
ENGN4521,2023,Special Topics in Engineering 2,6,6,UNKNOWN,,,UGRD,In Person,https://programsandcourses.anu.edu.au/2023/course/ENGN4521
ENGN4521,2024,Special Topics in Engineering 2,6,6,UNKNOWN,,,UGRD,In Person,https://programsandcourses.anu.edu.au/2024/course/ENGN4521
ENGN4521,2025,Special Topics in Engineering 2,6,6,UNKNOWN,,,UGRD,In Person,https://programsandcourses.anu.edu.au/2025/course/ENGN4521
ENGN4521,2026,Special Topics in Engineering 2,6,6,UNKNOWN,,,UGRD,In Person,https://programsandcourses.anu.edu.au/2026/course/ENGN4521
ENGN4521,2027,Special Topics in Engineering 2,6,6,UNKNOWN,,,UGRD,In Person,https://programsandcourses.anu.edu.au/2027/course/ENGN4521
ENGN4524,2014,Photovoltaic Technologies,6,6,S1,ENGN3334,,UGRD,In Person,https://programsandcourses.anu.edu.au/2014/course/ENGN4524
ENGN4524,2015,Photovoltaic Technologies,6,6,S1,ENGN2218,,UGRD,In Person,https://programsandcourses.anu.edu.au/2015/course/ENGN4524
ENGN4524,2016,Photovoltaic Technologies,6,6,S1,ENGN2218,,UGRD,In Person,https://programsandcourses.anu.edu.au/2016/course/ENGN4524
ENGN4524,2017,Photovoltaic Technologies,6,6,S1,ENGN2218,ENGN6524,UGRD,In Person,https://programsandcourses.anu.edu.au/2017/course/ENGN4524
ENGN4524,2018,Photovoltaic Technologies,6,6,S1,ENGN2218,ENGN6524,UGRD,In Person,https://programsandcourses.anu.edu.au/2018/course/ENGN4524
ENGN4524,2019,Photovoltaic Technologies,6,6,S1,ENGN2218,ENGN6524,UGRD,In Person,https://programsandcourses.anu.edu.au/2019/course/ENGN4524
ENGN4524,2020,Photovoltaic Technologies,6,6,S1,ENGN2218,ENGN6524,UGRD,In Person,https://programsandcourses.anu.edu.au/2020/course/ENGN4524
ENGN4524,2021,Photovoltaic Technologies,6,6,S1,ENGN2218,ENGN6524,UGRD,In Person,https://programsandcourses.anu.edu.au/2021/course/ENGN4524
ENGN4524,2022,Photovoltaic Technologies,6,6,S1,ENGN2218,ENGN6524,UGRD,In Person,https://programsandcourses.anu.edu.au/2022/course/ENGN4524
ENGN4524,2023,Photovoltaic Technologies,6,6,S1,ENGN2218,ENGN6524,UGRD,In Person,https://programsandcourses.anu.edu.au/2023/course/ENGN4524
ENGN4524,2024,Photovoltaic Technologies,6,6,S1,ENGN2218,ENGN6524,UGRD,In Person,https://programsandcourses.anu.edu.au/2024/course/ENGN4524
ENGN4524,2025,Photovoltaic Technologies,6,6,S1,ENGN2218,ENGN6524,UGRD,In Person,https://programsandcourses.anu.edu.au/2025/course/ENGN4524
ENGN4524,2026,Photovoltaic Technologies,6,6,S1,ENGN2218,ENGN6524,UGRD,In Person,https://programsandcourses.anu.edu.au/2026/course/ENGN4524
ENGN4524,2027,Photovoltaic Technologies,6,6,S1,ENGN2218,ENGN6524,UGRD,In Person,https://programsandcourses.anu.edu.au/2027/course/ENGN4524
ENGN4528,2015,Computer Vision,6,6,S1,,,UGRD,In Person,https://programsandcourses.anu.edu.au/2015/course/ENGN4528
ENGN4528,2016,Computer Vision,6,6,S1,,,UGRD,In Person,https://programsandcourses.anu.edu.au/2016/course/ENGN4528
ENGN4528,2017,Computer Vision,6,6,S1,,ENGN6528,UGRD,In Person,https://programsandcourses.anu.edu.au/2017/course/ENGN4528
ENGN4528,2018,Computer Vision,6,6,S1,,ENGN6528,UGRD,In Person,https://programsandcourses.anu.edu.au/2018/course/ENGN4528
ENGN4528,2019,Computer Vision,6,6,S1,,ENGN6528,UGRD,In Person,https://programsandcourses.anu.edu.au/2019/course/ENGN4528
ENGN4528,2020,Computer Vision,6,6,S1,,ENGN6528,UGRD,In Person,https://programsandcourses.anu.edu.au/2020/course/ENGN4528
ENGN4528,2021,Computer Vision,6,6,S1,ENGN2228|COMP2120|COMP3600,ENGN6528,UGRD,In Person,https://programsandcourses.anu.edu.au/2021/course/ENGN4528
ENGN4528,2022,Computer Vision,6,6,S1,ENGN2228|COMP2120|COMP3600,ENGN6528,UGRD,In Person,https://programsandcourses.anu.edu.au/2022/course/ENGN4528
ENGN4528,2023,Computer Vision,6,6,S1,ENGN2228|COMP2120|COMP3600,ENGN6528,UGRD,In Person,https://programsandcourses.anu.edu.au/2023/course/ENGN4528
ENGN4528,2024,Computer Vision,6,6,S1,ENGN2228|COMP2120|COMP3600,ENGN6528|COMP4528,UGRD,In Person,https://programsandcourses.anu.edu.au/2024/course/ENGN4528
ENGN4528,2025,Computer Vision,6,6,S1,ENGN2228|COMP1100|COMP1130|COMP1730|COMP2120|COMP3600,ENGN6528|COMP4528|COMP6528,UGRD,In Person,https://programsandcourses.anu.edu.au/2025/course/ENGN4528
ENGN4528,2026,Computer Vision,6,6,S1,ENGN2228|COMP1100|COMP1130|COMP1730|COMP2120|COMP3600,ENGN6528|COMP4528|COMP6528,UGRD,In Person,https://programsandcourses.anu.edu.au/2026/course/ENGN4528
ENGN4528,2027,Computer Vision,6,6,S1,ENGN2228|COMP1100|COMP1130|COMP1730|COMP2120|COMP3600,ENGN6528|COMP4528|COMP6528,UGRD,In Person,https://programsandcourses.anu.edu.au/2027/course/ENGN4528
ENGN4536,2015,Wireless Communications,6,6,S2,ENGN3226,,UGRD,In Person,https://programsandcourses.anu.edu.au/2015/course/ENGN4536
ENGN4536,2016,Wireless Communications,6,6,S2,ENGN3226,,UGRD,In Person,https://programsandcourses.anu.edu.au/2016/course/ENGN4536
ENGN4536,2017,Wireless Communications,6,6,S2,ENGN3226,ENGN6536,UGRD,In Person,https://programsandcourses.anu.edu.au/2017/course/ENGN4536
ENGN4536,2018,Wireless Communications,6,6,S2,ENGN3226,ENGN6536,UGRD,In Person,https://programsandcourses.anu.edu.au/2018/course/ENGN4536
ENGN4536,2019,Wireless Communications,6,6,S2,ENGN3226,ENGN6536,UGRD,In Person,https://programsandcourses.anu.edu.au/2019/course/ENGN4536
ENGN4536,2021,Wireless Communications,6,6,S2,ENGN3226,ENGN6536,UGRD,In Person,https://programsandcourses.anu.edu.au/2021/course/ENGN4536
ENGN4536,2022,Wireless Communications,6,6,S2,ENGN3226,ENGN6536,UGRD,In Person,https://programsandcourses.anu.edu.au/2022/course/ENGN4536
ENGN4536,2023,Wireless Communications,6,6,S2,ENGN3226,ENGN6536,UGRD,In Person,https://programsandcourses.anu.edu.au/2023/course/ENGN4536
ENGN4536,2024,Wireless Communications,6,6,S2,ENGN3226,ENGN6536,UGRD,In Person,https://programsandcourses.anu.edu.au/2024/course/ENGN4536
ENGN4536,2025,Wireless Communications,6,6,S2,ENGN3226,ENGN6536,UGRD,In Person,https://programsandcourses.anu.edu.au/2025/course/ENGN4536
ENGN4536,2026,Wireless Communications,6,6,S2,ENGN3226,ENGN6536,UGRD,In Person,https://programsandcourses.anu.edu.au/2026/course/ENGN4536
ENGN4536,2027,Wireless Communications,6,6,S2,ENGN2228|ENGN3350,ENGN6536,UGRD,In Person,https://programsandcourses.anu.edu.au/2027/course/ENGN4536
ENGN4537,2014,Discrete-Time Signal Processing,6,6,S1,ENGN2228,,UGRD,In Person,https://programsandcourses.anu.edu.au/2014/course/ENGN4537
ENGN4537,2015,Discrete-Time Signal Processing,6,6,S1,ENGN2228,,UGRD,In Person,https://programsandcourses.anu.edu.au/2015/course/ENGN4537
ENGN4537,2016,Discrete-Time Signal Processing,6,6,S1,ENGN2228,,UGRD,In Person,https://programsandcourses.anu.edu.au/2016/course/ENGN4537
ENGN4537,2017,Discrete-Time Signal Processing,6,6,S1,ENGN2228,ENGN6537,UGRD,In Person,https://programsandcourses.anu.edu.au/2017/course/ENGN4537
ENGN4537,2018,Discrete-Time Signal Processing,6,6,S1,ENGN2228,ENGN6537,UGRD,In Person,https://programsandcourses.anu.edu.au/2018/course/ENGN4537
ENGN4537,2019,Digital Signal Processing,6,6,S1,ENGN2228,ENGN6537,UGRD,In Person,https://programsandcourses.anu.edu.au/2019/course/ENGN4537
ENGN4537,2020,Digital Signal Processing,6,6,S1,ENGN2228,ENGN6537,UGRD,In Person,https://programsandcourses.anu.edu.au/2020/course/ENGN4537
ENGN4537,2021,Digital Signal Processing,6,6,S1,ENGN2228,ENGN6537,UGRD,In Person,https://programsandcourses.anu.edu.au/2021/course/ENGN4537
ENGN4537,2022,Digital Signal Processing,6,6,S2,ENGN2228,ENGN6537,UGRD,In Person,https://programsandcourses.anu.edu.au/2022/course/ENGN4537
ENGN4537,2023,Digital Signal Processing,6,6,S2,ENGN2228,ENGN6537,UGRD,In Person,https://programsandcourses.anu.edu.au/2023/course/ENGN4537
ENGN4537,2024,Digital Signal Processing,6,6,S2,ENGN2228,ENGN6537,UGRD,In Person,https://programsandcourses.anu.edu.au/2024/course/ENGN4537
ENGN4537,2025,Digital Signal Processing,6,6,S2,ENGN2228,ENGN6537,UGRD,In Person,https://programsandcourses.anu.edu.au/2025/course/ENGN4537
ENGN4537,2026,Digital Signal Processing,6,6,S2,ENGN2228,ENGN6537,UGRD,In Person,https://programsandcourses.anu.edu.au/2026/course/ENGN4537
ENGN4537,2027,Digital Signal Processing,6,6,S2,ENGN2228,ENGN6537,UGRD,In Person,https://programsandcourses.anu.edu.au/2027/course/ENGN4537
ENGN4547,2019,Grid Integration of Renewable and Storage Technologies,6,6,UNKNOWN,ENGN4625,,UGRD,In Person,https://programsandcourses.anu.edu.au/2019/course/ENGN4547
ENGN4547,2020,Grid Integration of Renewable and Storage Technologies,6,6,UNKNOWN,ENGN4625,,UGRD,In Person,https://programsandcourses.anu.edu.au/2020/course/ENGN4547
ENGN4547,2021,Grid Integration of Renewable and Storage Technologies,6,6,UNKNOWN,ENGN4625,,UGRD,In Person,https://programsandcourses.anu.edu.au/2021/course/ENGN4547
ENGN4547,2022,Grid Integration of Renewable and Storage Technologies,6,6,S2,ENGN4625,,UGRD,In Person,https://programsandcourses.anu.edu.au/2022/course/ENGN4547
ENGN4547,2023,Grid Integration of Renewable and Storage Technologies,6,6,S2,ENGN4625,,UGRD,In Person,https://programsandcourses.anu.edu.au/2023/course/ENGN4547
ENGN4547,2024,Grid Integration of Renewable and Storage Technologies,6,6,S2,ENGN4625,,UGRD,In Person,https://programsandcourses.anu.edu.au/2024/course/ENGN4547
ENGN4547,2025,Grid Integration of Renewable and Storage Technologies,6,6,S1,ENGN4625,,UGRD,In Person,https://programsandcourses.anu.edu.au/2025/course/ENGN4547
ENGN4547,2026,Grid Integration of Renewable and Storage Technologies,6,6,S1,ENGN4625,,UGRD,In Person,https://programsandcourses.anu.edu.au/2026/course/ENGN4547
ENGN4547,2027,Grid Integration of Renewable and Storage Technologies,6,6,S1,ENGN4625,ENGN6547,UGRD,In Person,https://programsandcourses.anu.edu.au/2027/course/ENGN4547
ENGN4548,2019,Wind Energy,6,6,UNKNOWN,PHYS1003,,UGRD,In Person,https://programsandcourses.anu.edu.au/2019/course/ENGN4548
ENGN4548,2020,Wind Energy,6,6,WINTER,PHYS1013,ENGN6548,UGRD,In Person,https://programsandcourses.anu.edu.au/2020/course/ENGN4548
ENGN4548,2021,Wind Energy,6,6,S2,PHYS1013,ENGN6548,UGRD,In Person,https://programsandcourses.anu.edu.au/2021/course/ENGN4548
ENGN4548,2022,Wind Energy,6,6,S2,PHYS1013,ENGN6548,UGRD,In Person,https://programsandcourses.anu.edu.au/2022/course/ENGN4548
ENGN4548,2023,Wind Energy,6,6,S2,PHYS1101|PHYS1001|PHYS1013,ENGN6548,UGRD,In Person,https://programsandcourses.anu.edu.au/2023/course/ENGN4548
ENGN4548,2024,Wind Energy,6,6,S2,PHYS1101|PHYS1001|PHYS1013,ENGN6548,UGRD,In Person,https://programsandcourses.anu.edu.au/2024/course/ENGN4548
ENGN4548,2025,Wind Energy,6,6,S2,PHYS1101|PHYS1001|PHYS1013,ENGN6548,UGRD,In Person,https://programsandcourses.anu.edu.au/2025/course/ENGN4548
ENGN4548,2026,Wind Energy,6,6,S2,PHYS1101|PHYS1001|PHYS1013,ENGN6548,UGRD,In Person,https://programsandcourses.anu.edu.au/2026/course/ENGN4548
ENGN4548,2027,Wind Energy,6,6,S2,PHYS1101|PHYS1001|PHYS1013,ENGN6548,UGRD,In Person,https://programsandcourses.anu.edu.au/2027/course/ENGN4548
ENGN4549,2024,Engineering Nuclear Systems,6,6,S1,PHYS1001|PHYS1101|MATH1013|MATH1115|MATH1014|MATH1116|ENGN2222|ENGN2228,,UGRD,In Person,https://programsandcourses.anu.edu.au/2024/course/ENGN4549
ENGN4549,2025,Engineering Nuclear Systems,6,6,S1,PHYS1001|PHYS1101|MATH1013|MATH1115|MATH1014|MATH1116|ENGN2222|ENGN2228,,UGRD,In Person,https://programsandcourses.anu.edu.au/2025/course/ENGN4549
ENGN4549,2026,Engineering Nuclear Systems,6,6,S1,PHYS1001|PHYS1101|MATH1013|MATH1115|MATH1014|MATH1116|ENGN2222|ENGN2228,,UGRD,In Person,https://programsandcourses.anu.edu.au/2026/course/ENGN4549
ENGN4549,2027,Engineering Nuclear Systems,6,6,S1,PHYS1001|PHYS1101|MATH1013|MATH1115|MATH1014|MATH1116|ENGN2222|ENGN2228,,UGRD,In Person,https://programsandcourses.anu.edu.au/2027/course/ENGN4549
ENGN4625,2014,Power Electronics,6,6,S2,ENGN2218,,UGRD,In Person,https://programsandcourses.anu.edu.au/2014/course/ENGN4625
ENGN4625,2015,Power Electronics,6,6,S2,ENGN2218,,UGRD,In Person,https://programsandcourses.anu.edu.au/2015/course/ENGN4625
ENGN4625,2016,Power Electronics,6,6,S2,ENGN2218,,UGRD,In Person,https://programsandcourses.anu.edu.au/2016/course/ENGN4625
ENGN4625,2017,Power Electronics,6,6,S2,ENGN2218,ENGN6625,UGRD,In Person,https://programsandcourses.anu.edu.au/2017/course/ENGN4625
ENGN4625,2018,Power Electronics,6,6,S2,ENGN2218,ENGN6625,UGRD,In Person,https://programsandcourses.anu.edu.au/2018/course/ENGN4625
ENGN4625,2019,Power Systems and Power Electronics,6,6,S2,ENGN2218,ENGN6625,UGRD,In Person,https://programsandcourses.anu.edu.au/2019/course/ENGN4625
ENGN4625,2020,Power Systems and Power Electronics,6,6,S2,ENGN2218,ENGN6625,UGRD,In Person,https://programsandcourses.anu.edu.au/2020/course/ENGN4625
ENGN4625,2021,Power Systems and Power Electronics,6,6,S2,ENGN2218,ENGN6625,UGRD,In Person,https://programsandcourses.anu.edu.au/2021/course/ENGN4625
ENGN4625,2022,Power Systems and Power Electronics,6,6,S2,ENGN2218,ENGN6625,UGRD,In Person,https://programsandcourses.anu.edu.au/2022/course/ENGN4625
ENGN4625,2023,Power Systems and Power Electronics,6,6,S2,ENGN2218,ENGN6625,UGRD,In Person,https://programsandcourses.anu.edu.au/2023/course/ENGN4625
ENGN4625,2024,Power Systems and Power Electronics,6,6,S2,ENGN2218,ENGN6625,UGRD,In Person,https://programsandcourses.anu.edu.au/2024/course/ENGN4625
ENGN4625,2025,Power Systems and Power Electronics,6,6,S2,ENGN2218,ENGN6625,UGRD,In Person,https://programsandcourses.anu.edu.au/2025/course/ENGN4625
ENGN4625,2026,Power Systems and Power Electronics,6,6,S2,ENGN2218,ENGN6625,UGRD,In Person,https://programsandcourses.anu.edu.au/2026/course/ENGN4625
ENGN4625,2027,Power Systems and Power Electronics,6,6,S2,ENGN2218,ENGN6625,UGRD,In Person,https://programsandcourses.anu.edu.au/2027/course/ENGN4625
ENGN4627,2014,Robotics,6,6,S2,ENGN3331,,UGRD,In Person,https://programsandcourses.anu.edu.au/2014/course/ENGN4627
ENGN4627,2015,Robotics,6,6,S2,ENGN3331,,UGRD,In Person,https://programsandcourses.anu.edu.au/2015/course/ENGN4627
ENGN4627,2016,Robotics,6,6,S2,ENGN3331,,UGRD,In Person,https://programsandcourses.anu.edu.au/2016/course/ENGN4627
ENGN4627,2017,Robotics,6,6,S2,ENGN3331,ENGN6627,UGRD,In Person,https://programsandcourses.anu.edu.au/2017/course/ENGN4627
ENGN4627,2018,Robotics,6,6,S2,ENGN3331,ENGN6627,UGRD,In Person,https://programsandcourses.anu.edu.au/2018/course/ENGN4627
ENGN4627,2019,Robotics,6,6,S2,ENGN3331,ENGN6627,UGRD,In Person,https://programsandcourses.anu.edu.au/2019/course/ENGN4627
ENGN4627,2020,Robotics,6,6,S2,ENGN3331,ENGN6627,UGRD,In Person,https://programsandcourses.anu.edu.au/2020/course/ENGN4627
ENGN4627,2021,Robotics,6,6,S2,ENGN3331,ENGN6627,UGRD,In Person,https://programsandcourses.anu.edu.au/2021/course/ENGN4627
ENGN4627,2022,Robotics,6,6,S2,ENGN3331,ENGN6627,UGRD,In Person,https://programsandcourses.anu.edu.au/2022/course/ENGN4627
ENGN4627,2023,Robotics,6,6,S2,ENGN3331,ENGN6627,UGRD,In Person,https://programsandcourses.anu.edu.au/2023/course/ENGN4627
ENGN4627,2024,Robotics,6,6,S2,ENGN3331,ENGN6627,UGRD,In Person,https://programsandcourses.anu.edu.au/2024/course/ENGN4627
ENGN4627,2025,Robotics,6,6,S2,ENGN3331,ENGN6627,UGRD,In Person,https://programsandcourses.anu.edu.au/2025/course/ENGN4627
ENGN4627,2026,Robotics,6,6,S1,ENGN3331,ENGN6627,UGRD,In Person,https://programsandcourses.anu.edu.au/2026/course/ENGN4627
ENGN4627,2027,Robotics,6,6,S1,ENGN3331,ENGN6627,UGRD,In Person,https://programsandcourses.anu.edu.au/2027/course/ENGN4627
ENGN4628,2019,Network Optimisation and Control,6,6,UNKNOWN,ENGN2228|MATH1013|MATH1014,,UGRD,In Person,https://programsandcourses.anu.edu.au/2019/course/ENGN4628
ENGN4628,2020,Network Optimisation and Control,6,6,UNKNOWN,ENGN2228|MATH1013|MATH1014,,UGRD,In Person,https://programsandcourses.anu.edu.au/2020/course/ENGN4628
ENGN4628,2021,Network Optimisation and Control,6,6,UNKNOWN,ENGN2228|MATH1013|MATH1014,,UGRD,In Person,https://programsandcourses.anu.edu.au/2021/course/ENGN4628
ENGN4628,2022,Optimisation and Control with Uncertainty and Constraints,6,6,S2,ENGN2228|MATH1013|MATH1014,,UGRD,In Person,https://programsandcourses.anu.edu.au/2022/course/ENGN4628
ENGN4628,2023,Optimisation and Control with Uncertainty and Constraints,6,6,S2,ENGN2228|MATH1013|MATH1014,,UGRD,In Person,https://programsandcourses.anu.edu.au/2023/course/ENGN4628
ENGN4628,2024,Optimisation and Control with Uncertainty and Constraints,6,6,S2,ENGN2228|MATH1013|MATH1014|MATH1115|MATH1116,,UGRD,In Person,https://programsandcourses.anu.edu.au/2024/course/ENGN4628
ENGN4628,2025,Optimisation and Control with Uncertainty and Constraints,6,6,S2,ENGN2228|MATH1013|MATH1014|MATH1115|MATH1116,,UGRD,In Person,https://programsandcourses.anu.edu.au/2025/course/ENGN4628
ENGN4628,2026,Optimisation and Control with Uncertainty and Constraints,6,6,S2,ENGN2228|MATH1013|MATH1014|MATH1115|MATH1116,,UGRD,In Person,https://programsandcourses.anu.edu.au/2026/course/ENGN4628
ENGN4628,2027,Optimisation and Control with Uncertainty and Constraints,6,6,S2,ENGN2228|MATH1013|MATH1014|MATH1115|MATH1116,,UGRD,In Person,https://programsandcourses.anu.edu.au/2027/course/ENGN4628
ENGN4706,2014,Engineering Research and Development Project,6,6,S1|S2|SUMMER,,,UGRD,In Person,https://programsandcourses.anu.edu.au/2014/course/ENGN4706
ENGN4706,2015,Engineering Research and Development Project,6,6,S1|S2|SUMMER|SPRING,,,UGRD,In Person,https://programsandcourses.anu.edu.au/2015/course/ENGN4706
ENGN4706,2016,Engineering Research and Development Project,6,6,S1|S2,,,UGRD,In Person,https://programsandcourses.anu.edu.au/2016/course/ENGN4706
ENGN4706,2017,Engineering Research and Development Project,6,6,S1|S2|SUMMER|WINTER|AUTUMN|SPRING,,,UGRD,In Person,https://programsandcourses.anu.edu.au/2017/course/ENGN4706
ENGN4706,2018,Engineering Research and Development Project,6,6,S1|S2,,,UGRD,In Person,https://programsandcourses.anu.edu.au/2018/course/ENGN4706
ENGN4706,2019,Engineering Research and Development Project,6,6,S1|S2,,,UGRD,In Person,https://programsandcourses.anu.edu.au/2019/course/ENGN4706
ENGN4706,2020,Engineering Research and Development Project,6,6,S1|S2,,,UGRD,In Person,https://programsandcourses.anu.edu.au/2020/course/ENGN4706
ENGN4706,2021,Engineering Research and Development Project,6,6,S1|S2,,,UGRD,In Person,https://programsandcourses.anu.edu.au/2021/course/ENGN4706
ENGN4706,2022,Engineering Research and Development Project,6,6,S1|S2,,,UGRD,In Person,https://programsandcourses.anu.edu.au/2022/course/ENGN4706
ENGN4706,2023,Engineering Research and Development Project,6,6,S1|S2,ENGN2706,,UGRD,In Person,https://programsandcourses.anu.edu.au/2023/course/ENGN4706
ENGN4706,2024,Engineering Research and Development Project,6,6,S1|S2,ENGN2706,,UGRD,In Person,https://programsandcourses.anu.edu.au/2024/course/ENGN4706
ENGN4706,2025,Engineering Research and Development Project,6,6,S1|S2,ENGN2706,,UGRD,In Person,https://programsandcourses.anu.edu.au/2025/course/ENGN4706
ENGN4706,2026,Engineering Research and Development Project,6,6,S1|S2,ENGN2706,,UGRD,In Person,https://programsandcourses.anu.edu.au/2026/course/ENGN4706
ENGN4706,2027,Engineering Research and Development Project,6,6,S1|S2,ENGN2706,,UGRD,In Person,https://programsandcourses.anu.edu.au/2027/course/ENGN4706
ENGN4712,2014,Engineering Research and Development Project,6,12,S1|S2|SUMMER,ENGN2706,,UGRD,In Person,https://programsandcourses.anu.edu.au/2014/course/ENGN4712
ENGN4712,2015,Engineering Research and Development Project,6,12,S1|S2|SUMMER|SPRING,ENGN2706,,UGRD,In Person,https://programsandcourses.anu.edu.au/2015/course/ENGN4712
ENGN4712,2016,Engineering Research and Development Project,6,12,S1|S2|WINTER,ENGN2706,,UGRD,In Person,https://programsandcourses.anu.edu.au/2016/course/ENGN4712
ENGN4712,2017,Engineering Research and Development Project,6,12,S1|S2|SUMMER|WINTER|AUTUMN|SPRING,ENGN2706,,UGRD,In Person,https://programsandcourses.anu.edu.au/2017/course/ENGN4712
ENGN4712,2018,Engineering Research and Development Project,6,12,S1|S2,ENGN2706,,UGRD,In Person,https://programsandcourses.anu.edu.au/2018/course/ENGN4712
ENGN4712,2019,Engineering Research and Development Project,6,12,S1|S2,ENGN2706,,UGRD,In Person,https://programsandcourses.anu.edu.au/2019/course/ENGN4712
ENGN4712,2020,Engineering Research and Development Project,6,12,S1|S2,ENGN2706,,UGRD,In Person,https://programsandcourses.anu.edu.au/2020/course/ENGN4712
ENGN4712,2021,Engineering Research and Development Project,6,12,S1|S2,ENGN2706,,UGRD,In Person,https://programsandcourses.anu.edu.au/2021/course/ENGN4712
ENGN4712,2022,Engineering Research and Development Project,6,12,S1|S2,ENGN2706,,UGRD,In Person,https://programsandcourses.anu.edu.au/2022/course/ENGN4712
ENGN4712,2023,Engineering Research and Development Project,6,12,S1|S2,ENGN2706,,UGRD,In Person,https://programsandcourses.anu.edu.au/2023/course/ENGN4712
ENGN4712,2024,Engineering Research and Development Project,6,12,S1|S2,ENGN2706,,UGRD,In Person,https://programsandcourses.anu.edu.au/2024/course/ENGN4712
ENGN4712,2025,Engineering Research and Development Project,6,12,S1|S2,ENGN2706,ENGN4350,UGRD,In Person,https://programsandcourses.anu.edu.au/2025/course/ENGN4712
ENGN4712,2026,Engineering Research and Development Project,6,12,S1|S2,ENGN2706,ENGN4350,UGRD,In Person,https://programsandcourses.anu.edu.au/2026/course/ENGN4712
ENGN4712,2027,Engineering Research and Development Project,6,12,S1|S2,ENGN2706,ENGN4350,UGRD,In Person,https://programsandcourses.anu.edu.au/2027/course/ENGN4712
ENGN4718,2014,Engineering Research and Development Project,6,18,S1|S2,ENGN2706,,UGRD,In Person,https://programsandcourses.anu.edu.au/2014/course/ENGN4718
ENGN4718,2015,Engineering Research and Development Project,6,18,S1|S2,ENGN2706,,UGRD,In Person,https://programsandcourses.anu.edu.au/2015/course/ENGN4718
ENGN4718,2016,Engineering Research and Development Project,6,18,S1|S2|WINTER|SPRING,ENGN2706,,UGRD,In Person,https://programsandcourses.anu.edu.au/2016/course/ENGN4718
ENGN4718,2017,Engineering Research and Development Project,6,18,S1|S2|SUMMER|WINTER|AUTUMN|SPRING,ENGN2706,,UGRD,In Person,https://programsandcourses.anu.edu.au/2017/course/ENGN4718
ENGN4718,2018,Engineering Research and Development Project,6,18,S1|S2|WINTER|SPRING,ENGN2706,,UGRD,In Person,https://programsandcourses.anu.edu.au/2018/course/ENGN4718
ENGN4718,2019,Engineering Research and Development Project,6,18,S1|S2|WINTER|SPRING,ENGN2706,,UGRD,In Person,https://programsandcourses.anu.edu.au/2019/course/ENGN4718
ENGN4718,2020,Engineering Research and Development Project,6,18,S1|S2,ENGN2706,,UGRD,In Person,https://programsandcourses.anu.edu.au/2020/course/ENGN4718
ENGN4718,2021,Engineering Research and Development Project,6,18,S1|S2,ENGN2706,,UGRD,In Person,https://programsandcourses.anu.edu.au/2021/course/ENGN4718
ENGN4718,2022,Engineering Research and Development Project,6,18,S1|S2,ENGN2706,,UGRD,In Person,https://programsandcourses.anu.edu.au/2022/course/ENGN4718
ENGN4718,2023,Engineering Research and Development Project,6,18,S1|S2,ENGN2706,,UGRD,In Person,https://programsandcourses.anu.edu.au/2023/course/ENGN4718
ENGN4718,2024,Engineering Research and Development Project,6,18,S1|S2,ENGN2706,,UGRD,In Person,https://programsandcourses.anu.edu.au/2024/course/ENGN4718
ENGN4718,2025,Engineering Research and Development Project,6,18,S1|S2,ENGN2706,,UGRD,In Person,https://programsandcourses.anu.edu.au/2025/course/ENGN4718
ENGN4718,2026,Engineering Research and Development Project,6,18,S1|S2,ENGN2706,,UGRD,In Person,https://programsandcourses.anu.edu.au/2026/course/ENGN4718
ENGN4718,2027,Engineering Research and Development Project,6,18,S1|S2,ENGN2706,,UGRD,In Person,https://programsandcourses.anu.edu.au/2027/course/ENGN4718
ENGN4810,2015,Nanotechnology and Applications,6,6,S2,PHYS1101|ENGN2222,,UGRD,In Person,https://programsandcourses.anu.edu.au/2015/course/ENGN4810
ENGN4810,2016,Nanotechnology and Applications,6,6,S2,PHYS1101|ENGN2222,,UGRD,In Person,https://programsandcourses.anu.edu.au/2016/course/ENGN4810
ENGN4810,2017,Nanotechnology and Applications,6,6,S2,PHYS1101|ENGN2222,,UGRD,In Person,https://programsandcourses.anu.edu.au/2017/course/ENGN4810
ENGN4810,2018,Nanotechnology and Applications,6,6,S2,PHYS1101|ENGN2222,,UGRD,In Person,https://programsandcourses.anu.edu.au/2018/course/ENGN4810
ENGN4810,2019,Nanotechnology and Applications,6,6,S2,PHYS1101|PHYS1003,,UGRD,In Person,https://programsandcourses.anu.edu.au/2019/course/ENGN4810
ENGN4810,2020,Nanotechnology and Applications,6,6,S2,PHYS1101|PHYS1003,,UGRD,In Person,https://programsandcourses.anu.edu.au/2020/course/ENGN4810
ENGN4810,2021,Nanotechnology and Applications,6,6,S2,PHYS1101|PHYS1001|PHYS1013,,UGRD,In Person,https://programsandcourses.anu.edu.au/2021/course/ENGN4810
ENGN4810,2022,Nanotechnology and Applications,6,6,S2,PHYS1101|PHYS1001|PHYS1013,,UGRD,In Person,https://programsandcourses.anu.edu.au/2022/course/ENGN4810
ENGN4810,2023,Nanotechnology and Applications,6,6,S2,PHYS1101|PHYS1001|PHYS1013,,UGRD,In Person,https://programsandcourses.anu.edu.au/2023/course/ENGN4810
ENGN4810,2024,Nanotechnology and Applications,6,6,UNKNOWN,PHYS1101|PHYS1001|PHYS1013,,UGRD,In Person,https://programsandcourses.anu.edu.au/2024/course/ENGN4810
ENGN4810,2025,Nanotechnology and Applications,6,6,UNKNOWN,PHYS1101|PHYS1001|PHYS1013,,UGRD,In Person,https://programsandcourses.anu.edu.au/2025/course/ENGN4810
ENGN4810,2027,Nanotechnology and Applications,6,6,UNKNOWN,PHYS1101|PHYS1001|PHYS1013,,UGRD,In Person,https://programsandcourses.anu.edu.au/2027/course/ENGN4810
ENGN4820,2015,Bio Micro and Nano Electro-Mechanical Systems (BioMEMS and BioNEMS),6,6,S2,PHYS1101,,UGRD,In Person,https://programsandcourses.anu.edu.au/2015/course/ENGN4820
ENGN4820,2016,Bio Micro and Nano Electro-Mechanical Systems (BioMEMS and BioNEMS),6,6,S2,PHYS1101,,UGRD,In Person,https://programsandcourses.anu.edu.au/2016/course/ENGN4820
ENGN4820,2017,Bio Micro and Nano Electro-Mechanical Systems (BioMEMS and BioNEMS),6,6,S2,PHYS1101,,UGRD,In Person,https://programsandcourses.anu.edu.au/2017/course/ENGN4820
ENGN4820,2018,Bio Micro and Nano Electro-Mechanical Systems (BioMEMS and BioNEMS),6,6,S2,PHYS1101,,UGRD,In Person,https://programsandcourses.anu.edu.au/2018/course/ENGN4820
ENGN4820,2019,Bio Micro and Nano Electro-Mechanical Systems (BioMEMS and BioNEMS),6,6,S2,PHYS1101,,UGRD,In Person,https://programsandcourses.anu.edu.au/2019/course/ENGN4820
ENGN4820,2020,Bio Micro and Nano Electro-Mechanical Systems (BioMEMS and BioNEMS),6,6,S2,PHYS1101,,UGRD,In Person,https://programsandcourses.anu.edu.au/2020/course/ENGN4820
ENGN4820,2021,Bio Micro and Nano Electro-Mechanical Systems (BioMEMS and BioNEMS),6,6,S2,PHYS1013,,UGRD,In Person,https://programsandcourses.anu.edu.au/2021/course/ENGN4820
ENGN4820,2022,Bio Micro and Nano Electro-Mechanical Systems (BioMEMS and BioNEMS),6,6,S2,PHYS1013,,UGRD,In Person,https://programsandcourses.anu.edu.au/2022/course/ENGN4820
ENGN4820,2023,Bio Micro and Nano Electro-Mechanical Systems (BioMEMS and BioNEMS),6,6,S2,PHYS1013,,UGRD,In Person,https://programsandcourses.anu.edu.au/2023/course/ENGN4820
ENGN4820,2025,Bio Micro and Nano Electro-Mechanical Systems (BioMEMS and BioNEMS),6,6,UNKNOWN,PHYS1101|PHYS1001|PHYS1013,,UGRD,In Person,https://programsandcourses.anu.edu.au/2025/course/ENGN4820
ENGN4820,2026,Bio Micro and Nano Electro-Mechanical Systems (BioMEMS and BioNEMS),6,6,UNKNOWN,PHYS1101|PHYS1001|PHYS1013,,UGRD,In Person,https://programsandcourses.anu.edu.au/2026/course/ENGN4820
ENGN4820,2027,Bio Micro and Nano Electro-Mechanical Systems (BioMEMS and BioNEMS),6,6,UNKNOWN,PHYS1101|PHYS1001|PHYS1013,,UGRD,In Person,https://programsandcourses.anu.edu.au/2027/course/ENGN4820
ENGN4901,2021,Water Systems Engineering,6,6,UNKNOWN,ENGN3901,,UGRD,In Person,https://programsandcourses.anu.edu.au/2021/course/ENGN4901
ENGN4901,2022,Water Systems Engineering,6,6,UNKNOWN,ENGN3901,,UGRD,In Person,https://programsandcourses.anu.edu.au/2022/course/ENGN4901
ENGN4901,2023,Water Systems Engineering,6,6,S1,ENGN3901,,UGRD,In Person,https://programsandcourses.anu.edu.au/2023/course/ENGN4901
ENGN4901,2024,Water Systems Engineering,6,6,S1,ENGN3901,,UGRD,In Person,https://programsandcourses.anu.edu.au/2024/course/ENGN4901
ENGN4901,2026,Water Systems Engineering,6,6,S1,ENGN3901,,UGRD,In Person,https://programsandcourses.anu.edu.au/2026/course/ENGN4901
ENGN4901,2027,Water Systems Engineering,6,6,S1,ENGN3901,,UGRD,In Person,https://programsandcourses.anu.edu.au/2027/course/ENGN4901
ENGN4902,2021,The Environmental Impacts of Engineered Systems,6,6,UNKNOWN,ENGN3902|ENGN3903,,UGRD,In Person,https://programsandcourses.anu.edu.au/2021/course/ENGN4902
ENGN4902,2022,The Environmental Impacts of Engineered Systems,6,6,UNKNOWN,ENGN3902|ENGN3903,,UGRD,In Person,https://programsandcourses.anu.edu.au/2022/course/ENGN4902
ENGN4902,2023,The Environmental Impacts of Engineered Systems,6,6,S1,ENGN3902|ENGN3903,,UGRD,In Person,https://programsandcourses.anu.edu.au/2023/course/ENGN4902
ENGN4902,2024,The Environmental Impacts of Engineered Systems,6,6,S1,ENGN3902|ENGN3903,,UGRD,In Person,https://programsandcourses.anu.edu.au/2024/course/ENGN4902
ENGN4902,2025,The Environmental Impacts of Engineered Systems,6,6,S1,ENGN3902|ENGN3903,,UGRD,In Person,https://programsandcourses.anu.edu.au/2025/course/ENGN4902
ENGN4902,2027,The Environmental Impacts of Engineered Systems,6,6,S1,ENGN3902|ENGN3903,,UGRD,In Person,https://programsandcourses.anu.edu.au/2027/course/ENGN4902
ENGN4903,2021,Infrastructure System Design,6,6,UNKNOWN,ENGN3901|ENGN3902|ENGN3903,,UGRD,In Person,https://programsandcourses.anu.edu.au/2021/course/ENGN4903
ENGN4903,2022,Infrastructure System Design,6,6,UNKNOWN,ENGN3901|ENGN3902|ENGN3903,,UGRD,In Person,https://programsandcourses.anu.edu.au/2022/course/ENGN4903
ENGN4903,2023,Infrastructure System Design,6,6,S2,ENGN3901|ENGN3902|ENGN3903,,UGRD,In Person,https://programsandcourses.anu.edu.au/2023/course/ENGN4903
ENGN4903,2024,Infrastructure System Design,6,6,S2,ENGN3901|ENGN3902|ENGN3903,,UGRD,In Person,https://programsandcourses.anu.edu.au/2024/course/ENGN4903
ENGN4903,2025,Infrastructure System Design,6,6,S2,ENGN4902,,UGRD,In Person,https://programsandcourses.anu.edu.au/2025/course/ENGN4903
ENGN4903,2026,Infrastructure System Design,6,6,S2,ENGN4902,,UGRD,In Person,https://programsandcourses.anu.edu.au/2026/course/ENGN4903
ENGN4903,2027,Infrastructure System Design,6,6,S2,ENGN4902,,UGRD,In Person,https://programsandcourses.anu.edu.au/2027/course/ENGN4903
ENGN5920,2014,Exchange Program in Engineering,6,24,S1|S2|WINTER,,,UGRD,In Person,https://programsandcourses.anu.edu.au/2014/course/ENGN5920
ENGN5920,2015,Exchange Program in Engineering,6,24,S1|S2,,,UGRD,In Person,https://programsandcourses.anu.edu.au/2015/course/ENGN5920
ENGN5920,2016,Exchange Program in Engineering,6,24,S1|S2,,,UGRD,In Person,https://programsandcourses.anu.edu.au/2016/course/ENGN5920
ENGN5920,2017,Exchange Program in Engineering,6,24,S1|S2|WINTER|SPRING,,,UGRD,In Person,https://programsandcourses.anu.edu.au/2017/course/ENGN5920
ENGN5920,2018,Exchange Program in Engineering,6,24,S1|S2|WINTER|SPRING,,,UGRD,In Person,https://programsandcourses.anu.edu.au/2018/course/ENGN5920
ENGN5920,2019,Exchange Program in Engineering,6,24,S1|S2|WINTER|SPRING,,,UGRD,In Person,https://programsandcourses.anu.edu.au/2019/course/ENGN5920
ENGN5920,2020,Exchange Program in Engineering,6,24,S1|S2|WINTER|SPRING,,,UGRD,In Person,https://programsandcourses.anu.edu.au/2020/course/ENGN5920
ENGN5920,2021,Exchange Program in Engineering,6,24,S1|S2|WINTER|SPRING,,,UGRD,In Person,https://programsandcourses.anu.edu.au/2021/course/ENGN5920
ENGN5920,2022,Exchange Program in Engineering,6,24,S1|S2|WINTER|SPRING,,,UGRD,In Person,https://programsandcourses.anu.edu.au/2022/course/ENGN5920
ENGN5920,2023,Exchange Program in Engineering,6,24,S1|S2|WINTER|SPRING,,,UGRD,In Person,https://programsandcourses.anu.edu.au/2023/course/ENGN5920
ENGN5920,2024,Exchange Program in Engineering,6,24,S1|S2|SUMMER|WINTER|AUTUMN|SPRING,,,UGRD,In Person,https://programsandcourses.anu.edu.au/2024/course/ENGN5920
ENGN5920,2025,Exchange Program in Engineering,6,24,S1|S2|SUMMER|WINTER|AUTUMN|SPRING,,,UGRD,In Person,https://programsandcourses.anu.edu.au/2025/course/ENGN5920
ENGN5920,2026,Exchange Program in Engineering,6,24,S1|S2|WINTER|SPRING,,,UGRD,In Person,https://programsandcourses.anu.edu.au/2026/course/ENGN5920
ENGN5920,2027,Exchange Program in Engineering,6,24,S1|S2|WINTER|SPRING,,,UGRD,In Person,https://programsandcourses.anu.edu.au/2027/course/ENGN5920
ENVS1001,2014,Environment and Society: Geography of Sustainability,6,6,S1,SRES1001,,UGRD,In Person,https://programsandcourses.anu.edu.au/2014/course/ENVS1001
ENVS1001,2015,Environment and Society: Geography of Sustainability,6,6,S1,SRES1001|ENVS6101,,UGRD,In Person,https://programsandcourses.anu.edu.au/2015/course/ENVS1001
ENVS1001,2016,Environment and Society: Geography of Sustainability,6,6,S1,SRES1001|ENVS6101,,UGRD,In Person,https://programsandcourses.anu.edu.au/2016/course/ENVS1001
ENVS1001,2017,Environment and Society: Geography of Sustainability,6,6,S1,ENVS6101,,UGRD,In Person,https://programsandcourses.anu.edu.au/2017/course/ENVS1001
ENVS1001,2018,Environment and Society: Geography of Sustainability,6,6,S1,ENVS6101,,UGRD,In Person,https://programsandcourses.anu.edu.au/2018/course/ENVS1001
ENVS1001,2019,Environment and Society: Geography of Sustainability,6,6,S1,ENVS6101,,UGRD,In Person,https://programsandcourses.anu.edu.au/2019/course/ENVS1001
ENVS1001,2020,Environment and Society: Geography of Sustainability,6,6,S1,ENVS6101,,UGRD,In Person,https://programsandcourses.anu.edu.au/2020/course/ENVS1001
ENVS1001,2021,Environment and Society: Geography of Sustainability,6,6,S1,,ENVS6101,UGRD,In Person,https://programsandcourses.anu.edu.au/2021/course/ENVS1001
ENVS1001,2022,Environment and Society: Geography of Sustainability,6,6,S1,,ENVS6101,UGRD,In Person,https://programsandcourses.anu.edu.au/2022/course/ENVS1001
ENVS1001,2023,Environment and Society: Geography of Sustainability,6,6,S1,,ENVS6101,UGRD,In Person,https://programsandcourses.anu.edu.au/2023/course/ENVS1001
ENVS1001,2024,Environment and Society: Geography of Sustainability,6,6,S1,,ENVS6101,UGRD,In Person,https://programsandcourses.anu.edu.au/2024/course/ENVS1001
ENVS1001,2025,Environment and Society: Geography of Sustainability,6,6,S1,,,UGRD,In Person,https://programsandcourses.anu.edu.au/2025/course/ENVS1001
ENVS1001,2026,Environment and Society: Geography of Sustainability,6,6,S1,,,UGRD,In Person,https://programsandcourses.anu.edu.au/2026/course/ENVS1001
ENVS1001,2027,Environment and Society: Geography of Sustainability,6,6,S1,,,UGRD,In Person,https://programsandcourses.anu.edu.au/2027/course/ENVS1001
ENVS1003,2014,Introduction to Environmental and Social Research,6,6,S2,SRES1003,,UGRD,In Person,https://programsandcourses.anu.edu.au/2014/course/ENVS1003
ENVS1003,2015,Introduction to Environmental and Social Research,6,6,S2,SRES1003|ENVS6103,,UGRD,In Person,https://programsandcourses.anu.edu.au/2015/course/ENVS1003
ENVS1003,2016,Introduction to Environmental and Social Research,6,6,S2,SRES1003|ENVS6103,,UGRD,In Person,https://programsandcourses.anu.edu.au/2016/course/ENVS1003
ENVS1003,2017,Introduction to Environmental and Social Research,6,6,S2,SRES1003|ENVS6103,,UGRD,In Person,https://programsandcourses.anu.edu.au/2017/course/ENVS1003
ENVS1003,2018,Introduction to Environmental and Social Research,6,6,S2,SRES1003|ENVS6103,,UGRD,In Person,https://programsandcourses.anu.edu.au/2018/course/ENVS1003
ENVS1003,2019,Introduction to Environmental and Social Research,6,6,S2,SRES1003|ENVS6103,,UGRD,In Person,https://programsandcourses.anu.edu.au/2019/course/ENVS1003
ENVS1003,2020,Introduction to Environmental and Social Research,6,6,S1,ENVS6103,,UGRD,In Person,https://programsandcourses.anu.edu.au/2020/course/ENVS1003
ENVS1003,2021,Introduction to Environmental and Social Research,6,6,S1,,ENVS6103,UGRD,In Person,https://programsandcourses.anu.edu.au/2021/course/ENVS1003
ENVS1003,2022,Introduction to Environmental and Social Research,6,6,S1,,ENVS6103,UGRD,In Person,https://programsandcourses.anu.edu.au/2022/course/ENVS1003
ENVS1003,2023,Introduction to Environmental and Social Research,6,6,S1,,ENVS6103,UGRD,In Person,https://programsandcourses.anu.edu.au/2023/course/ENVS1003
ENVS1003,2024,Introduction to Environmental and Social Research,6,6,S1,,ENVS6103,UGRD,In Person,https://programsandcourses.anu.edu.au/2024/course/ENVS1003
ENVS1003,2025,Introduction to Environmental and Social Research,6,6,S2,,ENVS6103,UGRD,In Person,https://programsandcourses.anu.edu.au/2025/course/ENVS1003
ENVS1003,2026,Introduction to Environmental and Social Research,6,6,S2,,ENVS6103,UGRD,In Person,https://programsandcourses.anu.edu.au/2026/course/ENVS1003
ENVS1003,2027,Introduction to Environmental and Social Research,6,6,S2,,ENVS6103,UGRD,In Person,https://programsandcourses.anu.edu.au/2027/course/ENVS1003
ENVS1004,2014,Australia's Environment,6,6,S2,GEOL1005,,UGRD,In Person,https://programsandcourses.anu.edu.au/2014/course/ENVS1004
ENVS1004,2015,Australia's Environment,6,6,S2,GEOL1005|ENVS6104,,UGRD,In Person,https://programsandcourses.anu.edu.au/2015/course/ENVS1004
ENVS1004,2016,Australia's Environment,6,6,S2,GEOL1005|ENVS6104,,UGRD,In Person,https://programsandcourses.anu.edu.au/2016/course/ENVS1004
ENVS1004,2017,Australia's Environment,6,6,S2,ENVS6104,,UGRD,In Person,https://programsandcourses.anu.edu.au/2017/course/ENVS1004
ENVS1004,2018,Australia's Environment,6,6,S2,ENVS6104,,UGRD,In Person,https://programsandcourses.anu.edu.au/2018/course/ENVS1004
ENVS1004,2019,Australia's Environment,6,6,S2,ENVS6104,,UGRD,In Person,https://programsandcourses.anu.edu.au/2019/course/ENVS1004
ENVS1004,2020,Australia's Environment,6,6,S2,ENVS6104,,UGRD,In Person,https://programsandcourses.anu.edu.au/2020/course/ENVS1004
ENVS1004,2021,Australia's Environment,6,6,S2,,ENVS6104,UGRD,In Person,https://programsandcourses.anu.edu.au/2021/course/ENVS1004
ENVS1004,2022,Australia's Environment,6,6,S2,,ENVS6104,UGRD,In Person,https://programsandcourses.anu.edu.au/2022/course/ENVS1004
ENVS1004,2023,Australia's Environment,6,6,S2,,ENVS6104,UGRD,In Person,https://programsandcourses.anu.edu.au/2023/course/ENVS1004
ENVS1004,2024,Australia's Environment,6,6,S2,,,UGRD,In Person,https://programsandcourses.anu.edu.au/2024/course/ENVS1004
ENVS1004,2025,Australia's Environment,6,6,S2,,,UGRD,In Person,https://programsandcourses.anu.edu.au/2025/course/ENVS1004
ENVS1004,2026,Australia's Environment,6,6,S2,,,UGRD,In Person,https://programsandcourses.anu.edu.au/2026/course/ENVS1004
ENVS1004,2027,Australia's Environment,6,6,S2,,,UGRD,In Person,https://programsandcourses.anu.edu.au/2027/course/ENVS1004
ENVS1008,2014,Sustainable Development,6,6,S2,SRES1008,,UGRD,In Person,https://programsandcourses.anu.edu.au/2014/course/ENVS1008
ENVS1008,2015,Sustainable Development,6,6,S2,SRES1008|ENVS6108,,UGRD,In Person,https://programsandcourses.anu.edu.au/2015/course/ENVS1008
ENVS1008,2016,Sustainable Development,6,6,S2,SRES1008|ENVS6108,,UGRD,In Person,https://programsandcourses.anu.edu.au/2016/course/ENVS1008
ENVS1008,2017,Sustainable Development,6,6,S2,SRES1008|ENVS6108,,UGRD,In Person,https://programsandcourses.anu.edu.au/2017/course/ENVS1008
ENVS1008,2018,Sustainable Development,6,6,S2,SRES1008|ENVS6108,,UGRD,In Person,https://programsandcourses.anu.edu.au/2018/course/ENVS1008
ENVS1008,2019,Sustainable Development,6,6,S2,SRES1008|ENVS6108,,UGRD,In Person,https://programsandcourses.anu.edu.au/2019/course/ENVS1008
ENVS1008,2020,Sustainable Development,6,6,S2,ENVS6108,,UGRD,In Person,https://programsandcourses.anu.edu.au/2020/course/ENVS1008
ENVS1008,2021,Sustainable Development,6,6,S2,,ENVS6108,UGRD,In Person,https://programsandcourses.anu.edu.au/2021/course/ENVS1008
ENVS1008,2022,Sustainable Development,6,6,S2,,ENVS6108,UGRD,In Person,https://programsandcourses.anu.edu.au/2022/course/ENVS1008
ENVS1008,2023,Sustainable Development,6,6,S2,,ENVS6108,UGRD,In Person,https://programsandcourses.anu.edu.au/2023/course/ENVS1008
ENVS1008,2024,Sustainable Development,6,6,S2,,ENVS6108,UGRD,In Person,https://programsandcourses.anu.edu.au/2024/course/ENVS1008
ENVS1008,2025,Fundamentals of Environment and Sustainability,6,6,S1,,,UGRD,In Person,https://programsandcourses.anu.edu.au/2025/course/ENVS1008
ENVS1008,2026,Fundamentals of Environment and Sustainability,6,6,S1,,,UGRD,In Person,https://programsandcourses.anu.edu.au/2026/course/ENVS1008
ENVS1008,2027,Fundamentals of Environment and Sustainability,6,6,S1,,,UGRD,In Person,https://programsandcourses.anu.edu.au/2027/course/ENVS1008
ENVS2001,2016,"Biodiversity Science: Wildlife, Vegetation and Landscape Ecology",6,6,S2,ENVS2018|ENVS2003|ENVS6201,,UGRD,Online or In Person,https://programsandcourses.anu.edu.au/2016/course/ENVS2001
ENVS2001,2017,"Biodiversity Science: Wildlife, Vegetation and Landscape Ecology",6,6,S2,ENVS2018|ENVS2003|ENVS6201,,UGRD,Online or In Person,https://programsandcourses.anu.edu.au/2017/course/ENVS2001
ENVS2001,2018,"Biodiversity Science: Wildlife, Vegetation and Landscape Ecology",6,6,S2,ENVS2003|ENVS6201,,UGRD,Online or In Person,https://programsandcourses.anu.edu.au/2018/course/ENVS2001
ENVS2001,2019,"Biodiversity Science: Wildlife, Vegetation and Landscape Ecology",6,6,S2,ENVS2003|ENVS6201,,UGRD,Online or In Person,https://programsandcourses.anu.edu.au/2019/course/ENVS2001
ENVS2001,2020,"Biodiversity Science: Wildlife, Vegetation and Landscape Ecology",6,6,S2,ENVS2003|ENVS6201,,UGRD,Online or In Person,https://programsandcourses.anu.edu.au/2020/course/ENVS2001
ENVS2001,2021,"Biodiversity Science: Wildlife, Vegetation and Landscape Ecology",6,6,S2,,ENVS2003|ENVS6201,UGRD,Online or In Person,https://programsandcourses.anu.edu.au/2021/course/ENVS2001
ENVS2001,2022,"Biodiversity Science: Wildlife, Vegetation and Landscape Ecology",6,6,S2,,ENVS2003|ENVS6201,UGRD,Online or In Person,https://programsandcourses.anu.edu.au/2022/course/ENVS2001
ENVS2001,2023,"Biodiversity Science: Wildlife, Vegetation and Landscape Ecology",6,6,S2,,ENVS2003|ENVS6201,UGRD,Online or In Person,https://programsandcourses.anu.edu.au/2023/course/ENVS2001
ENVS2001,2024,"Biodiversity Science: Wildlife, Vegetation and Landscape Ecology",6,6,S2,,ENVS6201,UGRD,In Person,https://programsandcourses.anu.edu.au/2024/course/ENVS2001
ENVS2001,2025,"Biodiversity Science: Wildlife, Vegetation and Landscape Ecology",6,6,S2,,ENVS6201,UGRD,In Person,https://programsandcourses.anu.edu.au/2025/course/ENVS2001
ENVS2001,2026,"Biodiversity Science: Wildlife, Vegetation and Landscape Ecology",6,6,S2,,ENVS6201,UGRD,In Person,https://programsandcourses.anu.edu.au/2026/course/ENVS2001
ENVS2001,2027,"Biodiversity Science: Wildlife, Vegetation and Landscape Ecology",6,6,S2,,ENVS6201,UGRD,In Person,https://programsandcourses.anu.edu.au/2027/course/ENVS2001
ENVS2002,2016,"Environmental Measurement, Modelling and Monitoring",6,6,WINTER,ENVS1003|ENVS1001|ENVS1004|EMSC1006|ENVS2009|ENVS6202,,UGRD,In Person,https://programsandcourses.anu.edu.au/2016/course/ENVS2002
ENVS2002,2017,"Environmental Measurement, Modelling and Monitoring",6,6,WINTER,ENVS1003|ENVS1001|ENVS1004|EMSC1006|ENVS2009|ENVS6202,,UGRD,In Person,https://programsandcourses.anu.edu.au/2017/course/ENVS2002
ENVS2002,2018,"Environmental Measurement, Modelling and Monitoring",6,6,WINTER,ENVS1003|ENVS1001|ENVS1004|EMSC1006|ENVS2009|ENVS6202,,UGRD,In Person,https://programsandcourses.anu.edu.au/2018/course/ENVS2002
ENVS2002,2019,"Environmental Measurement, Modelling and Monitoring",6,6,WINTER,ENVS1003|ENVS1001|ENVS1004|EMSC1006|ENVS2009|ENVS6202,,UGRD,In Person,https://programsandcourses.anu.edu.au/2019/course/ENVS2002
ENVS2002,2020,"Environmental Measurement, Modelling and Monitoring",6,6,UNKNOWN,ENVS1003|ENVS1001|ENVS1004|EMSC1006|ENVS2009|ENVS6202,,UGRD,In Person,https://programsandcourses.anu.edu.au/2020/course/ENVS2002
ENVS2002,2021,"Environmental Measurement, Modelling and Monitoring",6,6,SPRING,ENVS1003|ENVS1001|ENVS1004|EMSC1006,ENVS2009|ENVS6202,UGRD,In Person,https://programsandcourses.anu.edu.au/2021/course/ENVS2002
ENVS2002,2022,"Environmental Measurement, Modelling and Monitoring",6,6,SPRING,ENVS1003|ENVS1001|ENVS1004|EMSC1006,ENVS2009|ENVS6202,UGRD,In Person,https://programsandcourses.anu.edu.au/2022/course/ENVS2002
ENVS2002,2023,"Environmental Measurement, Modelling and Monitoring",6,6,SPRING,ENVS1003|ENVS1001|ENVS1004|EMSC1006,ENVS2009|ENVS6202,UGRD,In Person,https://programsandcourses.anu.edu.au/2023/course/ENVS2002
ENVS2002,2024,"Environmental Measurement, Modelling and Monitoring",6,6,SPRING,ENVS1003|ENVS1001|ENVS1004|EMSC1006,ENVS2009|ENVS6202,UGRD,In Person,https://programsandcourses.anu.edu.au/2024/course/ENVS2002
ENVS2002,2025,"Environmental Measurement, Modelling and Monitoring",6,6,SPRING,ENVS1003,ENVS6202,UGRD,In Person,https://programsandcourses.anu.edu.au/2025/course/ENVS2002
ENVS2002,2026,"Environmental Measurement, Modelling and Monitoring",6,6,UNKNOWN,ENVS1003,ENVS6202,UGRD,In Person,https://programsandcourses.anu.edu.au/2026/course/ENVS2002
ENVS2002,2027,"Environmental Measurement, Modelling and Monitoring",6,6,SPRING,ENVS1003,ENVS6202,UGRD,In Person,https://programsandcourses.anu.edu.au/2027/course/ENVS2002
ENVS2004,2014,"Weather, Climate and Fire",6,6,S2,SRES2002|SRES2004,,UGRD,In Person,https://programsandcourses.anu.edu.au/2014/course/ENVS2004
ENVS2004,2015,"Weather, Climate and Fire",6,6,S2,SRES2002|SRES2004|ENVS6204,,UGRD,In Person,https://programsandcourses.anu.edu.au/2015/course/ENVS2004
ENVS2004,2016,"Weather, Climate and Fire",6,6,S1,SRES2002|SRES2004|ENVS6204,,UGRD,In Person,https://programsandcourses.anu.edu.au/2016/course/ENVS2004
ENVS2004,2017,"Weather, Climate and Fire",6,6,S1,SRES2002|SRES2004|ENVS6204,,UGRD,In Person,https://programsandcourses.anu.edu.au/2017/course/ENVS2004
ENVS2004,2018,"Weather, Climate and Fire",6,6,S1,SRES2002|SRES2004|ENVS6204,,UGRD,In Person,https://programsandcourses.anu.edu.au/2018/course/ENVS2004
ENVS2004,2019,"Weather, Climate and Fire",6,6,UNKNOWN,SRES2002|SRES2004|ENVS6204,,UGRD,In Person,https://programsandcourses.anu.edu.au/2019/course/ENVS2004
ENVS2004,2020,"Fire, Flood and Drought",6,6,S1,ENVS6204,,UGRD,In Person,https://programsandcourses.anu.edu.au/2020/course/ENVS2004
ENVS2004,2021,"Fire, Flood and Drought",6,6,S1,,ENVS6204,UGRD,In Person,https://programsandcourses.anu.edu.au/2021/course/ENVS2004
ENVS2004,2022,"Fire, Flood and Drought",6,6,S1,,ENVS6204,UGRD,In Person,https://programsandcourses.anu.edu.au/2022/course/ENVS2004
ENVS2004,2023,"Fire, Flood and Drought",6,6,UNKNOWN,,ENVS6204,UGRD,In Person,https://programsandcourses.anu.edu.au/2023/course/ENVS2004
ENVS2004,2024,Climate and Its Applications,6,6,S1,,ENVS6204,UGRD,In Person,https://programsandcourses.anu.edu.au/2024/course/ENVS2004
ENVS2004,2025,Climate and Its Applications,6,6,S1,,ENVS6204,UGRD,In Person,https://programsandcourses.anu.edu.au/2025/course/ENVS2004
ENVS2004,2026,Climate and Its Applications,6,6,S1,,ENVS6204,UGRD,In Person,https://programsandcourses.anu.edu.au/2026/course/ENVS2004
ENVS2004,2027,Climate and Its Applications,6,6,S1,,ENVS6204,UGRD,In Person,https://programsandcourses.anu.edu.au/2027/course/ENVS2004
ENVS2005,2014,Island Sustainable Development: Fiji Field School,6,12,WINTER,,,UGRD,In Person,https://programsandcourses.anu.edu.au/2014/course/ENVS2005
ENVS2005,2015,Island Sustainable Development: Fiji Field School,6,12,WINTER,ENVS6205,,UGRD,In Person,https://programsandcourses.anu.edu.au/2015/course/ENVS2005
ENVS2005,2016,Island Sustainable Development: Fiji Field School,6,12,WINTER,ENVS6205,,UGRD,In Person,https://programsandcourses.anu.edu.au/2016/course/ENVS2005
ENVS2005,2017,Island Sustainable Development: Fiji Field School,6,12,WINTER,ENVS6205,,UGRD,In Person,https://programsandcourses.anu.edu.au/2017/course/ENVS2005
ENVS2005,2018,Island Sustainable Development: Fiji Field School,6,12,WINTER,ENVS6205,,UGRD,In Person,https://programsandcourses.anu.edu.au/2018/course/ENVS2005
ENVS2005,2019,Island Sustainable Development: Fiji Field School,6,12,WINTER,ENVS6205,,UGRD,In Person,https://programsandcourses.anu.edu.au/2019/course/ENVS2005
ENVS2005,2020,Island Sustainable Development: Fiji Field School,6,12,UNKNOWN,ENVS6205,,UGRD,In Person,https://programsandcourses.anu.edu.au/2020/course/ENVS2005
ENVS2005,2021,Island Sustainable Development: Fiji Field School,6,12,UNKNOWN,,ENVS6205,UGRD,In Person,https://programsandcourses.anu.edu.au/2021/course/ENVS2005
ENVS2005,2022,Island Sustainable Development: Fiji Field School,6,12,WINTER,,ENVS6205,UGRD,In Person,https://programsandcourses.anu.edu.au/2022/course/ENVS2005
ENVS2005,2023,Island Sustainable Development: Fiji Field School,6,12,WINTER,,ENVS6205,UGRD,In Person,https://programsandcourses.anu.edu.au/2023/course/ENVS2005
ENVS2005,2024,Island Sustainable Development: Fiji Field School,6,12,WINTER,,ENVS6205,UGRD,In Person,https://programsandcourses.anu.edu.au/2024/course/ENVS2005
ENVS2005,2025,Island Sustainable Development: Fiji Field School,6,12,WINTER,,ENVS6205,UGRD,In Person,https://programsandcourses.anu.edu.au/2025/course/ENVS2005
ENVS2005,2026,Island Sustainable Development: Fiji Field School,6,12,WINTER,,ENVS6205,UGRD,In Person,https://programsandcourses.anu.edu.au/2026/course/ENVS2005
ENVS2005,2027,Island Sustainable Development: Fiji Field School,6,12,WINTER,,ENVS6205,UGRD,In Person,https://programsandcourses.anu.edu.au/2027/course/ENVS2005
ENVS2007,2014,Economics for the Environment,6,6,S1,SRES2007,,UGRD,In Person,https://programsandcourses.anu.edu.au/2014/course/ENVS2007
ENVS2007,2015,Economics for the Environment,6,6,S1,SRES2007,,UGRD,In Person,https://programsandcourses.anu.edu.au/2015/course/ENVS2007
ENVS2007,2016,Economics for the Environment,6,6,S1,SRES2007,,UGRD,In Person,https://programsandcourses.anu.edu.au/2016/course/ENVS2007
ENVS2007,2017,Economics for the Environment,6,6,S1,SRES2007,,UGRD,In Person,https://programsandcourses.anu.edu.au/2017/course/ENVS2007
ENVS2007,2018,Economics for the Environment,6,6,S1,SRES2007,,UGRD,In Person,https://programsandcourses.anu.edu.au/2018/course/ENVS2007
ENVS2007,2019,Economics for the Environment,6,6,S1,SRES2007,,UGRD,In Person,https://programsandcourses.anu.edu.au/2019/course/ENVS2007
ENVS2007,2020,Economics for the Environment,6,6,S1,,,UGRD,In Person,https://programsandcourses.anu.edu.au/2020/course/ENVS2007
ENVS2007,2021,Economics for the Environment,6,6,S1,,,UGRD,In Person,https://programsandcourses.anu.edu.au/2021/course/ENVS2007
ENVS2007,2022,Economics for the Environment,6,6,UNKNOWN,,,UGRD,In Person,https://programsandcourses.anu.edu.au/2022/course/ENVS2007
ENVS2007,2023,Economics for the Environment,6,6,S1,,,UGRD,In Person,https://programsandcourses.anu.edu.au/2023/course/ENVS2007
ENVS2007,2024,Economics for the Environment,6,6,S1,,PHYS6205,UGRD,In Person,https://programsandcourses.anu.edu.au/2024/course/ENVS2007
ENVS2007,2025,Economics for the Environment,6,6,UNKNOWN,,PHYS6205,UGRD,In Person,https://programsandcourses.anu.edu.au/2025/course/ENVS2007
ENVS2007,2026,Economics for the Environment,6,6,S1,,PHYS6205,UGRD,In Person,https://programsandcourses.anu.edu.au/2026/course/ENVS2007
ENVS2007,2027,Economics for the Environment,6,6,S1,,PHYS6205,UGRD,In Person,https://programsandcourses.anu.edu.au/2027/course/ENVS2007
ENVS2011,2014,Human Ecology,6,6,S1,,,UGRD,In Person,https://programsandcourses.anu.edu.au/2014/course/ENVS2011
ENVS2011,2015,Human Ecology,6,6,S1,ENVS6020,,UGRD,In Person,https://programsandcourses.anu.edu.au/2015/course/ENVS2011
ENVS2011,2016,Human Ecology,6,6,S1,ENVS6020,,UGRD,In Person,https://programsandcourses.anu.edu.au/2016/course/ENVS2011
ENVS2011,2017,Human Ecology,6,6,S1,ENVS6020,,UGRD,In Person,https://programsandcourses.anu.edu.au/2017/course/ENVS2011
ENVS2011,2018,Human Ecology,6,6,S1,ENVS6020,,UGRD,In Person,https://programsandcourses.anu.edu.au/2018/course/ENVS2011
ENVS2011,2019,Human Ecology,6,6,S1,ENVS6020,,UGRD,In Person,https://programsandcourses.anu.edu.au/2019/course/ENVS2011
ENVS2011,2020,Human Ecology,6,6,S1,ENVS6020,,UGRD,In Person,https://programsandcourses.anu.edu.au/2020/course/ENVS2011
ENVS2011,2021,Human Ecology,6,6,S1,,ENVS6020,UGRD,In Person,https://programsandcourses.anu.edu.au/2021/course/ENVS2011
ENVS2011,2022,Human Ecology,6,6,S1,,ENVS6020,UGRD,In Person,https://programsandcourses.anu.edu.au/2022/course/ENVS2011
ENVS2011,2023,Human Ecology,6,6,S1,,ENVS6020,UGRD,In Person,https://programsandcourses.anu.edu.au/2023/course/ENVS2011
ENVS2011,2024,Human Ecology,6,6,S1,,ENVS6020,UGRD,In Person,https://programsandcourses.anu.edu.au/2024/course/ENVS2011
ENVS2011,2025,Human Ecology,6,6,S1,,ENVS6020,UGRD,In Person,https://programsandcourses.anu.edu.au/2025/course/ENVS2011
ENVS2011,2026,Human Ecology,6,6,S1,,ENVS6020,UGRD,In Person,https://programsandcourses.anu.edu.au/2026/course/ENVS2011
ENVS2011,2027,Human Ecology,6,6,S1,,ENVS6020,UGRD,In Person,https://programsandcourses.anu.edu.au/2027/course/ENVS2011
ENVS2012,2014,Sustainable Systems: Urban,6,6,S2,ENVS2011|SRES2012,,UGRD,In Person,https://programsandcourses.anu.edu.au/2014/course/ENVS2012
ENVS2012,2015,Sustainable Systems: Urban,6,6,UNKNOWN,ENVS2011|SRES2012|ENVS6005,,UGRD,In Person,https://programsandcourses.anu.edu.au/2015/course/ENVS2012
ENVS2012,2016,Sustainable Urban Systems,6,6,S2,ENVS2011|SRES2012|ENVS6005,,UGRD,In Person,https://programsandcourses.anu.edu.au/2016/course/ENVS2012
ENVS2012,2017,Sustainable Urban Systems,6,6,UNKNOWN,ENVS2011|SRES2012|ENVS6005,,UGRD,In Person,https://programsandcourses.anu.edu.au/2017/course/ENVS2012
ENVS2012,2018,Sustainable Urban Systems,6,6,S2,ENVS2011|SRES2012|ENVS6005,,UGRD,In Person,https://programsandcourses.anu.edu.au/2018/course/ENVS2012
ENVS2012,2019,Sustainable Urban Systems,6,6,UNKNOWN,ENVS2011|SRES2012|ENVS6005,,UGRD,In Person,https://programsandcourses.anu.edu.au/2019/course/ENVS2012
ENVS2012,2020,Sustainable Urban Systems,6,6,S2,ENVS2011|ENVS6005,,UGRD,In Person,https://programsandcourses.anu.edu.au/2020/course/ENVS2012
ENVS2012,2021,Sustainable Urban Systems,6,6,UNKNOWN,ENVS2011,ENVS6005,UGRD,In Person,https://programsandcourses.anu.edu.au/2021/course/ENVS2012
ENVS2012,2022,Sustainable Urban Systems,6,6,UNKNOWN,ENVS2011,ENVS6005,UGRD,In Person,https://programsandcourses.anu.edu.au/2022/course/ENVS2012
ENVS2012,2023,Sustainable Urban Systems,6,6,UNKNOWN,ENVS2011,ENVS6005,UGRD,In Person,https://programsandcourses.anu.edu.au/2023/course/ENVS2012
ENVS2012,2024,Sustainable Urban Systems,6,6,SPRING,,,UGRD,In Person,https://programsandcourses.anu.edu.au/2024/course/ENVS2012
ENVS2012,2025,Sustainable Urban Systems,6,6,SPRING,,,UGRD,In Person,https://programsandcourses.anu.edu.au/2025/course/ENVS2012
ENVS2012,2026,Sustainable Urban Systems,6,6,UNKNOWN,,,UGRD,In Person,https://programsandcourses.anu.edu.au/2026/course/ENVS2012
ENVS2012,2027,Sustainable Urban Systems,6,6,SPRING,,,UGRD,In Person,https://programsandcourses.anu.edu.au/2027/course/ENVS2012
ENVS2013,2014,Society and Environmental Change,6,6,S1,SRES2013|ENVS2013,,UGRD,In Person,https://programsandcourses.anu.edu.au/2014/course/ENVS2013
ENVS2013,2015,Society and Environmental Change,6,6,S1,SRES2013|ENVS6013,,UGRD,In Person,https://programsandcourses.anu.edu.au/2015/course/ENVS2013
ENVS2013,2016,Society and Environmental Change,6,6,S2,SRES2013|ENVS6013,,UGRD,In Person,https://programsandcourses.anu.edu.au/2016/course/ENVS2013
ENVS2013,2017,Society and Environmental Change,6,6,S2,SRES2013|ENVS6013,,UGRD,In Person,https://programsandcourses.anu.edu.au/2017/course/ENVS2013
ENVS2013,2018,Society and Environmental Change,6,6,S2,SRES2013|ENVS6013,,UGRD,In Person,https://programsandcourses.anu.edu.au/2018/course/ENVS2013
ENVS2013,2019,Society and Environmental Change,6,6,S2,SRES2013|ENVS6013,,UGRD,In Person,https://programsandcourses.anu.edu.au/2019/course/ENVS2013
ENVS2013,2020,Society and Environmental Change,6,6,S2,ENVS6013,,UGRD,In Person,https://programsandcourses.anu.edu.au/2020/course/ENVS2013
ENVS2013,2021,Society and Environmental Change,6,6,S2,ENVS6013,,UGRD,In Person,https://programsandcourses.anu.edu.au/2021/course/ENVS2013
ENVS2013,2022,Society and Environmental Change,6,6,S2,ENVS6013,,UGRD,In Person,https://programsandcourses.anu.edu.au/2022/course/ENVS2013
ENVS2013,2023,Society and Environmental Change,6,6,S2,ENVS6013,,UGRD,In Person,https://programsandcourses.anu.edu.au/2023/course/ENVS2013
ENVS2013,2024,Society and Environmental Change,6,6,S2,,ENVS6013,UGRD,In Person,https://programsandcourses.anu.edu.au/2024/course/ENVS2013
ENVS2013,2025,Society and Environmental Change,6,6,S2,,ENVS6013,UGRD,In Person,https://programsandcourses.anu.edu.au/2025/course/ENVS2013
ENVS2013,2026,Society and Environmental Change,6,6,S2,,ENVS6013,UGRD,In Person,https://programsandcourses.anu.edu.au/2026/course/ENVS2013
ENVS2013,2027,Society and Environmental Change,6,6,S2,,ENVS6013,UGRD,In Person,https://programsandcourses.anu.edu.au/2027/course/ENVS2013
ENVS2015,2014,GIS and Spatial Analysis,6,6,S2,SRES2015,,UGRD,In Person,https://programsandcourses.anu.edu.au/2014/course/ENVS2015
ENVS2015,2015,GIS and Spatial Analysis,6,6,S2,SRES2015|ENVS6015,,UGRD,In Person,https://programsandcourses.anu.edu.au/2015/course/ENVS2015
ENVS2015,2016,GIS and Spatial Analysis,6,6,S2,SRES2015|ENVS6015,,UGRD,In Person,https://programsandcourses.anu.edu.au/2016/course/ENVS2015
ENVS2015,2017,GIS and Spatial Analysis,6,6,S2,SRES2015|ENVS6015,,UGRD,In Person,https://programsandcourses.anu.edu.au/2017/course/ENVS2015
ENVS2015,2018,GIS and Spatial Analysis,6,6,S2,SRES2015|ENVS6015,,UGRD,In Person,https://programsandcourses.anu.edu.au/2018/course/ENVS2015
ENVS2015,2019,GIS and Spatial Analysis,6,6,S2,SRES2015|ENVS6015,,UGRD,In Person,https://programsandcourses.anu.edu.au/2019/course/ENVS2015
ENVS2015,2020,GIS and Spatial Analysis,6,6,S2,ENVS6015,,UGRD,In Person,https://programsandcourses.anu.edu.au/2020/course/ENVS2015
ENVS2015,2021,GIS and Spatial Analysis,6,6,S2,,ENVS6015,UGRD,In Person,https://programsandcourses.anu.edu.au/2021/course/ENVS2015
ENVS2015,2022,GIS and Spatial Analysis,6,6,S2,,ENVS6015,UGRD,In Person,https://programsandcourses.anu.edu.au/2022/course/ENVS2015
ENVS2015,2023,GIS and Spatial Analysis,6,6,S2,,ENVS6015,UGRD,In Person,https://programsandcourses.anu.edu.au/2023/course/ENVS2015
ENVS2015,2024,GIS and Spatial Analysis,6,6,S2,,ENVS6015,UGRD,In Person,https://programsandcourses.anu.edu.au/2024/course/ENVS2015
ENVS2015,2025,GIS and Spatial Analysis,6,6,S2,,ENVS6015,UGRD,In Person,https://programsandcourses.anu.edu.au/2025/course/ENVS2015
ENVS2015,2026,GIS and Spatial Analysis,6,6,S2,,ENVS6015,UGRD,In Person,https://programsandcourses.anu.edu.au/2026/course/ENVS2015
ENVS2015,2027,GIS and Spatial Analysis,6,6,S2,,ENVS6015,UGRD,In Person,https://programsandcourses.anu.edu.au/2027/course/ENVS2015
ENVS2017,2015,Vietnam Field School,6,12,SUMMER,ENVS6017,,UGRD,In Person,https://programsandcourses.anu.edu.au/2015/course/ENVS2017
ENVS2017,2016,Vietnam Field School,6,12,SUMMER,ENVS6017,,UGRD,In Person,https://programsandcourses.anu.edu.au/2016/course/ENVS2017
ENVS2017,2017,Vietnam Field School,6,12,SUMMER,ENVS6017,,UGRD,In Person,https://programsandcourses.anu.edu.au/2017/course/ENVS2017
ENVS2017,2018,Vietnam Field School,6,12,SUMMER,ENVS6017,,UGRD,In Person,https://programsandcourses.anu.edu.au/2018/course/ENVS2017
ENVS2017,2019,Vietnam Field School,6,12,SUMMER,ENVS6017,,UGRD,In Person,https://programsandcourses.anu.edu.au/2019/course/ENVS2017
ENVS2017,2020,Vietnam Field School,6,12,SUMMER,ENVS6017,,UGRD,In Person,https://programsandcourses.anu.edu.au/2020/course/ENVS2017
ENVS2017,2021,Vietnam Field School,6,12,UNKNOWN,,ENVS6017,UGRD,In Person,https://programsandcourses.anu.edu.au/2021/course/ENVS2017
ENVS2017,2022,Vietnam Field School,6,12,UNKNOWN,,ENVS6017,UGRD,In Person,https://programsandcourses.anu.edu.au/2022/course/ENVS2017
ENVS2017,2023,Vietnam Field School,6,12,UNKNOWN,,ENVS6017,UGRD,In Person,https://programsandcourses.anu.edu.au/2023/course/ENVS2017
ENVS2017,2024,Vietnam Field School,6,12,SUMMER,,ENVS6017,UGRD,In Person,https://programsandcourses.anu.edu.au/2024/course/ENVS2017
ENVS2017,2025,Vietnam Field School,6,12,SUMMER,,ENVS6017,UGRD,In Person,https://programsandcourses.anu.edu.au/2025/course/ENVS2017
ENVS2017,2026,Vietnam Field School,6,12,SPRING,,ENVS6017,UGRD,In Person,https://programsandcourses.anu.edu.au/2026/course/ENVS2017
ENVS2017,2027,Vietnam Field School,6,12,UNKNOWN,,ENVS6017,UGRD,In Person,https://programsandcourses.anu.edu.au/2027/course/ENVS2017
ENVS2018,2016,Environmental Science Field School,6,6,WINTER,,,UGRD,In Person,https://programsandcourses.anu.edu.au/2016/course/ENVS2018
ENVS2018,2018,Environmental Science Field School,6,6,WINTER,ENVS1001|ENVS1003|ENVS1004|ENVS6218,,UGRD,In Person,https://programsandcourses.anu.edu.au/2018/course/ENVS2018
ENVS2018,2019,Environmental Science Field School,6,6,WINTER,ENVS1001|ENVS1003|ENVS1004|ENVS6218,,UGRD,In Person,https://programsandcourses.anu.edu.au/2019/course/ENVS2018
ENVS2018,2020,Environmental Science Field School,6,6,WINTER,ENVS1001|ENVS1003|ENVS1004|ENVS6218,,UGRD,In Person,https://programsandcourses.anu.edu.au/2020/course/ENVS2018
ENVS2018,2021,Environmental Science Field School,6,6,WINTER,ENVS1001|ENVS1003|ENVS1004|ENVS6218,,UGRD,In Person,https://programsandcourses.anu.edu.au/2021/course/ENVS2018
ENVS2018,2022,Environmental Science Field School,6,6,WINTER,ENVS1001|ENVS1003|ENVS1004|ENVS6218,,UGRD,In Person,https://programsandcourses.anu.edu.au/2022/course/ENVS2018
ENVS2018,2023,Environmental Science Field School,6,6,WINTER,ENVS1001|ENVS1003|ENVS1004|ENVS6218,,UGRD,In Person,https://programsandcourses.anu.edu.au/2023/course/ENVS2018
ENVS2018,2024,Environmental Science Field School,6,6,WINTER,ENVS1003|STAT1003,ENVS6218,UGRD,In Person,https://programsandcourses.anu.edu.au/2024/course/ENVS2018
ENVS2018,2025,Environmental Science Field School,6,6,WINTER,ENVS1003|STAT1003,ENVS6218,UGRD,In Person,https://programsandcourses.anu.edu.au/2025/course/ENVS2018
ENVS2018,2026,Environmental Science Field School,6,6,WINTER,ENVS1003|STAT1003,ENVS6218,UGRD,In Person,https://programsandcourses.anu.edu.au/2026/course/ENVS2018
ENVS2018,2027,Environmental Science Field School,6,6,WINTER,ENVS1003|STAT1003,ENVS6218,UGRD,In Person,https://programsandcourses.anu.edu.au/2027/course/ENVS2018
ENVS2020,2014,Hydrology and Landforms for Natural Resource Management,6,6,S1,SRES2002|ENVS2008,,UGRD,In Person,https://programsandcourses.anu.edu.au/2014/course/ENVS2020
ENVS2020,2015,Hydrology and Landforms for Natural Resource Management,6,6,S1,SRES2002|ENVS2008|ENVS6022,,UGRD,In Person,https://programsandcourses.anu.edu.au/2015/course/ENVS2020
ENVS2020,2016,Water Science,6,6,S1,SRES2002|ENVS2008|ENVS6022,,UGRD,In Person,https://programsandcourses.anu.edu.au/2016/course/ENVS2020
ENVS2020,2017,Water Science,6,6,SUMMER,SRES2002|ENVS2008|ENVS6022,,UGRD,In Person,https://programsandcourses.anu.edu.au/2017/course/ENVS2020
ENVS2020,2018,Water Science,6,6,SUMMER,SRES2002|ENVS2008|ENVS6022,,UGRD,In Person,https://programsandcourses.anu.edu.au/2018/course/ENVS2020
ENVS2020,2019,Water Science,6,6,SUMMER,SRES2002|ENVS2008|ENVS6022,,UGRD,In Person,https://programsandcourses.anu.edu.au/2019/course/ENVS2020
ENVS2020,2020,Water Science,6,6,SUMMER,ENVS2008|ENVS6022,,UGRD,In Person,https://programsandcourses.anu.edu.au/2020/course/ENVS2020
ENVS2020,2021,Water Science,6,6,SUMMER,,ENVS6022,UGRD,In Person,https://programsandcourses.anu.edu.au/2021/course/ENVS2020
ENVS2020,2022,Water Science,6,6,SUMMER,,ENVS6022,UGRD,In Person,https://programsandcourses.anu.edu.au/2022/course/ENVS2020
ENVS2020,2023,Water Science,6,6,SUMMER,,ENVS6022,UGRD,In Person,https://programsandcourses.anu.edu.au/2023/course/ENVS2020
ENVS2020,2024,Water Science,6,6,SUMMER,,ENVS6022,UGRD,In Person,https://programsandcourses.anu.edu.au/2024/course/ENVS2020
ENVS2020,2025,Water Science,6,6,SUMMER,,ENVS6022,UGRD,In Person,https://programsandcourses.anu.edu.au/2025/course/ENVS2020
ENVS2020,2026,Water Science,6,6,SUMMER,,ENVS6022,UGRD,In Person,https://programsandcourses.anu.edu.au/2026/course/ENVS2020
ENVS2020,2027,Water Science,6,6,SUMMER,,ENVS6022,UGRD,In Person,https://programsandcourses.anu.edu.au/2027/course/ENVS2020
ENVS2023,2016,Sustainable Agricultural Systems,6,6,UNKNOWN,ENVS2001|ENVS2023|ENVS2022|ENVS6223,,UGRD,Online or In Person,https://programsandcourses.anu.edu.au/2016/course/ENVS2023
ENVS2023,2017,Sustainable Agricultural Systems,6,6,S2,,ENVS6223|ENVS2022,UGRD,Online or In Person,https://programsandcourses.anu.edu.au/2017/course/ENVS2023
ENVS2023,2018,Sustainable Agricultural Systems,6,6,UNKNOWN,,ENVS6223|ENVS2022,UGRD,Online or In Person,https://programsandcourses.anu.edu.au/2018/course/ENVS2023
ENVS2023,2019,Sustainable Agricultural Systems,6,6,S2,,ENVS6223|ENVS2022,UGRD,Online or In Person,https://programsandcourses.anu.edu.au/2019/course/ENVS2023
ENVS2023,2020,Sustainable Agricultural Systems,6,6,UNKNOWN,,ENVS6223|ENVS2022,UGRD,Online or In Person,https://programsandcourses.anu.edu.au/2020/course/ENVS2023
ENVS2023,2021,Sustainable Agricultural Systems,6,6,S2,,ENVS6223|ENVS2022,UGRD,Online or In Person,https://programsandcourses.anu.edu.au/2021/course/ENVS2023
ENVS2023,2022,Sustainable Agricultural Systems,6,6,S2,,ENVS6223|ENVS2022,UGRD,Online or In Person,https://programsandcourses.anu.edu.au/2022/course/ENVS2023
ENVS2023,2023,Sustainable Agricultural Systems,6,6,S2,,ENVS6223|ENVS2022,UGRD,Online or In Person,https://programsandcourses.anu.edu.au/2023/course/ENVS2023
ENVS2023,2024,Sustainable Agricultural Systems,6,6,S1,,ENVS6223,UGRD,In Person,https://programsandcourses.anu.edu.au/2024/course/ENVS2023
ENVS2023,2025,Sustainable Agricultural Systems,6,6,S1,,ENVS6223,UGRD,In Person,https://programsandcourses.anu.edu.au/2025/course/ENVS2023
ENVS2023,2026,Sustainable Agricultural Systems,6,6,S1,,ENVS6223,UGRD,In Person,https://programsandcourses.anu.edu.au/2026/course/ENVS2023
ENVS2023,2027,Sustainable Agricultural Systems,6,6,S1,,ENVS6223,UGRD,In Person,https://programsandcourses.anu.edu.au/2027/course/ENVS2023
ENVS2024,2021,Agricultural Systems,6,6,WINTER,,ENVS6224,UGRD,In Person,https://programsandcourses.anu.edu.au/2021/course/ENVS2024
ENVS2024,2022,Agricultural Systems,6,6,WINTER,,ENVS6224,UGRD,In Person,https://programsandcourses.anu.edu.au/2022/course/ENVS2024
ENVS2024,2023,Agricultural Systems,6,6,WINTER,,ENVS6224,UGRD,In Person,https://programsandcourses.anu.edu.au/2023/course/ENVS2024
ENVS2024,2024,Agricultural Systems,6,6,WINTER,,ENVS6224,UGRD,In Person,https://programsandcourses.anu.edu.au/2024/course/ENVS2024
ENVS2024,2025,Agricultural Systems,6,6,WINTER,,ENVS6224,UGRD,In Person,https://programsandcourses.anu.edu.au/2025/course/ENVS2024
ENVS2024,2026,Agricultural Science,6,6,WINTER,,ENVS6224,UGRD,In Person,https://programsandcourses.anu.edu.au/2026/course/ENVS2024
ENVS2024,2027,Agricultural Science,6,6,WINTER,,ENVS6224,UGRD,In Person,https://programsandcourses.anu.edu.au/2027/course/ENVS2024
ENVS2025,2014,Indigenous Cultural and Natural Resource Management,6,6,UNKNOWN,,,UGRD,In Person,https://programsandcourses.anu.edu.au/2014/course/ENVS2025
ENVS2025,2015,Indigenous Cultural and Natural Resource Management,6,6,S1,,,UGRD,In Person,https://programsandcourses.anu.edu.au/2015/course/ENVS2025
ENVS2025,2016,Indigenous Cultural and Natural Resource Management,6,6,S1,INDG2001,,UGRD,In Person,https://programsandcourses.anu.edu.au/2016/course/ENVS2025
ENVS2025,2017,Indigenous Cultural and Natural Resource Management,6,6,S1,INDG2001,,UGRD,In Person,https://programsandcourses.anu.edu.au/2017/course/ENVS2025
ENVS2025,2018,Indigenous Cultural and Natural Resource Management,6,6,S1,INDG2001,,UGRD,In Person,https://programsandcourses.anu.edu.au/2018/course/ENVS2025
ENVS2025,2019,Indigenous Cultural and Natural Resource Management,6,6,S1,INDG2001,,UGRD,In Person,https://programsandcourses.anu.edu.au/2019/course/ENVS2025
ENVS2025,2020,Indigenous Cultural and Natural Resource Management,6,6,UNKNOWN,INDG2001,,UGRD,In Person,https://programsandcourses.anu.edu.au/2020/course/ENVS2025
ENVS2025,2021,Indigenous Cultural and Natural Resource Management,6,6,S1,,INDG2001,UGRD,In Person,https://programsandcourses.anu.edu.au/2021/course/ENVS2025
ENVS2025,2022,Indigenous Cultural and Natural Resource Management,6,6,S1,,INDG2001,UGRD,In Person,https://programsandcourses.anu.edu.au/2022/course/ENVS2025
ENVS2025,2023,Indigenous Cultural and Natural Resource Management,6,6,S1,,INDG2001,UGRD,In Person,https://programsandcourses.anu.edu.au/2023/course/ENVS2025
ENVS2025,2024,Indigenous Cultural and Natural Resource Management,6,6,S1,,INDG2001,UGRD,In Person,https://programsandcourses.anu.edu.au/2024/course/ENVS2025
ENVS2025,2025,Indigenous Cultural and Natural Resource Management,6,6,S1,,INDG2001,UGRD,In Person,https://programsandcourses.anu.edu.au/2025/course/ENVS2025
ENVS2025,2026,Indigenous Cultural and Natural Resource Management,6,6,S1,,INDG2001,UGRD,In Person,https://programsandcourses.anu.edu.au/2026/course/ENVS2025
ENVS2025,2027,Indigenous Cultural and Natural Resource Management,6,6,S1,,INDG2001,UGRD,In Person,https://programsandcourses.anu.edu.au/2027/course/ENVS2025
ENVS3003,2025,Pollution in Practice,6,6,WINTER,,,UGRD,In Person,https://programsandcourses.anu.edu.au/2025/course/ENVS3003
ENVS3003,2026,Pollution in Practice,6,6,WINTER,,,UGRD,In Person,https://programsandcourses.anu.edu.au/2026/course/ENVS3003
ENVS3003,2027,Pollution in Practice,6,6,WINTER,,,UGRD,In Person,https://programsandcourses.anu.edu.au/2027/course/ENVS3003
ENVS3004,2014,Land and Catchment Management,6,6,S2,,,UGRD,In Person,https://programsandcourses.anu.edu.au/2014/course/ENVS3004
ENVS3004,2015,Land and Catchment Management,6,6,S2,,ENVS6304,UGRD,In Person,https://programsandcourses.anu.edu.au/2015/course/ENVS3004
ENVS3004,2016,Land and Catchment Management,6,6,S2,,ENVS6304,UGRD,In Person,https://programsandcourses.anu.edu.au/2016/course/ENVS3004
ENVS3004,2017,Land and Catchment Management,6,6,S2,,ENVS6304,UGRD,In Person,https://programsandcourses.anu.edu.au/2017/course/ENVS3004
ENVS3004,2018,Land and Catchment Management,6,6,S2,,ENVS6304,UGRD,In Person,https://programsandcourses.anu.edu.au/2018/course/ENVS3004
ENVS3004,2019,Land and Catchment Management,6,6,S2,,ENVS6304,UGRD,In Person,https://programsandcourses.anu.edu.au/2019/course/ENVS3004
ENVS3004,2020,Land and Catchment Management,6,6,S2,,ENVS6304,UGRD,In Person,https://programsandcourses.anu.edu.au/2020/course/ENVS3004
ENVS3004,2021,Land and Catchment Management,6,6,S2,,ENVS6304,UGRD,In Person,https://programsandcourses.anu.edu.au/2021/course/ENVS3004
ENVS3004,2022,Land and Catchment Management,6,6,UNKNOWN,,ENVS6304,UGRD,In Person,https://programsandcourses.anu.edu.au/2022/course/ENVS3004
ENVS3004,2023,Land and Catchment Management,6,6,S2,,ENVS6304,UGRD,In Person,https://programsandcourses.anu.edu.au/2023/course/ENVS3004
ENVS3004,2024,Land and Catchment Management,6,6,UNKNOWN,,ENVS6304,UGRD,In Person,https://programsandcourses.anu.edu.au/2024/course/ENVS3004
ENVS3004,2025,Land and Catchment Management,6,6,S2,,ENVS6304,UGRD,In Person,https://programsandcourses.anu.edu.au/2025/course/ENVS3004
ENVS3004,2026,Land and Catchment Management,6,6,S2,,ENVS6304,UGRD,In Person,https://programsandcourses.anu.edu.au/2026/course/ENVS3004
ENVS3004,2027,Land and Catchment Management,6,6,S2,,ENVS6304,UGRD,In Person,https://programsandcourses.anu.edu.au/2027/course/ENVS3004
ENVS3005,2014,Water Resource Management,6,6,S1,,,UGRD,In Person,https://programsandcourses.anu.edu.au/2014/course/ENVS3005
ENVS3005,2015,Water Resource Management,6,6,S1,ENVS6555,,UGRD,In Person,https://programsandcourses.anu.edu.au/2015/course/ENVS3005
ENVS3005,2016,Water Management,6,6,S1,ENVS6555,,UGRD,In Person,https://programsandcourses.anu.edu.au/2016/course/ENVS3005
ENVS3005,2017,Water Management,6,6,S1,ENVS6555,,UGRD,In Person,https://programsandcourses.anu.edu.au/2017/course/ENVS3005
ENVS3005,2019,Water Management,6,6,S1,ENVS6555,,UGRD,In Person,https://programsandcourses.anu.edu.au/2019/course/ENVS3005
ENVS3005,2020,Water Management,6,6,S1,ENVS6555,,UGRD,In Person,https://programsandcourses.anu.edu.au/2020/course/ENVS3005
ENVS3005,2021,Water Management,6,6,S1,,ENVS6555,UGRD,In Person,https://programsandcourses.anu.edu.au/2021/course/ENVS3005
ENVS3005,2022,Water Management,6,6,S1,,ENVS6555,UGRD,In Person,https://programsandcourses.anu.edu.au/2022/course/ENVS3005
ENVS3005,2023,Water Management,6,6,S1,,ENVS6555,UGRD,In Person,https://programsandcourses.anu.edu.au/2023/course/ENVS3005
ENVS3005,2024,Water Management,6,6,S1,,ENVS6555,UGRD,In Person,https://programsandcourses.anu.edu.au/2024/course/ENVS3005
ENVS3005,2025,Water Management,6,6,S1,,ENVS6555,UGRD,In Person,https://programsandcourses.anu.edu.au/2025/course/ENVS3005
ENVS3005,2026,Water Management,6,6,S1,,ENVS6555,UGRD,In Person,https://programsandcourses.anu.edu.au/2026/course/ENVS3005
ENVS3005,2027,Water Management,6,6,S1,,ENVS6555,UGRD,In Person,https://programsandcourses.anu.edu.au/2027/course/ENVS3005
ENVS3007,2014,Participatory Resource Management: Working with Communities and Stakeholders,6,6,WINTER,,,UGRD,In Person,https://programsandcourses.anu.edu.au/2014/course/ENVS3007
ENVS3007,2016,Participatory Resource Management: Working with Communities and Stakeholders,6,6,WINTER,ENVS6021,,UGRD,In Person,https://programsandcourses.anu.edu.au/2016/course/ENVS3007
ENVS3007,2017,Participatory Resource Management: Working with Communities and Stakeholders,6,6,WINTER,ENVS6021,,UGRD,In Person,https://programsandcourses.anu.edu.au/2017/course/ENVS3007
ENVS3007,2018,Participatory Resource Management: Working with Communities and Stakeholders,6,6,WINTER,ENVS6021,,UGRD,In Person,https://programsandcourses.anu.edu.au/2018/course/ENVS3007
ENVS3007,2019,Participatory Resource Management: Working with Communities and Stakeholders,6,6,WINTER,ENVS6021,,UGRD,In Person,https://programsandcourses.anu.edu.au/2019/course/ENVS3007
ENVS3007,2020,Participatory Resource Management: Working with Communities and Stakeholders,6,6,SPRING,ENVS6021,,UGRD,In Person,https://programsandcourses.anu.edu.au/2020/course/ENVS3007
ENVS3007,2021,Participatory Resource Management: Working with Communities and Stakeholders,6,6,SPRING,,ENVS6021,UGRD,In Person,https://programsandcourses.anu.edu.au/2021/course/ENVS3007
ENVS3007,2022,Participatory Resource Management: Working with Communities and Stakeholders,6,6,WINTER,,ENVS6021,UGRD,In Person,https://programsandcourses.anu.edu.au/2022/course/ENVS3007
ENVS3007,2023,Participatory Resource Management: Working with Communities and Stakeholders,6,6,SPRING,,ENVS6021,UGRD,In Person,https://programsandcourses.anu.edu.au/2023/course/ENVS3007
ENVS3007,2024,Participatory Resource Management: Working with Communities and Stakeholders,6,6,SPRING,,ENVS6021,UGRD,In Person,https://programsandcourses.anu.edu.au/2024/course/ENVS3007
ENVS3007,2025,Participatory Resource Management: Working with Communities and Stakeholders,6,6,SPRING,,ENVS6021,UGRD,In Person,https://programsandcourses.anu.edu.au/2025/course/ENVS3007
ENVS3007,2026,Participatory Resource Management: Working with Communities and Stakeholders,6,6,SPRING,,ENVS6021,UGRD,In Person,https://programsandcourses.anu.edu.au/2026/course/ENVS3007
ENVS3007,2027,Participatory Resource Management: Working with Communities and Stakeholders,6,6,WINTER,,ENVS6021,UGRD,In Person,https://programsandcourses.anu.edu.au/2027/course/ENVS3007
ENVS3008,2014,Fire in the Environment,6,6,SUMMER,,,UGRD,In Person,https://programsandcourses.anu.edu.au/2014/course/ENVS3008
ENVS3008,2015,Fire in the Environment,6,6,SUMMER,ENVS6308,,UGRD,In Person,https://programsandcourses.anu.edu.au/2015/course/ENVS3008
ENVS3008,2016,Fire in the Environment,6,6,SUMMER,ENVS6308,,UGRD,In Person,https://programsandcourses.anu.edu.au/2016/course/ENVS3008
ENVS3008,2017,Fire in the Environment,6,6,SUMMER,ENVS6308,,UGRD,In Person,https://programsandcourses.anu.edu.au/2017/course/ENVS3008
ENVS3008,2018,Fire in the Environment,6,6,SUMMER,ENVS6308,,UGRD,In Person,https://programsandcourses.anu.edu.au/2018/course/ENVS3008
ENVS3008,2019,Fire in the Environment,6,6,SUMMER,ENVS6308,,UGRD,In Person,https://programsandcourses.anu.edu.au/2019/course/ENVS3008
ENVS3008,2020,Fire in the Environment,6,6,SUMMER,ENVS6308,,UGRD,In Person,https://programsandcourses.anu.edu.au/2020/course/ENVS3008
ENVS3008,2021,Fire in the Environment,6,6,UNKNOWN,,ENVS6308,UGRD,In Person,https://programsandcourses.anu.edu.au/2021/course/ENVS3008
ENVS3008,2022,Fire in the Environment,6,6,SUMMER,,ENVS6308,UGRD,In Person,https://programsandcourses.anu.edu.au/2022/course/ENVS3008
ENVS3008,2023,Fire in the Environment,6,6,UNKNOWN,,ENVS6308,UGRD,In Person,https://programsandcourses.anu.edu.au/2023/course/ENVS3008
ENVS3008,2024,Fire in the Environment,6,6,SUMMER,,ENVS6308,UGRD,In Person,https://programsandcourses.anu.edu.au/2024/course/ENVS3008
ENVS3008,2025,Fire in the Environment,6,6,UNKNOWN,,ENVS6308,UGRD,In Person,https://programsandcourses.anu.edu.au/2025/course/ENVS3008
ENVS3008,2026,Fire in the Environment,6,6,UNKNOWN,,ENVS6308,UGRD,In Person,https://programsandcourses.anu.edu.au/2026/course/ENVS3008
ENVS3008,2027,Fire in the Environment,6,6,UNKNOWN,,ENVS6308,UGRD,In Person,https://programsandcourses.anu.edu.au/2027/course/ENVS3008
ENVS3013,2014,Climatology,6,6,S2,ENVS2004|SRES3013,,UGRD,In Person,https://programsandcourses.anu.edu.au/2014/course/ENVS3013
ENVS3013,2015,Climatology,6,6,UNKNOWN,ENVS2004|SRES3013|ENVS6303,,UGRD,In Person,https://programsandcourses.anu.edu.au/2015/course/ENVS3013
ENVS3013,2016,Climatology,6,6,S2,ENVS2004|SRES3013|ENVS6303,,UGRD,In Person,https://programsandcourses.anu.edu.au/2016/course/ENVS3013
ENVS3013,2017,Climatology,6,6,UNKNOWN,ENVS2004|SRES3013|ENVS6303,,UGRD,In Person,https://programsandcourses.anu.edu.au/2017/course/ENVS3013
ENVS3013,2018,Climatology,6,6,S2,ENVS2004|ENVS6303,,UGRD,In Person,https://programsandcourses.anu.edu.au/2018/course/ENVS3013
ENVS3013,2019,Climatology,6,6,UNKNOWN,ENVS2004|ENVS6303,,UGRD,In Person,https://programsandcourses.anu.edu.au/2019/course/ENVS3013
ENVS3013,2020,"Climate Change: past, present and future",6,6,S2,ENVS2004|ENVS6303,,UGRD,In Person,https://programsandcourses.anu.edu.au/2020/course/ENVS3013
ENVS3013,2021,"Climate Change: Past, Present and Future",6,6,S1,ENVS2004,ENVS6303,UGRD,In Person,https://programsandcourses.anu.edu.au/2021/course/ENVS3013
ENVS3013,2022,"Climate Change: Past, Present and Future",6,6,S1,ENVS2004|EMSC2021,ENVS6303,UGRD,In Person,https://programsandcourses.anu.edu.au/2022/course/ENVS3013
ENVS3013,2023,"Climate Change: Past, Present and Future",6,6,S1,ENVS2004|EMSC2021,ENVS6303,UGRD,In Person,https://programsandcourses.anu.edu.au/2023/course/ENVS3013
ENVS3013,2024,"Climate Change: Past, Present and Future",6,6,S1,ENVS2004|EMSC2021,ENVS6303,UGRD,In Person,https://programsandcourses.anu.edu.au/2024/course/ENVS3013
ENVS3013,2025,"Climate Change: Past, Present and Future",6,6,S1,ENVS2004|EMSC2021,ENVS6303,UGRD,In Person,https://programsandcourses.anu.edu.au/2025/course/ENVS3013
ENVS3013,2026,"Climate Change: Past, Present and Future",6,6,S1,ENVS2004|EMSC2021,ENVS6303,UGRD,In Person,https://programsandcourses.anu.edu.au/2026/course/ENVS3013
ENVS3013,2027,"Climate Change: Past, Present and Future",6,6,S1,ENVS2004|EMSC2021,ENVS6303,UGRD,In Person,https://programsandcourses.anu.edu.au/2027/course/ENVS3013
ENVS3015,2016,Essentials of Environmental Law,6,6,WINTER,ENVS6315,,UGRD,Online or In Person,https://programsandcourses.anu.edu.au/2016/course/ENVS3015
ENVS3015,2017,Essentials of Environmental Law,6,6,WINTER,,ENVS6315|LAWS2101,UGRD,Online or In Person,https://programsandcourses.anu.edu.au/2017/course/ENVS3015
ENVS3015,2018,Essentials of Environmental Law,6,6,WINTER,,ENVS6315|LAWS2101,UGRD,Online or In Person,https://programsandcourses.anu.edu.au/2018/course/ENVS3015
ENVS3015,2019,Essentials of Environmental Law,6,6,WINTER,,ENVS6315|LAWS2101,UGRD,Online or In Person,https://programsandcourses.anu.edu.au/2019/course/ENVS3015
ENVS3015,2020,Essentials of Environmental Law,6,6,WINTER,,ENVS6315|LAWS2101,UGRD,Online or In Person,https://programsandcourses.anu.edu.au/2020/course/ENVS3015
ENVS3015,2021,Essentials of Environmental Law,6,6,WINTER,,ENVS6315|LAWS2101,UGRD,Online or In Person,https://programsandcourses.anu.edu.au/2021/course/ENVS3015
ENVS3015,2022,Essentials of Environmental Law,6,6,UNKNOWN,,ENVS6315|LAWS2101,UGRD,Online or In Person,https://programsandcourses.anu.edu.au/2022/course/ENVS3015
ENVS3015,2023,Essentials of Environmental Law,6,6,WINTER,,ENVS6315|LAWS2101,UGRD,Online or In Person,https://programsandcourses.anu.edu.au/2023/course/ENVS3015
ENVS3015,2024,Essentials of Environmental Law,6,6,WINTER,,ENVS6315|LAWS2101,UGRD,In Person,https://programsandcourses.anu.edu.au/2024/course/ENVS3015
ENVS3015,2025,Essentials of Environmental Law,6,6,WINTER,,ENVS6315|LAWS2101,UGRD,In Person,https://programsandcourses.anu.edu.au/2025/course/ENVS3015
ENVS3015,2026,Essentials of Environmental Law,6,6,UNKNOWN,,ENVS6315|LAWS2101,UGRD,In Person,https://programsandcourses.anu.edu.au/2026/course/ENVS3015
ENVS3015,2027,Essentials of Environmental Law,6,6,WINTER,,ENVS6315|LAWS2101,UGRD,In Person,https://programsandcourses.anu.edu.au/2027/course/ENVS3015
ENVS3016,2014,Special Topic,6,6,S1|S2|SUMMER|WINTER|AUTUMN|SPRING,,,UGRD,In Person,https://programsandcourses.anu.edu.au/2014/course/ENVS3016
ENVS3016,2015,Special Topic,6,6,S1|S2|SUMMER|WINTER|AUTUMN|SPRING,,,UGRD,In Person,https://programsandcourses.anu.edu.au/2015/course/ENVS3016
ENVS3016,2016,Special Topic,6,6,S1|S2|SUMMER|WINTER|AUTUMN|SPRING,,,UGRD,In Person,https://programsandcourses.anu.edu.au/2016/course/ENVS3016
ENVS3016,2017,Special Topic,6,12,S1|S2|SUMMER|WINTER|AUTUMN|SPRING,,,UGRD,In Person,https://programsandcourses.anu.edu.au/2017/course/ENVS3016
ENVS3016,2018,Special Topic,6,12,S1|S2|SUMMER|WINTER|AUTUMN|SPRING,,,UGRD,In Person,https://programsandcourses.anu.edu.au/2018/course/ENVS3016
ENVS3016,2019,Special Topic,6,12,S1|S2|SUMMER|WINTER|AUTUMN|SPRING,,,UGRD,In Person,https://programsandcourses.anu.edu.au/2019/course/ENVS3016
ENVS3016,2020,Special Topic,6,12,S1|S2|SUMMER|WINTER|AUTUMN|SPRING,,,UGRD,In Person,https://programsandcourses.anu.edu.au/2020/course/ENVS3016
ENVS3016,2021,Special Topic,6,12,S1|S2|SUMMER|WINTER|AUTUMN|SPRING,,,UGRD,In Person,https://programsandcourses.anu.edu.au/2021/course/ENVS3016
ENVS3016,2022,Special Topic,6,12,S1|S2|SUMMER|WINTER|AUTUMN|SPRING,,,UGRD,In Person,https://programsandcourses.anu.edu.au/2022/course/ENVS3016
ENVS3016,2023,Special Topic,6,12,S1|S2|SUMMER|WINTER|AUTUMN|SPRING,,,UGRD,In Person,https://programsandcourses.anu.edu.au/2023/course/ENVS3016
ENVS3016,2024,Special Topic,6,12,S1|S2|WINTER|AUTUMN|SPRING,,,UGRD,In Person,https://programsandcourses.anu.edu.au/2024/course/ENVS3016
ENVS3016,2025,Special Topic,6,6,S1|S2|SUMMER|WINTER|AUTUMN|SPRING,,,UGRD,In Person,https://programsandcourses.anu.edu.au/2025/course/ENVS3016
ENVS3016,2026,Special Topic,6,6,S1|S2|SUMMER|WINTER|AUTUMN|SPRING,,,UGRD,In Person,https://programsandcourses.anu.edu.au/2026/course/ENVS3016
ENVS3016,2027,Special Topic,6,6,S1|S2|SUMMER|WINTER|AUTUMN|SPRING,,,UGRD,In Person,https://programsandcourses.anu.edu.au/2027/course/ENVS3016
ENVS3020,2014,Climate Change Science & Policy,6,6,UNKNOWN,,,UGRD,In Person,https://programsandcourses.anu.edu.au/2014/course/ENVS3020
ENVS3020,2015,Climate Change Science & Policy,6,6,S2,SRES2002|ENVS6307,,UGRD,In Person,https://programsandcourses.anu.edu.au/2015/course/ENVS3020
ENVS3020,2016,Climate Change Science & Policy,6,6,UNKNOWN,SRES2002|ENVS6307,,UGRD,In Person,https://programsandcourses.anu.edu.au/2016/course/ENVS3020
ENVS3020,2017,Climate Change Science & Policy,6,6,S2,SRES2002|ENVS6307,,UGRD,In Person,https://programsandcourses.anu.edu.au/2017/course/ENVS3020
ENVS3020,2018,Climate Change Science & Policy,6,6,UNKNOWN,ENVS6307,,UGRD,In Person,https://programsandcourses.anu.edu.au/2018/course/ENVS3020
ENVS3020,2019,Climate Change Science & Policy,6,6,S2,ENVS6307,,UGRD,In Person,https://programsandcourses.anu.edu.au/2019/course/ENVS3020
ENVS3020,2020,Climate Change Science & Policy,6,6,UNKNOWN,ENVS6307,,UGRD,In Person,https://programsandcourses.anu.edu.au/2020/course/ENVS3020
ENVS3020,2021,"Climate Change: Science, Society, and Policy",6,6,S2,,ENVS6307,UGRD,In Person,https://programsandcourses.anu.edu.au/2021/course/ENVS3020
ENVS3020,2022,"Climate Change: Science, Society, and Policy",6,6,S2,,ENVS6307,UGRD,In Person,https://programsandcourses.anu.edu.au/2022/course/ENVS3020
ENVS3020,2023,"Climate Change: Science, Society, and Policy",6,6,S2,,ENVS6307,UGRD,In Person,https://programsandcourses.anu.edu.au/2023/course/ENVS3020
ENVS3020,2024,"Climate Change: Science, Society, and Policy",6,6,WINTER,,ENVS6307,UGRD,In Person,https://programsandcourses.anu.edu.au/2024/course/ENVS3020
ENVS3020,2025,"Climate Change: Science, Society, and Policy",6,6,S2,,ENVS6307,UGRD,In Person,https://programsandcourses.anu.edu.au/2025/course/ENVS3020
ENVS3020,2026,"Climate Change: Science, Society, and Policy",6,6,WINTER,,ENVS6307,UGRD,In Person,https://programsandcourses.anu.edu.au/2026/course/ENVS3020
ENVS3020,2027,"Climate Change: Science, Society, and Policy",6,6,S2,,ENVS6307,UGRD,In Person,https://programsandcourses.anu.edu.au/2027/course/ENVS3020
ENVS3028,2014,Environmental Policy,6,6,S1,SRES3028,,UGRD,In Person,https://programsandcourses.anu.edu.au/2014/course/ENVS3028
ENVS3028,2015,Environmental Policy,6,6,S1,SRES3028|ENVS6528,,UGRD,In Person,https://programsandcourses.anu.edu.au/2015/course/ENVS3028
ENVS3028,2016,Environmental Policy,6,6,S1,SRES3028|ENVS6528,,UGRD,In Person,https://programsandcourses.anu.edu.au/2016/course/ENVS3028
ENVS3028,2017,Environmental Policy,6,6,S1,SRES3028|ENVS6528,,UGRD,In Person,https://programsandcourses.anu.edu.au/2017/course/ENVS3028
ENVS3028,2018,Environmental Policy,6,6,S1,SRES3028|ENVS6528,,UGRD,In Person,https://programsandcourses.anu.edu.au/2018/course/ENVS3028
ENVS3028,2019,Environmental Policy,6,6,S1,SRES3028|ENVS6528,,UGRD,In Person,https://programsandcourses.anu.edu.au/2019/course/ENVS3028
ENVS3028,2020,Environmental Policy,6,6,S1,ENVS6528,,UGRD,In Person,https://programsandcourses.anu.edu.au/2020/course/ENVS3028
ENVS3028,2021,Environmental Policy,6,6,S1,,ENVS6528,UGRD,In Person,https://programsandcourses.anu.edu.au/2021/course/ENVS3028
ENVS3028,2022,Environmental Policy,6,6,S1,,ENVS6528,UGRD,In Person,https://programsandcourses.anu.edu.au/2022/course/ENVS3028
ENVS3028,2023,Environmental Policy,6,6,S1,,ENVS6528,UGRD,In Person,https://programsandcourses.anu.edu.au/2023/course/ENVS3028
ENVS3028,2024,Environmental Policy,6,6,S1,,ENVS6528,UGRD,In Person,https://programsandcourses.anu.edu.au/2024/course/ENVS3028
ENVS3028,2025,Environmental Policy,6,6,S1,,ENVS6528,UGRD,In Person,https://programsandcourses.anu.edu.au/2025/course/ENVS3028
ENVS3028,2026,Environmental Policy,6,6,S1,,ENVS6528,UGRD,In Person,https://programsandcourses.anu.edu.au/2026/course/ENVS3028
ENVS3028,2027,Environmental Policy,6,6,S1,,ENVS6528,UGRD,In Person,https://programsandcourses.anu.edu.au/2027/course/ENVS3028
ENVS3029,2014,Palaeo-Environmental Reconstruction,6,6,UNKNOWN,SRES3029,,UGRD,In Person,https://programsandcourses.anu.edu.au/2014/course/ENVS3029
ENVS3029,2015,Palaeo-Environmental Reconstruction,6,6,S1,SRES3029|ENVS6529,,UGRD,In Person,https://programsandcourses.anu.edu.au/2015/course/ENVS3029
ENVS3029,2016,Palaeo-Environmental Reconstruction,6,6,S1,SRES3029|ENVS6529,,UGRD,In Person,https://programsandcourses.anu.edu.au/2016/course/ENVS3029
ENVS3029,2017,Palaeo-Environmental Reconstruction,6,6,S1,,ENVS6529,UGRD,In Person,https://programsandcourses.anu.edu.au/2017/course/ENVS3029
ENVS3029,2018,Palaeo-Environmental Reconstruction,6,6,S1,,ENVS6529,UGRD,In Person,https://programsandcourses.anu.edu.au/2018/course/ENVS3029
ENVS3029,2019,Palaeo-Environmental Reconstruction,6,6,S2,,ENVS6529,UGRD,In Person,https://programsandcourses.anu.edu.au/2019/course/ENVS3029
ENVS3029,2020,Palaeo-Environmental Reconstruction,6,6,UNKNOWN,,ENVS6529,UGRD,In Person,https://programsandcourses.anu.edu.au/2020/course/ENVS3029
ENVS3029,2021,Palaeo-Environmental Reconstruction,6,6,S1,,ENVS6529,UGRD,In Person,https://programsandcourses.anu.edu.au/2021/course/ENVS3029
ENVS3029,2022,Palaeo-Environmental Reconstruction,6,6,S1,,ENVS6529,UGRD,In Person,https://programsandcourses.anu.edu.au/2022/course/ENVS3029
ENVS3029,2023,Palaeo-Environmental Reconstruction,6,6,S1,,ENVS6529,UGRD,In Person,https://programsandcourses.anu.edu.au/2023/course/ENVS3029
ENVS3029,2024,Palaeo-Environmental Reconstruction,6,6,AUTUMN,,ENVS6529,UGRD,In Person,https://programsandcourses.anu.edu.au/2024/course/ENVS3029
ENVS3029,2025,Palaeo-Environmental Reconstruction,6,6,AUTUMN,,ENVS6529,UGRD,In Person,https://programsandcourses.anu.edu.au/2025/course/ENVS3029
ENVS3029,2026,Palaeo-Environmental Reconstruction,6,6,AUTUMN,,ENVS6529,UGRD,In Person,https://programsandcourses.anu.edu.au/2026/course/ENVS3029
ENVS3029,2027,Palaeo-Environmental Reconstruction,6,6,AUTUMN,,ENVS6529,UGRD,In Person,https://programsandcourses.anu.edu.au/2027/course/ENVS3029
ENVS3033,2014,International Environmental Policy,6,6,SUMMER,SRES3033|ENVS3038,,UGRD,In Person,https://programsandcourses.anu.edu.au/2014/course/ENVS3033
ENVS3033,2015,International Environmental Policy,6,6,SUMMER,SRES3033|ENVS3038|ENVS6033,,UGRD,In Person,https://programsandcourses.anu.edu.au/2015/course/ENVS3033
ENVS3033,2016,International Environmental Policy,6,6,SUMMER,SRES3033|ENVS3038|ENVS6033,,UGRD,In Person,https://programsandcourses.anu.edu.au/2016/course/ENVS3033
ENVS3033,2017,International Environmental Policy,6,6,SUMMER,SRES3033|ENVS3038|ENVS6033,,UGRD,In Person,https://programsandcourses.anu.edu.au/2017/course/ENVS3033
ENVS3033,2018,International Environmental Policy,6,6,SUMMER,SRES3033|ENVS3038|ENVS6033,,UGRD,In Person,https://programsandcourses.anu.edu.au/2018/course/ENVS3033
ENVS3033,2019,International Environmental Policy,6,6,SUMMER,SRES3033|ENVS3038|ENVS6033,,UGRD,In Person,https://programsandcourses.anu.edu.au/2019/course/ENVS3033
ENVS3033,2020,International Environmental Policy,6,6,SUMMER,ENVS3038|ENVS6033,,UGRD,In Person,https://programsandcourses.anu.edu.au/2020/course/ENVS3033
ENVS3033,2021,International Environmental Policy,6,6,SUMMER,,ENVS3038|ENVS6033,UGRD,In Person,https://programsandcourses.anu.edu.au/2021/course/ENVS3033
ENVS3033,2022,International Environmental Policy,6,6,SUMMER,,ENVS3038|ENVS6033,UGRD,In Person,https://programsandcourses.anu.edu.au/2022/course/ENVS3033
ENVS3033,2023,International Environmental Policy,6,6,SUMMER,,ENVS3038|ENVS6033,UGRD,In Person,https://programsandcourses.anu.edu.au/2023/course/ENVS3033
ENVS3033,2024,International Environmental Policy,6,6,SUMMER,,ENVS3038|ENVS6033,UGRD,In Person,https://programsandcourses.anu.edu.au/2024/course/ENVS3033
ENVS3033,2025,International Environmental Policy,6,6,SUMMER,,ENVS6033,UGRD,In Person,https://programsandcourses.anu.edu.au/2025/course/ENVS3033
ENVS3033,2026,International Environmental Policy,6,6,SUMMER,,ENVS6033,UGRD,In Person,https://programsandcourses.anu.edu.au/2026/course/ENVS3033
ENVS3033,2027,International Environmental Policy,6,6,SUMMER,,ENVS6033,UGRD,In Person,https://programsandcourses.anu.edu.au/2027/course/ENVS3033
ENVS3039,2014,Biodiversity Conservation,6,6,S1,,,UGRD,In Person,https://programsandcourses.anu.edu.au/2014/course/ENVS3039
ENVS3039,2015,Biodiversity Conservation,6,6,S1,ENVS6024,,UGRD,In Person,https://programsandcourses.anu.edu.au/2015/course/ENVS3039
ENVS3039,2016,Biodiversity Conservation,6,6,S2,ENVS6024,,UGRD,In Person,https://programsandcourses.anu.edu.au/2016/course/ENVS3039
ENVS3039,2017,Biodiversity Conservation,6,6,S2,ENVS6024,,UGRD,In Person,https://programsandcourses.anu.edu.au/2017/course/ENVS3039
ENVS3039,2018,Biodiversity Conservation,6,6,S2,ENVS6024,,UGRD,In Person,https://programsandcourses.anu.edu.au/2018/course/ENVS3039
ENVS3039,2019,Biodiversity Conservation,6,6,S2,ENVS6024,,UGRD,In Person,https://programsandcourses.anu.edu.au/2019/course/ENVS3039
ENVS3039,2020,Biodiversity Conservation,6,6,S2,ENVS6024,,UGRD,In Person,https://programsandcourses.anu.edu.au/2020/course/ENVS3039
ENVS3039,2021,Biodiversity Conservation,6,6,S2,,ENVS6024,UGRD,In Person,https://programsandcourses.anu.edu.au/2021/course/ENVS3039
ENVS3039,2022,Biodiversity Conservation,6,6,S2,,ENVS6024,UGRD,In Person,https://programsandcourses.anu.edu.au/2022/course/ENVS3039
ENVS3039,2023,Biodiversity Conservation,6,6,S2,,ENVS6024,UGRD,In Person,https://programsandcourses.anu.edu.au/2023/course/ENVS3039
ENVS3039,2024,Biodiversity Conservation,6,6,S2,,ENVS6024,UGRD,In Person,https://programsandcourses.anu.edu.au/2024/course/ENVS3039
ENVS3039,2025,Biodiversity Conservation,6,6,S2,,ENVS6024,UGRD,In Person,https://programsandcourses.anu.edu.au/2025/course/ENVS3039
ENVS3039,2026,Biodiversity Conservation,6,6,S2,,ENVS6024,UGRD,In Person,https://programsandcourses.anu.edu.au/2026/course/ENVS3039
ENVS3039,2027,Biodiversity Conservation,6,6,S2,,ENVS6024,UGRD,In Person,https://programsandcourses.anu.edu.au/2027/course/ENVS3039
ENVS3040,2014,Complex Environmental Problems in Action,6,6,S2,ENVS3024|ENVS3036,,UGRD,In Person,https://programsandcourses.anu.edu.au/2014/course/ENVS3040
ENVS3040,2015,Complex Environmental Problems in Action,6,6,S2,ENVS3024|ENVS3036|ENVS6025,,UGRD,In Person,https://programsandcourses.anu.edu.au/2015/course/ENVS3040
ENVS3040,2016,Complex Environmental Problems in Action,6,6,S2,ENVS3024|ENVS3036|ENVS6025,,UGRD,In Person,https://programsandcourses.anu.edu.au/2016/course/ENVS3040
ENVS3040,2017,Complex Environmental Problems in Action,6,6,S2,ENVS3024|ENVS3036|ENVS6025,,UGRD,In Person,https://programsandcourses.anu.edu.au/2017/course/ENVS3040
ENVS3040,2018,Complex Environmental Problems in Action,6,6,S2,ENVS3024|ENVS3036|ENVS6025,,UGRD,In Person,https://programsandcourses.anu.edu.au/2018/course/ENVS3040
ENVS3040,2019,Complex Environmental Problems in Action,6,6,S2,ENVS3024|ENVS3036|ENVS6025,,UGRD,In Person,https://programsandcourses.anu.edu.au/2019/course/ENVS3040
ENVS3040,2020,Complex Environmental Problems in Action,6,6,S2,ENVS3024|ENVS3036|ENVS6025,,UGRD,In Person,https://programsandcourses.anu.edu.au/2020/course/ENVS3040
ENVS3040,2021,Complex Environmental Problems in Action,6,6,S2,,ENVS3024|ENVS3036|ENVS6025,UGRD,In Person,https://programsandcourses.anu.edu.au/2021/course/ENVS3040
ENVS3040,2022,Complex Environmental Problems in Action,6,6,S2,,ENVS3024|ENVS3036|ENVS6025,UGRD,In Person,https://programsandcourses.anu.edu.au/2022/course/ENVS3040
ENVS3040,2023,Complex Environmental Problems in Action,6,6,S2,,ENVS3024|ENVS3036|ENVS6025,UGRD,In Person,https://programsandcourses.anu.edu.au/2023/course/ENVS3040
ENVS3040,2024,Complex Environmental Problems in Action,6,6,S2,,ENVS6025,UGRD,In Person,https://programsandcourses.anu.edu.au/2024/course/ENVS3040
ENVS3040,2025,Complex Environmental Problems in Action,6,6,S2,,ENVS6025,UGRD,In Person,https://programsandcourses.anu.edu.au/2025/course/ENVS3040
ENVS3040,2026,Complex Environmental Problems in Action,6,6,S2,,ENVS6025,UGRD,In Person,https://programsandcourses.anu.edu.au/2026/course/ENVS3040
ENVS3040,2027,Complex Environmental Problems in Action,6,6,S2,,ENVS6025,UGRD,In Person,https://programsandcourses.anu.edu.au/2027/course/ENVS3040
ENVS3041,2014,Managing Forested Landscapes,6,6,S1,ENVS4004,,UGRD,In Person,https://programsandcourses.anu.edu.au/2014/course/ENVS3041
ENVS3041,2015,Managing Forested Landscapes,6,6,S1,ENVS4004|ENVS6026,,UGRD,In Person,https://programsandcourses.anu.edu.au/2015/course/ENVS3041
ENVS3041,2016,Managing Forested Landscapes,6,6,S1,ENVS4004|ENVS6026,,UGRD,In Person,https://programsandcourses.anu.edu.au/2016/course/ENVS3041
ENVS3041,2017,Managing Forested Landscapes,6,6,S1,ENVS4004|ENVS6026,,UGRD,In Person,https://programsandcourses.anu.edu.au/2017/course/ENVS3041
ENVS3041,2018,Managing Forested Landscapes,6,6,S1,ENVS4004|ENVS6026,,UGRD,In Person,https://programsandcourses.anu.edu.au/2018/course/ENVS3041
ENVS3041,2019,Managing Forested Landscapes,6,6,S1,ENVS4004|ENVS6026,,UGRD,In Person,https://programsandcourses.anu.edu.au/2019/course/ENVS3041
ENVS3041,2020,Managing Forested Landscapes,6,6,S1,ENVS6026,,UGRD,In Person,https://programsandcourses.anu.edu.au/2020/course/ENVS3041
ENVS3041,2021,Managing Forested Landscapes,6,6,S1,,ENVS6026,UGRD,In Person,https://programsandcourses.anu.edu.au/2021/course/ENVS3041
ENVS3041,2022,Managing Forested Landscapes,6,6,S1,,ENVS6026,UGRD,In Person,https://programsandcourses.anu.edu.au/2022/course/ENVS3041
ENVS3041,2023,Managing Forested Landscapes,6,6,S1,,ENVS6026,UGRD,In Person,https://programsandcourses.anu.edu.au/2023/course/ENVS3041
ENVS3041,2024,Managing Forested Landscapes,6,6,S1,,ENVS6026,UGRD,In Person,https://programsandcourses.anu.edu.au/2024/course/ENVS3041
ENVS3041,2025,Managing Forested Landscapes,6,6,S1,,ENVS6026,UGRD,In Person,https://programsandcourses.anu.edu.au/2025/course/ENVS3041
ENVS3041,2026,Managing Forested Landscapes,6,6,S1,,ENVS6026,UGRD,In Person,https://programsandcourses.anu.edu.au/2026/course/ENVS3041
ENVS3041,2027,Managing Forested Landscapes,6,6,S1,,ENVS6026,UGRD,In Person,https://programsandcourses.anu.edu.au/2027/course/ENVS3041
ENVS3042,2021,Agricultural Innovation,6,6,S2,ENVS2023,ENVS6342,UGRD,In Person,https://programsandcourses.anu.edu.au/2021/course/ENVS3042
ENVS3042,2022,Agricultural Innovation,6,6,S2,ENVS2023,ENVS6342,UGRD,In Person,https://programsandcourses.anu.edu.au/2022/course/ENVS3042
ENVS3042,2023,Agricultural Innovation,6,6,S2,ENVS2023,ENVS6342,UGRD,In Person,https://programsandcourses.anu.edu.au/2023/course/ENVS3042
ENVS3042,2024,Agricultural Innovation,6,6,S2,ENVS2023,ENVS6342,UGRD,In Person,https://programsandcourses.anu.edu.au/2024/course/ENVS3042
ENVS3042,2025,Agricultural Innovation,6,6,S2,ENVS2023|ENVS2024,ENVS6342,UGRD,In Person,https://programsandcourses.anu.edu.au/2025/course/ENVS3042
ENVS3042,2026,Agricultural Innovation,6,6,S2,ENVS2023|ENVS2024,ENVS6342,UGRD,In Person,https://programsandcourses.anu.edu.au/2026/course/ENVS3042
ENVS3042,2027,Agricultural Innovation,6,6,S2,ENVS2023|ENVS2024,ENVS6342,UGRD,In Person,https://programsandcourses.anu.edu.au/2027/course/ENVS3042
ENVS3045,2024,Social Applications of GIS,6,6,UNKNOWN,ENVS2015,ENVS3019|ENVS6319,UGRD,In Person,https://programsandcourses.anu.edu.au/2024/course/ENVS3045
ENVS3045,2025,Social Applications of GIS,6,6,WINTER,ENVS2015,ENVS3019|ENVS6319,UGRD,In Person,https://programsandcourses.anu.edu.au/2025/course/ENVS3045
ENVS3045,2026,Social Applications of GIS,6,6,WINTER,ENVS2015,ENVS3019|ENVS6319,UGRD,In Person,https://programsandcourses.anu.edu.au/2026/course/ENVS3045
ENVS3045,2027,Social Applications of GIS,6,6,WINTER,ENVS2015,ENVS3019|ENVS6319,UGRD,In Person,https://programsandcourses.anu.edu.au/2027/course/ENVS3045
ENVS3100,2024,Independent Research Project,6,6,S1|S2|SUMMER|WINTER|AUTUMN|SPRING,,,UGRD,In Person,https://programsandcourses.anu.edu.au/2024/course/ENVS3100
ENVS3100,2025,Independent Research Project,6,6,S1|S2|SUMMER|WINTER|AUTUMN|SPRING,,,UGRD,In Person,https://programsandcourses.anu.edu.au/2025/course/ENVS3100
ENVS3100,2026,Independent Research Project,6,12,S1|S2|SUMMER|WINTER|AUTUMN|SPRING,,,UGRD,In Person,https://programsandcourses.anu.edu.au/2026/course/ENVS3100
ENVS3100,2027,Independent Research Project,6,12,S1|S2|SUMMER|WINTER|AUTUMN|SPRING,,,UGRD,In Person,https://programsandcourses.anu.edu.au/2027/course/ENVS3100
ENVS3344,2024,Environmental Justice Practicum,6,6,SUMMER,,LAWS4344,UGRD,In Person,https://programsandcourses.anu.edu.au/2024/course/ENVS3344
ENVS3344,2025,Environmental Justice Practicum,6,6,SUMMER,,LAWS4344,UGRD,In Person,https://programsandcourses.anu.edu.au/2025/course/ENVS3344
ENVS3344,2026,Environmental Justice Practicum,6,6,SUMMER,,LAWS4344,UGRD,In Person,https://programsandcourses.anu.edu.au/2026/course/ENVS3344
ENVS3344,2027,Environmental Justice Practicum,6,6,SUMMER,,LAWS4344,UGRD,In Person,https://programsandcourses.anu.edu.au/2027/course/ENVS3344
ENVS3902,2024,Environmental Chemistry and Systems,6,6,S2,,,UGRD,In Person,https://programsandcourses.anu.edu.au/2024/course/ENVS3902
ENVS3902,2025,Environmental Chemistry and Systems,6,6,UNKNOWN,,ENGN3902,UGRD,In Person,https://programsandcourses.anu.edu.au/2025/course/ENVS3902
ENVS3902,2026,Environmental Chemistry and Systems,6,6,S2,,ENGN3902,UGRD,In Person,https://programsandcourses.anu.edu.au/2026/course/ENVS3902
ENVS3902,2027,Environmental Chemistry and Systems,6,6,UNKNOWN,,ENGN3902,UGRD,In Person,https://programsandcourses.anu.edu.au/2027/course/ENVS3902
ENVS3903,2024,"Environmental Sensing, Mapping and Modelling",6,6,S2,PHYS1001|PHYS1101|MATH1013|MATH1115|MATH1014|MATH1116,,UGRD,In Person,https://programsandcourses.anu.edu.au/2024/course/ENVS3903
ENVS3903,2025,"Environmental Sensing, Mapping and Modelling",6,6,S2,PHYS1001|PHYS1101|MATH1013|MATH1115|MATH1014|MATH1116,ENGN3903,UGRD,In Person,https://programsandcourses.anu.edu.au/2025/course/ENVS3903
ENVS3903,2026,"Environmental Sensing, Mapping and Modelling",6,6,S2,PHYS1001|PHYS1101|MATH1013|MATH1115|MATH1014|MATH1116,ENGN3903,UGRD,In Person,https://programsandcourses.anu.edu.au/2026/course/ENVS3903
ENVS3903,2027,"Environmental Sensing, Mapping and Modelling",6,6,S2,PHYS1001|PHYS1101|MATH1013|MATH1115|MATH1014|MATH1116,ENGN3903,UGRD,In Person,https://programsandcourses.anu.edu.au/2027/course/ENVS3903
ENVS4000,2016,Honours Thesis,6,24,S1|S2,,,UGRD,Blended,https://programsandcourses.anu.edu.au/2016/course/ENVS4000
ENVS4000,2017,Honours Thesis,6,24,S1|S2,,,UGRD,In Person,https://programsandcourses.anu.edu.au/2017/course/ENVS4000
ENVS4000,2018,Honours Thesis,6,24,S1|S2,,,UGRD,In Person,https://programsandcourses.anu.edu.au/2018/course/ENVS4000
ENVS4000,2019,Honours Thesis,6,24,S1|S2,,,UGRD,In Person,https://programsandcourses.anu.edu.au/2019/course/ENVS4000
ENVS4000,2020,Honours Thesis,6,24,S1|S2,,,UGRD,In Person,https://programsandcourses.anu.edu.au/2020/course/ENVS4000
ENVS4000,2021,Honours Thesis,6,24,S1|S2,,,UGRD,In Person,https://programsandcourses.anu.edu.au/2021/course/ENVS4000
ENVS4000,2022,Honours Thesis,6,24,S1|S2,,,UGRD,In Person,https://programsandcourses.anu.edu.au/2022/course/ENVS4000
ENVS4000,2023,Honours Thesis,6,24,S1|S2,,,UGRD,In Person,https://programsandcourses.anu.edu.au/2023/course/ENVS4000
ENVS4000,2024,Honours Thesis,6,24,S1|S2,,,UGRD,In Person,https://programsandcourses.anu.edu.au/2024/course/ENVS4000
ENVS4000,2025,Honours Thesis,6,24,S1|S2,,,UGRD,In Person,https://programsandcourses.anu.edu.au/2025/course/ENVS4000
ENVS4000,2026,Honours Thesis,6,24,S1|S2,,,UGRD,In Person,https://programsandcourses.anu.edu.au/2026/course/ENVS4000
ENVS4000,2027,Honours Thesis,6,24,S1|S2,,,UGRD,In Person,https://programsandcourses.anu.edu.au/2027/course/ENVS4000
ENVS4001,2016,Honours Research Skills,6,6,S1|S2,,,UGRD,Blended,https://programsandcourses.anu.edu.au/2016/course/ENVS4001
ENVS4001,2017,Honours Research Skills,6,12,S1|S2,,,UGRD,In Person,https://programsandcourses.anu.edu.au/2017/course/ENVS4001
ENVS4001,2018,Honours Research Skills,6,12,S1|S2,,,UGRD,In Person,https://programsandcourses.anu.edu.au/2018/course/ENVS4001
ENVS4001,2019,Honours Research Skills,6,12,S1|S2,,,UGRD,In Person,https://programsandcourses.anu.edu.au/2019/course/ENVS4001
ENVS4001,2020,Honours Research Skills,6,12,S1|S2,,,UGRD,In Person,https://programsandcourses.anu.edu.au/2020/course/ENVS4001
ENVS4001,2021,Honours Research Skills,6,12,S1|S2,,,UGRD,In Person,https://programsandcourses.anu.edu.au/2021/course/ENVS4001
ENVS4001,2022,Honours Research Skills,6,12,S1|S2,,,UGRD,In Person,https://programsandcourses.anu.edu.au/2022/course/ENVS4001
ENVS4001,2023,Honours Research Skills,6,12,S1|S2,,,UGRD,In Person,https://programsandcourses.anu.edu.au/2023/course/ENVS4001
ENVS4001,2024,Honours Research Skills,6,12,S1|S2,,,UGRD,In Person,https://programsandcourses.anu.edu.au/2024/course/ENVS4001
ENVS4001,2025,Honours Research Skills,6,12,S1|S2,,,UGRD,In Person,https://programsandcourses.anu.edu.au/2025/course/ENVS4001
ENVS4001,2026,Honours Research Skills,6,12,S1|S2,,,UGRD,In Person,https://programsandcourses.anu.edu.au/2026/course/ENVS4001
ENVS4001,2027,Honours Research Skills,6,12,S1|S2,,,UGRD,In Person,https://programsandcourses.anu.edu.au/2027/course/ENVS4001
EXCH5721,2026,Exchange Program College of Systems and Society (Band 1),6,24,UNKNOWN,,,UGRD,In Person,https://programsandcourses.anu.edu.au/2026/course/EXCH5721
EXCH5721,2027,Exchange Program College of Systems and Society (Band 1),6,24,S1|S2,,,UGRD,In Person,https://programsandcourses.anu.edu.au/2027/course/EXCH5721
EXCH5722,2026,Exchange Program College of Systems and Society (Band 2),6,24,UNKNOWN,,,UGRD,In Person,https://programsandcourses.anu.edu.au/2026/course/EXCH5722
EXCH5722,2027,Exchange Program College of Systems and Society (Band 2),6,24,S1|S2,,,UGRD,In Person,https://programsandcourses.anu.edu.au/2027/course/EXCH5722
INDG2001,2015,Indigenous Cultural and Natural Resource Management,6,6,S1,ENVS2025,,UGRD,In Person,https://programsandcourses.anu.edu.au/2015/course/INDG2001
INDG2001,2016,Indigenous Cultural and Natural Resource Management,6,6,S1,ENVS2025,,UGRD,In Person,https://programsandcourses.anu.edu.au/2016/course/INDG2001
INDG2001,2017,Indigenous Cultural and Natural Resource Management,6,6,S1,ENVS2025,,UGRD,In Person,https://programsandcourses.anu.edu.au/2017/course/INDG2001
INDG2001,2018,Indigenous Cultural and Natural Resource Management,6,6,S1,ENVS2025,,UGRD,In Person,https://programsandcourses.anu.edu.au/2018/course/INDG2001
INDG2001,2019,Indigenous Cultural and Natural Resource Management,6,6,S1,ENVS2025,,UGRD,In Person,https://programsandcourses.anu.edu.au/2019/course/INDG2001
INDG2001,2020,Indigenous Cultural and Natural Resource Management,6,6,UNKNOWN,ENVS2025,,UGRD,In Person,https://programsandcourses.anu.edu.au/2020/course/INDG2001
INDG2001,2021,Indigenous Cultural and Natural Resource Management,6,6,S1,ENVS2025,,UGRD,In Person,https://programsandcourses.anu.edu.au/2021/course/INDG2001
INDG2001,2022,Indigenous Cultural and Natural Resource Management,6,6,S1,ENVS2025,,UGRD,In Person,https://programsandcourses.anu.edu.au/2022/course/INDG2001
INDG2001,2023,Indigenous Cultural and Natural Resource Management,6,6,S1,ENVS2025,,UGRD,In Person,https://programsandcourses.anu.edu.au/2023/course/INDG2001
INDG2001,2024,Indigenous Cultural and Natural Resource Management,6,6,S1,ENVS2025,,UGRD,In Person,https://programsandcourses.anu.edu.au/2024/course/INDG2001
INDG2001,2025,Indigenous Cultural and Natural Resource Management,6,6,S1,ENVS2025,,UGRD,In Person,https://programsandcourses.anu.edu.au/2025/course/INDG2001
INDG2001,2026,Indigenous Cultural and Natural Resource Management,6,6,S1,ENVS2025,,UGRD,In Person,https://programsandcourses.anu.edu.au/2026/course/INDG2001
INDG2001,2027,Indigenous Cultural and Natural Resource Management,6,6,UNKNOWN,ENVS2025,,UGRD,In Person,https://programsandcourses.anu.edu.au/2027/course/INDG2001
MATH1003,2014,Algebra and Calculus Methods,6,6,S1,MATH1113|MATH1115,,UGRD,In Person,https://programsandcourses.anu.edu.au/2014/course/MATH1003
MATH1003,2015,Algebra and Calculus Methods,6,6,S1,MATH1113|MATH1115,,UGRD,In Person,https://programsandcourses.anu.edu.au/2015/course/MATH1003
MATH1003,2016,Algebra and Calculus Methods,6,6,S1,MATH1013|MATH1113|MATH1115,,UGRD,In Person,https://programsandcourses.anu.edu.au/2016/course/MATH1003
MATH1003,2017,Algebra and Calculus Methods,6,6,S1,MATH1013|MATH1113|MATH1115,,UGRD,In Person,https://programsandcourses.anu.edu.au/2017/course/MATH1003
MATH1003,2018,Algebra and Calculus Methods,6,6,S1,MATH1013|MATH1113|MATH1115,,UGRD,In Person,https://programsandcourses.anu.edu.au/2018/course/MATH1003
MATH1003,2019,Algebra and Calculus Methods,6,6,S1,MATH1013|MATH1113|MATH1115,,UGRD,In Person,https://programsandcourses.anu.edu.au/2019/course/MATH1003
MATH1003,2020,Algebra and Calculus Methods,6,6,S1,MATH1013|MATH1113|MATH1115,,UGRD,In Person,https://programsandcourses.anu.edu.au/2020/course/MATH1003
MATH1003,2021,Algebra and Calculus Methods,6,6,S1,MATH1013|MATH1113|MATH1115,,UGRD,In Person,https://programsandcourses.anu.edu.au/2021/course/MATH1003
MATH1003,2022,Algebra and Calculus Methods,6,6,S1,MATH1013|MATH1113|MATH1115,,UGRD,In Person,https://programsandcourses.anu.edu.au/2022/course/MATH1003
MATH1003,2023,Algebra and Calculus Methods,6,6,S1,MATH1013|MATH1113|MATH1115,,UGRD,In Person,https://programsandcourses.anu.edu.au/2023/course/MATH1003
MATH1003,2024,Algebra and Calculus Methods,6,6,S1,MATH1013|MATH1113|MATH1115,,UGRD,In Person,https://programsandcourses.anu.edu.au/2024/course/MATH1003
MATH1003,2025,Algebra and Calculus Methods,6,6,S1,MATH1013|MATH1113|MATH1115,,UGRD,In Person,https://programsandcourses.anu.edu.au/2025/course/MATH1003
MATH1003,2026,Algebra and Calculus Methods,6,6,S1,MATH1013|MATH1113|MATH1115,,UGRD,In Person,https://programsandcourses.anu.edu.au/2026/course/MATH1003
MATH1003,2027,Algebra and Calculus Methods,6,6,UNKNOWN,MATH1013|MATH1113|MATH1115,,UGRD,In Person,https://programsandcourses.anu.edu.au/2027/course/MATH1003
MATH1005,2014,Discrete Mathematical Models,6,6,S2,,,UGRD,In Person,https://programsandcourses.anu.edu.au/2014/course/MATH1005
MATH1005,2015,Discrete Mathematical Models,6,6,S2,,,UGRD,In Person,https://programsandcourses.anu.edu.au/2015/course/MATH1005
MATH1005,2016,Discrete Mathematical Models,6,6,S2,,,UGRD,In Person,https://programsandcourses.anu.edu.au/2016/course/MATH1005
MATH1005,2017,Discrete Mathematical Models,6,6,S1,,,UGRD,In Person,https://programsandcourses.anu.edu.au/2017/course/MATH1005
MATH1005,2018,Discrete Mathematical Models,6,6,S1,,,UGRD,In Person,https://programsandcourses.anu.edu.au/2018/course/MATH1005
MATH1005,2019,Discrete Mathematical Models,6,6,S1,,,UGRD,In Person,https://programsandcourses.anu.edu.au/2019/course/MATH1005
MATH1005,2020,Discrete Mathematical Models,6,6,S1,,,UGRD,In Person,https://programsandcourses.anu.edu.au/2020/course/MATH1005
MATH1005,2021,Discrete Mathematical Models,6,6,S1,,,UGRD,In Person,https://programsandcourses.anu.edu.au/2021/course/MATH1005
MATH1005,2022,Discrete Mathematical Models,6,6,S1,,,UGRD,In Person,https://programsandcourses.anu.edu.au/2022/course/MATH1005
MATH1005,2023,Discrete Mathematical Models,6,6,S1|S2,,,UGRD,In Person,https://programsandcourses.anu.edu.au/2023/course/MATH1005
MATH1005,2025,Discrete Mathematical Models,6,6,S1,,MATH6005,UGRD,In Person,https://programsandcourses.anu.edu.au/2025/course/MATH1005
MATH1005,2026,Discrete Mathematical Models,6,6,S1,,MATH6005,UGRD,In Person,https://programsandcourses.anu.edu.au/2026/course/MATH1005
MATH1005,2027,Discrete Mathematical Models,6,6,UNKNOWN,,MATH6005,UGRD,In Person,https://programsandcourses.anu.edu.au/2027/course/MATH1005
MATH1013,2014,Mathematics and Applications 1,6,6,S1|S2,MATH1113|MATH1115,,UGRD,In Person,https://programsandcourses.anu.edu.au/2014/course/MATH1013
MATH1013,2015,Mathematics and Applications 1,6,6,S1|S2,MATH1113|MATH1115,,UGRD,In Person,https://programsandcourses.anu.edu.au/2015/course/MATH1013
MATH1013,2016,Mathematics and Applications 1,6,6,S1|S2,MATH1113|MATH1115,,UGRD,In Person,https://programsandcourses.anu.edu.au/2016/course/MATH1013
MATH1013,2018,Mathematics and Applications 1,6,6,S1|S2,MATH1113|MATH1115,,UGRD,In Person,https://programsandcourses.anu.edu.au/2018/course/MATH1013
MATH1013,2019,Mathematics and Applications 1,6,6,S1|S2,MATH1113|MATH1115,,UGRD,In Person,https://programsandcourses.anu.edu.au/2019/course/MATH1013
MATH1013,2020,Mathematics and Applications 1,6,6,S1|S2,MATH1113|MATH1115,,UGRD,In Person,https://programsandcourses.anu.edu.au/2020/course/MATH1013
MATH1013,2021,Mathematics and Applications 1,6,6,S1|S2,MATH1113|MATH1115,,UGRD,In Person,https://programsandcourses.anu.edu.au/2021/course/MATH1013
MATH1013,2022,Mathematics and Applications 1,6,6,S1|S2,MATH1113|MATH1115,,UGRD,In Person,https://programsandcourses.anu.edu.au/2022/course/MATH1013
MATH1013,2023,Mathematics and Applications 1,6,6,S1|S2,MATH1113|MATH1115,,UGRD,In Person,https://programsandcourses.anu.edu.au/2023/course/MATH1013
MATH1013,2024,Mathematics and Applications 1,6,6,S1|S2,MATH1113|MATH1115,,UGRD,In Person,https://programsandcourses.anu.edu.au/2024/course/MATH1013
MATH1013,2025,Mathematics and Applications 1,6,6,S1|S2,MATH1113|MATH1115,,UGRD,In Person,https://programsandcourses.anu.edu.au/2025/course/MATH1013
MATH1013,2026,Mathematics and Applications 1,6,6,S1|S2,MATH1113|MATH1115,,UGRD,In Person,https://programsandcourses.anu.edu.au/2026/course/MATH1013
MATH1013,2027,Mathematics and Applications 1,6,6,UNKNOWN,MATH1113|MATH1115,,UGRD,In Person,https://programsandcourses.anu.edu.au/2027/course/MATH1013
MATH1014,2014,Mathematics and Applications 2,6,6,S1|S2,MATH1013|MATH1115|MATH1116,,UGRD,In Person,https://programsandcourses.anu.edu.au/2014/course/MATH1014
MATH1014,2015,Mathematics and Applications 2,6,6,S1|S2,MATH1013|MATH1115|MATH1116,,UGRD,In Person,https://programsandcourses.anu.edu.au/2015/course/MATH1014
MATH1014,2016,Mathematics and Applications 2,6,6,S1|S2,MATH1013|MATH1115|MATH1113|MATH1116,,UGRD,In Person,https://programsandcourses.anu.edu.au/2016/course/MATH1014
MATH1014,2017,Mathematics and Applications 2,6,6,S1|S2|SPRING,MATH1013|MATH1115|MATH1113|MATH1116,,UGRD,In Person,https://programsandcourses.anu.edu.au/2017/course/MATH1014
MATH1014,2018,Mathematics and Applications 2,6,6,S1|S2|SPRING,MATH1013|MATH1115|MATH1113|MATH1116,,UGRD,In Person,https://programsandcourses.anu.edu.au/2018/course/MATH1014
MATH1014,2019,Mathematics and Applications 2,6,6,S1|S2|SPRING,MATH1013|MATH1115|MATH1113|MATH1116,,UGRD,In Person,https://programsandcourses.anu.edu.au/2019/course/MATH1014
MATH1014,2020,Mathematics and Applications 2,6,6,S1|S2|SPRING,MATH1013|MATH1115|MATH1113|MATH1116,,UGRD,In Person,https://programsandcourses.anu.edu.au/2020/course/MATH1014
MATH1014,2021,Mathematics and Applications 2,6,6,S1|S2|SPRING,MATH1013|MATH1115|MATH1113|MATH1116,,UGRD,In Person,https://programsandcourses.anu.edu.au/2021/course/MATH1014
MATH1014,2022,Mathematics and Applications 2,6,6,S1|S2|SPRING,MATH1013|MATH1115|MATH1113|MATH1116,,UGRD,In Person,https://programsandcourses.anu.edu.au/2022/course/MATH1014
MATH1014,2023,Mathematics and Applications 2,6,6,S1|S2|SPRING,MATH1013|MATH1115|MATH1113|MATH1116,,UGRD,In Person,https://programsandcourses.anu.edu.au/2023/course/MATH1014
MATH1014,2024,Mathematics and Applications 2,6,6,S1|S2,MATH1013|MATH1115|MATH1113|MATH1116,,UGRD,In Person,https://programsandcourses.anu.edu.au/2024/course/MATH1014
MATH1014,2025,Mathematics and Applications 2,6,6,S1|S2,MATH1013|MATH1115|MATH1113|MATH1116,,UGRD,In Person,https://programsandcourses.anu.edu.au/2025/course/MATH1014
MATH1014,2026,Mathematics and Applications 2,6,6,S1|S2,MATH1013|MATH1115|MATH1113|MATH1116,,UGRD,In Person,https://programsandcourses.anu.edu.au/2026/course/MATH1014
MATH1014,2027,Mathematics and Applications 2,6,6,UNKNOWN,MATH1013|MATH1115|MATH1113|MATH1116,,UGRD,In Person,https://programsandcourses.anu.edu.au/2027/course/MATH1014
MATH1113,2014,Mathematical Foundations for Actuarial Studies,6,6,S2,MATH1013|MATH1115,,UGRD,In Person,https://programsandcourses.anu.edu.au/2014/course/MATH1113
MATH1113,2015,Mathematical Foundations for Actuarial Studies,6,6,S2,MATH1013|MATH1115,,UGRD,In Person,https://programsandcourses.anu.edu.au/2015/course/MATH1113
MATH1113,2016,Mathematical Foundations for Actuarial Studies,6,6,S2,MATH1013|MATH1115,,UGRD,In Person,https://programsandcourses.anu.edu.au/2016/course/MATH1113
MATH1113,2017,Mathematical Foundations for Actuarial Studies,6,6,S2,MATH1013|MATH1115,,UGRD,In Person,https://programsandcourses.anu.edu.au/2017/course/MATH1113
MATH1113,2018,Mathematical Foundations for Actuarial Studies,6,6,S2,MATH1013|MATH1115,,UGRD,In Person,https://programsandcourses.anu.edu.au/2018/course/MATH1113
MATH1113,2019,Mathematical Foundations for Actuarial Studies,6,6,S2,MATH1013|MATH1115,,UGRD,In Person,https://programsandcourses.anu.edu.au/2019/course/MATH1113
MATH1113,2020,Mathematical Foundations for Actuarial Studies,6,6,S2,MATH1013|MATH1115,,UGRD,In Person,https://programsandcourses.anu.edu.au/2020/course/MATH1113
MATH1113,2021,Mathematical Foundations for Actuarial Studies,6,6,S2,MATH1013|MATH1115,,UGRD,In Person,https://programsandcourses.anu.edu.au/2021/course/MATH1113
MATH1113,2022,Mathematical Foundations for Actuarial Studies,6,6,S2,MATH1013|MATH1115,,UGRD,In Person,https://programsandcourses.anu.edu.au/2022/course/MATH1113
MATH1113,2023,Mathematical Foundations for Actuarial Studies,6,6,S2,MATH1013|MATH1115,,UGRD,In Person,https://programsandcourses.anu.edu.au/2023/course/MATH1113
MATH1113,2024,Mathematical Foundations for Actuarial Studies,6,6,S2,MATH1013|MATH1115,,UGRD,In Person,https://programsandcourses.anu.edu.au/2024/course/MATH1113
MATH1113,2025,Mathematical Foundations for Actuarial Studies,6,6,S2,MATH1013|MATH1115,,UGRD,In Person,https://programsandcourses.anu.edu.au/2025/course/MATH1113
MATH1113,2026,Mathematical Foundations for Actuarial Studies,6,6,S2,MATH1013|MATH1115,,UGRD,In Person,https://programsandcourses.anu.edu.au/2026/course/MATH1113
MATH1113,2027,Mathematical Foundations for Actuarial Studies,6,6,S2,MATH1013|MATH1115,,UGRD,In Person,https://programsandcourses.anu.edu.au/2027/course/MATH1113
MATH1115,2014,Mathematics and Applications 1 Honours,6,6,S1,MATH1013|MATH1113,,UGRD,In Person,https://programsandcourses.anu.edu.au/2014/course/MATH1115
MATH1115,2015,Advanced Mathematics and Applications 1,6,6,S1,MATH1013|MATH1113,,UGRD,In Person,https://programsandcourses.anu.edu.au/2015/course/MATH1115
MATH1115,2016,Advanced Mathematics and Applications 1,6,6,S1,MATH1013|MATH1113,,UGRD,In Person,https://programsandcourses.anu.edu.au/2016/course/MATH1115
MATH1115,2017,Advanced Mathematics and Applications 1,6,6,S1,MATH1013|MATH1113,,UGRD,In Person,https://programsandcourses.anu.edu.au/2017/course/MATH1115
MATH1115,2018,Advanced Mathematics and Applications 1,6,6,S1|S2,MATH1013|MATH1113,,UGRD,In Person,https://programsandcourses.anu.edu.au/2018/course/MATH1115
MATH1115,2019,Advanced Mathematics and Applications 1,6,6,S1,MATH1013|MATH1113,,UGRD,In Person,https://programsandcourses.anu.edu.au/2019/course/MATH1115
MATH1115,2020,Advanced Mathematics and Applications 1,6,6,S1,MATH1013|MATH1113|MATH1115,,UGRD,In Person,https://programsandcourses.anu.edu.au/2020/course/MATH1115
MATH1115,2021,Advanced Mathematics and Applications 1,6,6,S1,MATH1013|MATH1113|MATH1115,,UGRD,In Person,https://programsandcourses.anu.edu.au/2021/course/MATH1115
MATH1115,2022,Advanced Mathematics and Applications 1,6,6,S1,MATH1013|MATH1113|MATH1115,,UGRD,In Person,https://programsandcourses.anu.edu.au/2022/course/MATH1115
MATH1115,2023,Advanced Mathematics and Applications 1,6,6,S1,MATH1013|MATH1113|MATH1115,,UGRD,In Person,https://programsandcourses.anu.edu.au/2023/course/MATH1115
MATH1115,2024,Advanced Mathematics and Applications 1,6,6,S1,MATH1013|MATH1113|MATH1115,,UGRD,In Person,https://programsandcourses.anu.edu.au/2024/course/MATH1115
MATH1115,2025,Advanced Mathematics and Applications 1,6,6,S1,MATH1013|MATH1113|MATH1115,,UGRD,In Person,https://programsandcourses.anu.edu.au/2025/course/MATH1115
MATH1115,2026,Advanced Mathematics and Applications 1,6,6,S1,MATH1013|MATH1113|MATH1115,,UGRD,In Person,https://programsandcourses.anu.edu.au/2026/course/MATH1115
MATH1115,2027,Advanced Mathematics and Applications 1,6,6,UNKNOWN,MATH1013|MATH1113|MATH1115,,UGRD,In Person,https://programsandcourses.anu.edu.au/2027/course/MATH1115
MATH1116,2014,Mathematics and Applications 2 Honours,6,6,S2,MATH1115|MATH1021|MATH1002|MATH1004|MATH1014|MATH1012|MATH1022,,UGRD,In Person,https://programsandcourses.anu.edu.au/2014/course/MATH1116
MATH1116,2015,Advanced Mathematics and Applications 2,6,6,S2,MATH1115|MATH1014,,UGRD,In Person,https://programsandcourses.anu.edu.au/2015/course/MATH1116
MATH1116,2016,Advanced Mathematics and Applications 2,6,6,S2,MATH1115|MATH1113|MATH1014,,UGRD,In Person,https://programsandcourses.anu.edu.au/2016/course/MATH1116
MATH1116,2017,Advanced Mathematics and Applications 2,6,6,S2,MATH1115|MATH1113|MATH1014,,UGRD,In Person,https://programsandcourses.anu.edu.au/2017/course/MATH1116
MATH1116,2018,Advanced Mathematics and Applications 2,6,6,S2,MATH1115|MATH1113|MATH1014,,UGRD,In Person,https://programsandcourses.anu.edu.au/2018/course/MATH1116
MATH1116,2019,Advanced Mathematics and Applications 2,6,6,S2,MATH1115|MATH1113|MATH1014,,UGRD,In Person,https://programsandcourses.anu.edu.au/2019/course/MATH1116
MATH1116,2020,Advanced Mathematics and Applications 2,6,6,S2,MATH1115|MATH1113,MATH1116|MATH1014,UGRD,In Person,https://programsandcourses.anu.edu.au/2020/course/MATH1116
MATH1116,2021,Advanced Mathematics and Applications 2,6,6,S2,MATH1115|MATH1113,MATH1116|MATH1014,UGRD,In Person,https://programsandcourses.anu.edu.au/2021/course/MATH1116
MATH1116,2022,Advanced Mathematics and Applications 2,6,6,S2,MATH1115|MATH1113,MATH1116|MATH1014,UGRD,In Person,https://programsandcourses.anu.edu.au/2022/course/MATH1116
MATH1116,2023,Advanced Mathematics and Applications 2,6,6,S2,MATH1115|MATH1113,MATH1116|MATH1014,UGRD,In Person,https://programsandcourses.anu.edu.au/2023/course/MATH1116
MATH1116,2024,Advanced Mathematics and Applications 2,6,6,S2,MATH1115|MATH1113,MATH1116|MATH1014,UGRD,In Person,https://programsandcourses.anu.edu.au/2024/course/MATH1116
MATH1116,2025,Advanced Mathematics and Applications 2,6,6,S2,MATH1115|MATH1113,MATH1116|MATH1014,UGRD,In Person,https://programsandcourses.anu.edu.au/2025/course/MATH1116
MATH1116,2026,Advanced Mathematics and Applications 2,6,6,S2,MATH1115|MATH1113,MATH1116|MATH1014,UGRD,In Person,https://programsandcourses.anu.edu.au/2026/course/MATH1116
MATH1116,2027,Advanced Mathematics and Applications 2,6,6,UNKNOWN,MATH1115|MATH1113,MATH1116|MATH1014,UGRD,In Person,https://programsandcourses.anu.edu.au/2027/course/MATH1116
MATH2222,2016,Introduction to Mathematical Thinking: Problem-Solving and Proofs,6,6,S1,MATH1116|MATH1113|MATH1013|MATH1014|MATH2322|MATH3104|MATH2320|MATH3116,,UGRD,In Person,https://programsandcourses.anu.edu.au/2016/course/MATH2222
MATH2222,2017,Introduction to Mathematical Thinking: Problem-Solving and Proofs,6,6,S1,MATH1116|MATH1113|MATH1013|MATH1014|MATH2322|MATH3104|MATH2320|MATH3116|MATH6222,,UGRD,In Person,https://programsandcourses.anu.edu.au/2017/course/MATH2222
MATH2222,2018,Introduction to Mathematical Thinking: Problem-Solving and Proofs,6,6,S1,MATH1116|MATH1113|MATH1013|MATH1014|MATH2322|MATH3104|MATH2320|MATH3116|MATH6222,,UGRD,In Person,https://programsandcourses.anu.edu.au/2018/course/MATH2222
MATH2222,2019,Introduction to Mathematical Thinking: Problem-Solving and Proofs,6,6,S1,MATH1115|MATH1116|MATH1113|MATH1013|MATH1014|MATH2322|MATH3104|MATH2320|MATH3116|MATH6222,,UGRD,In Person,https://programsandcourses.anu.edu.au/2019/course/MATH2222
MATH2222,2020,Introduction to Mathematical Thinking: Problem-Solving and Proofs,6,6,S1,MATH1115|MATH1116|MATH1113|MATH1013|MATH1014|MATH2322|MATH3104|MATH2320|MATH3116|MATH6222,,UGRD,In Person,https://programsandcourses.anu.edu.au/2020/course/MATH2222
MATH2222,2021,Introduction to Mathematical Thinking: Problem-Solving and Proofs,6,6,S1,MATH1115|MATH1116|MATH1113|MATH1013|MATH1014|MATH2322|MATH3104|MATH2320|MATH3116|MATH6222,,UGRD,In Person,https://programsandcourses.anu.edu.au/2021/course/MATH2222
MATH2222,2022,Introduction to Mathematical Thinking: Problem-Solving and Proofs,6,6,S1,MATH1115|MATH1116|MATH1113|MATH1013|MATH1014|MATH2322|MATH3104|MATH2320|MATH3116|MATH6222,,UGRD,In Person,https://programsandcourses.anu.edu.au/2022/course/MATH2222
MATH2222,2023,Introduction to Mathematical Thinking: Problem-Solving and Proofs,6,6,S1,MATH1115|MATH1116|MATH1113|MATH1013|MATH1014|MATH2322|MATH3104|MATH2320|MATH3116|MATH6222,,UGRD,In Person,https://programsandcourses.anu.edu.au/2023/course/MATH2222
MATH2222,2025,Introduction to Mathematical Thinking: Problem-Solving and Proofs,6,6,S1,MATH1115|MATH1005|MATH1116|MATH1113|MATH1013|MATH1014,MATH2322|MATH3104|MATH2320|MATH3116|MATH6222,UGRD,In Person,https://programsandcourses.anu.edu.au/2025/course/MATH2222
MATH2222,2026,Introduction to Mathematical Thinking: Problem-Solving and Proofs,6,6,S1,MATH1115|MATH1005|MATH1116|MATH1113|MATH1013|MATH1014,MATH2322|MATH3104|MATH2320|MATH3116|MATH6222,UGRD,In Person,https://programsandcourses.anu.edu.au/2026/course/MATH2222
MATH2222,2027,Introduction to Mathematical Thinking: Problem-Solving and Proofs,6,6,S1,MATH1115|MATH1005|MATH1116|MATH1113|MATH1013|MATH1014,MATH2322|MATH3104|MATH2320|MATH3116|MATH6222,UGRD,In Person,https://programsandcourses.anu.edu.au/2027/course/MATH2222
MATH2301,2014,"Games, Graphs and Machines",6,6,S1,MATH1005|MATH1013|MATH1115|MATH2001|MATH2006|MATH2063,,UGRD,In Person,https://programsandcourses.anu.edu.au/2014/course/MATH2301
MATH2301,2015,"Games, Graphs and Machines",6,6,S1,MATH1005|MATH1013|MATH1115,,UGRD,In Person,https://programsandcourses.anu.edu.au/2015/course/MATH2301
MATH2301,2016,"Games, Graphs and Machines",6,6,S1,MATH1005|MATH1013|MATH1115,,UGRD,In Person,https://programsandcourses.anu.edu.au/2016/course/MATH2301
MATH2301,2017,"Games, Graphs and Machines",6,6,S2,MATH1005|MATH1013|MATH1115,,UGRD,In Person,https://programsandcourses.anu.edu.au/2017/course/MATH2301
MATH2301,2018,"Games, Graphs and Machines",6,6,S2,MATH1005|MATH1013|MATH1115,,UGRD,In Person,https://programsandcourses.anu.edu.au/2018/course/MATH2301
MATH2301,2019,"Games, Graphs and Machines",6,6,S2,MATH1005|MATH1013|MATH1115,,UGRD,In Person,https://programsandcourses.anu.edu.au/2019/course/MATH2301
MATH2301,2020,"Games, Graphs and Machines",6,6,S2,MATH1005|MATH1013|MATH1115,,UGRD,In Person,https://programsandcourses.anu.edu.au/2020/course/MATH2301
MATH2301,2021,"Games, Graphs and Machines",6,6,S2,MATH1005|MATH1013|MATH1115,,UGRD,In Person,https://programsandcourses.anu.edu.au/2021/course/MATH2301
MATH2301,2022,"Games, Graphs and Machines",6,6,S2,MATH1005|MATH1013|MATH1113|MATH1115,,UGRD,In Person,https://programsandcourses.anu.edu.au/2022/course/MATH2301
MATH2301,2023,"Games, Graphs and Machines",6,6,S2,MATH1005|MATH1013|MATH1113|MATH1115,,UGRD,In Person,https://programsandcourses.anu.edu.au/2023/course/MATH2301
MATH2301,2024,"Games, Graphs and Machines",6,6,S2,MATH1005|MATH1013|MATH1113|MATH1115,,UGRD,In Person,https://programsandcourses.anu.edu.au/2024/course/MATH2301
MATH2301,2025,"Games, Graphs and Machines",6,6,S2,MATH1005|MATH1013|MATH1113|MATH1115,,UGRD,In Person,https://programsandcourses.anu.edu.au/2025/course/MATH2301
MATH2301,2026,"Games, Graphs and Machines",6,6,S2,MATH1005|MATH1013|MATH1113|MATH1115,,UGRD,In Person,https://programsandcourses.anu.edu.au/2026/course/MATH2301
MATH2301,2027,"Games, Graphs and Machines",6,6,S2,MATH1005|MATH1013|MATH1113|MATH1115,,UGRD,In Person,https://programsandcourses.anu.edu.au/2027/course/MATH2301
MATH2305,2014,Differential Equations and Applications,6,6,S1,MATH1014|MATH1116|MATH2013|MATH2023|MATH2027|ENGN2212|MATH2405,,UGRD,In Person,https://programsandcourses.anu.edu.au/2014/course/MATH2305
MATH2305,2015,Differential Equations and Applications,6,6,S1,MATH1014|MATH1116|MATH2405,,UGRD,In Person,https://programsandcourses.anu.edu.au/2015/course/MATH2305
MATH2305,2016,Applied Mathematics I,6,6,S1,MATH1113|MATH1014|MATH1116,,UGRD,In Person,https://programsandcourses.anu.edu.au/2016/course/MATH2305
MATH2305,2017,Applied Mathematics I,6,6,S1,MATH1113|MATH1014|MATH1116,,UGRD,In Person,https://programsandcourses.anu.edu.au/2017/course/MATH2305
MATH2305,2018,Applied Mathematics I,6,6,S1,MATH1113|MATH1014|MATH1116,,UGRD,In Person,https://programsandcourses.anu.edu.au/2018/course/MATH2305
MATH2305,2019,Applied Mathematics I,6,6,S1,MATH1113|MATH1014|MATH1116,,UGRD,In Person,https://programsandcourses.anu.edu.au/2019/course/MATH2305
MATH2305,2020,Applied Mathematics I,6,6,S1,MATH1113|MATH1014|MATH1116,,UGRD,In Person,https://programsandcourses.anu.edu.au/2020/course/MATH2305
MATH2305,2021,Applied Mathematics I,6,6,S1,MATH1113|MATH1014|MATH1116,,UGRD,In Person,https://programsandcourses.anu.edu.au/2021/course/MATH2305
MATH2305,2022,Applied Mathematics I,6,6,S1,MATH1113|MATH1014|MATH1116,,UGRD,In Person,https://programsandcourses.anu.edu.au/2022/course/MATH2305
MATH2305,2023,Applied Mathematics I,6,6,S1,MATH1113|MATH1014|MATH1116,,UGRD,In Person,https://programsandcourses.anu.edu.au/2023/course/MATH2305
MATH2305,2024,Applied Mathematics I,6,6,S1,MATH1113|MATH1014|MATH1116|MATH1013,,UGRD,In Person,https://programsandcourses.anu.edu.au/2024/course/MATH2305
MATH2305,2025,Applied Mathematics I,6,6,S1,MATH1113|MATH1014|MATH1116|MATH1013,MATH6405,UGRD,In Person,https://programsandcourses.anu.edu.au/2025/course/MATH2305
MATH2305,2026,Applied Mathematics I,6,6,S1,MATH1113|MATH1014|MATH1116|MATH1013,MATH6405,UGRD,In Person,https://programsandcourses.anu.edu.au/2026/course/MATH2305
MATH2305,2027,Applied Mathematics I,6,6,UNKNOWN,MATH1113|MATH1014|MATH1116|MATH1013,MATH6405,UGRD,In Person,https://programsandcourses.anu.edu.au/2027/course/MATH2305
MATH2306,2014,Partial Differential Equations and Applications,6,6,S2,MATH2305|MATH2405|MATH2014|MATH2114|MATH2406|MATH3109|MATH3209,,UGRD,In Person,https://programsandcourses.anu.edu.au/2014/course/MATH2306
MATH2306,2015,Partial Differential Equations and Applications,6,6,S2,MATH2305|MATH2405|MATH2406,,UGRD,In Person,https://programsandcourses.anu.edu.au/2015/course/MATH2306
MATH2306,2016,Applied Mathematics II,6,6,S2,MATH2305|MATH2405|MATH2406,,UGRD,In Person,https://programsandcourses.anu.edu.au/2016/course/MATH2306
MATH2306,2017,Applied Mathematics II,6,6,S2,MATH2305,,UGRD,In Person,https://programsandcourses.anu.edu.au/2017/course/MATH2306
MATH2306,2018,Applied Mathematics II,6,6,S2,MATH2305|MATH2405|MATH2406,,UGRD,In Person,https://programsandcourses.anu.edu.au/2018/course/MATH2306
MATH2306,2019,Applied Mathematics II,6,6,S2,MATH2305|MATH2405|MATH2406,,UGRD,In Person,https://programsandcourses.anu.edu.au/2019/course/MATH2306
MATH2306,2020,Applied Mathematics II,6,6,S2,MATH2305|MATH2405|MATH2406,,UGRD,In Person,https://programsandcourses.anu.edu.au/2020/course/MATH2306
MATH2306,2021,Applied Mathematics II,6,6,S2,MATH2305|MATH2405|MATH2406,,UGRD,In Person,https://programsandcourses.anu.edu.au/2021/course/MATH2306
MATH2306,2023,Applied Mathematics II,6,6,S2,MATH2305|MATH2405|MATH2406,,UGRD,In Person,https://programsandcourses.anu.edu.au/2023/course/MATH2306
MATH2306,2024,Applied Mathematics II,6,6,S2,MATH2305|MATH2405|MATH2406,,UGRD,In Person,https://programsandcourses.anu.edu.au/2024/course/MATH2306
MATH2306,2025,Applied Mathematics II,6,6,S2,MATH2305,MATH6406,UGRD,In Person,https://programsandcourses.anu.edu.au/2025/course/MATH2306
MATH2306,2026,Applied Mathematics II,6,6,S2,MATH2305,MATH6406,UGRD,In Person,https://programsandcourses.anu.edu.au/2026/course/MATH2306
MATH2306,2027,Applied Mathematics II,6,6,UNKNOWN,MATH2305,MATH6406,UGRD,In Person,https://programsandcourses.anu.edu.au/2027/course/MATH2306
MATH2307,2014,Bioinformatics and Biological Modelling,6,6,S2,MATH1014|MATH1116,,UGRD,In Person,https://programsandcourses.anu.edu.au/2014/course/MATH2307
MATH2307,2015,Bioinformatics and Biological Modelling,6,6,S2,MATH1014|MATH1116|MATH6100,,UGRD,In Person,https://programsandcourses.anu.edu.au/2015/course/MATH2307
MATH2307,2016,Bioinformatics and Biological Modelling,6,6,S2,MATH1014|MATH1116|MATH6100,,UGRD,In Person,https://programsandcourses.anu.edu.au/2016/course/MATH2307
MATH2307,2017,Bioinformatics and Biological Modelling,6,6,S2,MATH1014|MATH1116|MATH6100,,UGRD,In Person,https://programsandcourses.anu.edu.au/2017/course/MATH2307
MATH2307,2018,Bioinformatics and Biological Modelling,6,6,S2,MATH1014|MATH1116|MATH6100,,UGRD,In Person,https://programsandcourses.anu.edu.au/2018/course/MATH2307
MATH2307,2019,Bioinformatics and Biological Modelling,6,6,S2,MATH1014|MATH1116|MATH6100,,UGRD,In Person,https://programsandcourses.anu.edu.au/2019/course/MATH2307
MATH2307,2020,Bioinformatics and Biological Modelling,6,6,S2,MATH1014|MATH1116|MATH6100,,UGRD,In Person,https://programsandcourses.anu.edu.au/2020/course/MATH2307
MATH2307,2021,Bioinformatics and Biological Modelling,6,6,S2,MATH1014|MATH1116|MATH6100,,UGRD,In Person,https://programsandcourses.anu.edu.au/2021/course/MATH2307
MATH2307,2022,Bioinformatics and Biological Modelling,6,6,S2,MATH1014|MATH1116|MATH6100,,UGRD,In Person,https://programsandcourses.anu.edu.au/2022/course/MATH2307
MATH2307,2023,Bioinformatics and Biological Modelling,6,6,S2,MATH1014|MATH1116|MATH6100,,UGRD,In Person,https://programsandcourses.anu.edu.au/2023/course/MATH2307
MATH2307,2024,Bioinformatics and Biological Modelling,6,6,S2,MATH1014|MATH1116|MATH6100,,UGRD,In Person,https://programsandcourses.anu.edu.au/2024/course/MATH2307
MATH2307,2025,Bioinformatics and Biological Modelling,6,6,S2,MATH1014|MATH1116|MATH6100,,UGRD,In Person,https://programsandcourses.anu.edu.au/2025/course/MATH2307
MATH2307,2026,Bioinformatics and Biological Modelling,6,6,S2,MATH1014|MATH1116|MATH6100,,UGRD,In Person,https://programsandcourses.anu.edu.au/2026/course/MATH2307
MATH2307,2027,Bioinformatics and Biological Modelling,6,6,S2,MATH1014|MATH1116|MATH6100,,UGRD,In Person,https://programsandcourses.anu.edu.au/2027/course/MATH2307
MATH2320,2014,Analysis 1 Honours: Metric Spaces and Applications,6,6,S1,MATH1021|MATH1116|MATH2021|MATH3116,,UGRD,In Person,https://programsandcourses.anu.edu.au/2014/course/MATH2320
MATH2320,2015,Advanced Analysis 1: Metric Spaces and Applications,6,6,S1,MATH1116|MATH3116,,UGRD,In Person,https://programsandcourses.anu.edu.au/2015/course/MATH2320
MATH2320,2016,Advanced Analysis 1: Metric Spaces and Applications,6,6,S1,MATH1116|MATH3116,,UGRD,In Person,https://programsandcourses.anu.edu.au/2016/course/MATH2320
MATH2320,2017,Advanced Analysis 1: Metric Spaces and Applications,6,6,S1,MATH1116|MATH3116,,UGRD,In Person,https://programsandcourses.anu.edu.au/2017/course/MATH2320
MATH2320,2018,Advanced Analysis 1: Metric Spaces and Applications,6,6,S1,MATH1116|MATH3116,,UGRD,In Person,https://programsandcourses.anu.edu.au/2018/course/MATH2320
MATH2320,2019,Advanced Analysis 1: Metric Spaces and Applications,6,6,S1,MATH1116|MATH3116,,UGRD,In Person,https://programsandcourses.anu.edu.au/2019/course/MATH2320
MATH2320,2020,Advanced Analysis 1: Metric Spaces and Applications,6,6,S1,MATH1116|MATH3116,,UGRD,In Person,https://programsandcourses.anu.edu.au/2020/course/MATH2320
MATH2320,2021,Advanced Analysis 1: Metric Spaces and Applications,6,6,S1,MATH1116|MATH3116,,UGRD,In Person,https://programsandcourses.anu.edu.au/2021/course/MATH2320
MATH2320,2022,Advanced Analysis 1: Metric Spaces and Applications,6,6,S1,MATH1116|MATH3116,,UGRD,In Person,https://programsandcourses.anu.edu.au/2022/course/MATH2320
MATH2320,2023,Advanced Analysis 1: Metric Spaces and Applications,6,6,S1,MATH1116|MATH3116,,UGRD,In Person,https://programsandcourses.anu.edu.au/2023/course/MATH2320
MATH2320,2024,Advanced Analysis 1: Metric Spaces and Applications,6,6,S1,MATH1116|MATH3116,,UGRD,In Person,https://programsandcourses.anu.edu.au/2024/course/MATH2320
MATH2320,2025,Advanced Analysis 1: Metric Spaces and Applications,6,6,S1,MATH1116|MATH3116,,UGRD,In Person,https://programsandcourses.anu.edu.au/2025/course/MATH2320
MATH2320,2026,Advanced Analysis 1: Metric Spaces and Applications,6,6,S1,MATH1116|MATH3116,,UGRD,In Person,https://programsandcourses.anu.edu.au/2026/course/MATH2320
MATH2320,2027,Advanced Analysis 1: Metric Spaces and Applications,6,6,UNKNOWN,MATH1116|MATH3116,,UGRD,In Person,https://programsandcourses.anu.edu.au/2027/course/MATH2320
MATH2322,2014,"Algebra 1 Honours: Groups, Rings and Advanced Linear Algebra",6,6,S2,MATH1021|MATH1116|MATH2021|MATH2028|MATH3104,,UGRD,In Person,https://programsandcourses.anu.edu.au/2014/course/MATH2322
MATH2322,2015,"Advanced Algebra 1: Groups, Rings and Linear Algebra",6,6,S2,MATH1116|MATH1115|MATH3104,,UGRD,In Person,https://programsandcourses.anu.edu.au/2015/course/MATH2322
MATH2322,2016,"Advanced Algebra 1: Groups, Rings and Linear Algebra",6,6,S2,MATH1116|MATH1115|MATH3104,,UGRD,In Person,https://programsandcourses.anu.edu.au/2016/course/MATH2322
MATH2322,2017,"Advanced Algebra 1: Groups, Rings and Linear Algebra",6,6,S2,MATH1116|MATH1115|MATH3104,,UGRD,In Person,https://programsandcourses.anu.edu.au/2017/course/MATH2322
MATH2322,2018,"Advanced Algebra 1: Groups, Rings and Linear Algebra",6,6,S2,MATH1116|MATH1115|MATH3104,,UGRD,In Person,https://programsandcourses.anu.edu.au/2018/course/MATH2322
MATH2322,2019,"Advanced Algebra 1: Groups, Rings and Linear Algebra",6,6,S2,MATH1116|MATH1115|MATH3104,,UGRD,In Person,https://programsandcourses.anu.edu.au/2019/course/MATH2322
MATH2322,2020,"Advanced Algebra 1: Groups, Rings and Linear Algebra",6,6,S2,MATH1116|MATH1115|MATH3104,,UGRD,In Person,https://programsandcourses.anu.edu.au/2020/course/MATH2322
MATH2322,2021,"Advanced Algebra 1: Groups, Rings and Linear Algebra",6,6,S2,MATH1116|MATH1115|MATH2222,MATH3104,UGRD,In Person,https://programsandcourses.anu.edu.au/2021/course/MATH2322
MATH2322,2022,"Advanced Algebra 1: Groups, Rings and Linear Algebra",6,6,S2,MATH1116|MATH1115|MATH2222,MATH3104,UGRD,In Person,https://programsandcourses.anu.edu.au/2022/course/MATH2322
MATH2322,2023,"Advanced Algebra 1: Groups, Rings and Linear Algebra",6,6,S2,MATH1116|MATH1115|MATH2222,MATH3104,UGRD,In Person,https://programsandcourses.anu.edu.au/2023/course/MATH2322
MATH2322,2024,"Advanced Algebra 1: Groups, Rings and Linear Algebra",6,6,S2,MATH1116|MATH1115|MATH2222,MATH3104,UGRD,In Person,https://programsandcourses.anu.edu.au/2024/course/MATH2322
MATH2322,2025,"Advanced Algebra 1: Groups, Rings and Linear Algebra",6,6,S2,MATH1116|MATH1115|MATH2222,MATH3104|MATH6118,UGRD,In Person,https://programsandcourses.anu.edu.au/2025/course/MATH2322
MATH2322,2026,"Advanced Algebra 1: Groups, Rings and Linear Algebra",6,6,S2,MATH1116|MATH1115|MATH2222,MATH3104|MATH6118,UGRD,In Person,https://programsandcourses.anu.edu.au/2026/course/MATH2322
MATH2322,2027,"Advanced Algebra 1: Groups, Rings and Linear Algebra",6,6,UNKNOWN,MATH1116|MATH1115|MATH2222,MATH3104|MATH6118,UGRD,In Person,https://programsandcourses.anu.edu.au/2027/course/MATH2322
MATH3015,2014,Mathematics of Finance,6,6,S2,MATH3029|MATH3320,,UGRD,In Person,https://programsandcourses.anu.edu.au/2014/course/MATH3015
MATH3015,2015,Mathematics of Finance,6,6,S2,MATH3029|MATH3320|FINM3007|MATH6115,,UGRD,In Person,https://programsandcourses.anu.edu.au/2015/course/MATH3015
MATH3015,2016,Mathematics of Finance,6,6,S2,MATH3029|MATH3320|FINM3007|MATH6115,,UGRD,In Person,https://programsandcourses.anu.edu.au/2016/course/MATH3015
MATH3015,2017,Mathematics of Finance,6,6,S2,MATH3029|MATH3320|FINM3007|MATH6115,,UGRD,In Person,https://programsandcourses.anu.edu.au/2017/course/MATH3015
MATH3015,2018,Mathematics of Finance,6,6,S2,MATH3029|MATH3320|FINM3007|MATH6115,,UGRD,In Person,https://programsandcourses.anu.edu.au/2018/course/MATH3015
MATH3015,2019,Mathematics of Finance,6,6,S2,MATH3029|MATH3320|FINM3007|MATH6115,,UGRD,In Person,https://programsandcourses.anu.edu.au/2019/course/MATH3015
MATH3015,2020,Stochastic Analysis with Financial Applications,6,6,S2,MATH3029|MATH3320|MATH6115,,UGRD,In Person,https://programsandcourses.anu.edu.au/2020/course/MATH3015
MATH3015,2021,Stochastic Analysis with Financial Applications,6,6,S2,MATH3029|MATH3320|MATH6115,,UGRD,In Person,https://programsandcourses.anu.edu.au/2021/course/MATH3015
MATH3015,2022,Stochastic Analysis with Financial Applications,6,6,S2,MATH3029|MATH3320|MATH6115,,UGRD,In Person,https://programsandcourses.anu.edu.au/2022/course/MATH3015
MATH3015,2023,Stochastic Analysis with Financial Applications,6,6,S2,MATH3029|MATH3320|MATH6115,,UGRD,In Person,https://programsandcourses.anu.edu.au/2023/course/MATH3015
MATH3015,2024,Stochastic Analysis with Financial Applications,6,6,S2,MATH3029|MATH3320|MATH6115,,UGRD,In Person,https://programsandcourses.anu.edu.au/2024/course/MATH3015
MATH3015,2025,Stochastic Analysis with Financial Applications,6,6,S2,MATH3029|MATH3320|MATH6115,,UGRD,In Person,https://programsandcourses.anu.edu.au/2025/course/MATH3015
MATH3015,2026,Stochastic Analysis with Financial Applications,6,6,S2,MATH3029|MATH3320|MATH6115,,UGRD,In Person,https://programsandcourses.anu.edu.au/2026/course/MATH3015
MATH3015,2027,Stochastic Analysis with Financial Applications,6,6,UNKNOWN,MATH3029|MATH3320|MATH6115,,UGRD,In Person,https://programsandcourses.anu.edu.au/2027/course/MATH3015
MATH3029,2014,Probability Modelling with Applications,6,6,S1,STAT2001|MATH2320|MATH3116,,UGRD,In Person,https://programsandcourses.anu.edu.au/2014/course/MATH3029
MATH3029,2015,Probability Modelling with Applications,6,6,S1,STAT2001|MATH2320|MATH3116,,UGRD,In Person,https://programsandcourses.anu.edu.au/2015/course/MATH3029
MATH3029,2016,Probability Modelling with Applications,6,6,S1,STAT2001|MATH2320|MATH3116,,UGRD,In Person,https://programsandcourses.anu.edu.au/2016/course/MATH3029
MATH3029,2017,Probability Modelling with Applications,6,6,S1,STAT2001|MATH2320|MATH3116|STAT2005,MATH6109,UGRD,In Person,https://programsandcourses.anu.edu.au/2017/course/MATH3029
MATH3029,2018,Probability Modelling with Applications,6,6,S1,STAT2001|MATH2320|MATH3116|STAT2005,MATH6109,UGRD,In Person,https://programsandcourses.anu.edu.au/2018/course/MATH3029
MATH3029,2019,Probability Modelling with Applications,6,6,S1,STAT2001|MATH2320|MATH3116|STAT2005,MATH6109,UGRD,In Person,https://programsandcourses.anu.edu.au/2019/course/MATH3029
MATH3029,2020,Probability Theory with Applications,6,6,S1,STAT2001|MATH2320|MATH3116|STAT2005,MATH6109,UGRD,In Person,https://programsandcourses.anu.edu.au/2020/course/MATH3029
MATH3029,2021,Probability Theory with Applications,6,6,S1,STAT2001|MATH2320|MATH3116|STAT2005,MATH6109,UGRD,In Person,https://programsandcourses.anu.edu.au/2021/course/MATH3029
MATH3029,2022,Probability Theory with Applications,6,6,S1,STAT2001|MATH2320|MATH3116|STAT2005,MATH6109,UGRD,In Person,https://programsandcourses.anu.edu.au/2022/course/MATH3029
MATH3029,2023,Probability Theory with Applications,6,6,S1,STAT2001|MATH2320|MATH3116|STAT2005,MATH6109,UGRD,In Person,https://programsandcourses.anu.edu.au/2023/course/MATH3029
MATH3029,2024,Probability Theory with Applications,6,6,S1,STAT2001|MATH2320|MATH3116|STAT2005,MATH6109,UGRD,In Person,https://programsandcourses.anu.edu.au/2024/course/MATH3029
MATH3029,2025,Probability Theory with Applications,6,6,S1,STAT2001|MATH2320|MATH3116|STAT2005,MATH6109,UGRD,In Person,https://programsandcourses.anu.edu.au/2025/course/MATH3029
MATH3029,2026,Probability Theory with Applications,6,6,S1,STAT2001|MATH2320|MATH3116|STAT2005,MATH6109,UGRD,In Person,https://programsandcourses.anu.edu.au/2026/course/MATH3029
MATH3029,2027,Probability Theory with Applications,6,6,S1,STAT2001|MATH2320|MATH3116|STAT2005,MATH6109,UGRD,In Person,https://programsandcourses.anu.edu.au/2027/course/MATH3029
MATH3062,2014,Fractal Geometry & Applications to Digital Imaging,6,6,S2,MATH2305|MATH2405,,UGRD,In Person,https://programsandcourses.anu.edu.au/2014/course/MATH3062
MATH3062,2015,Fractal Geometry & Applications to Digital Imaging,6,6,S2,MATH2305|MATH2405,,UGRD,In Person,https://programsandcourses.anu.edu.au/2015/course/MATH3062
MATH3062,2016,Fractal Geometry & Applications to Digital Imaging,6,6,S2,MATH2305|MATH2405,,UGRD,In Person,https://programsandcourses.anu.edu.au/2016/course/MATH3062
MATH3062,2017,Fractal Geometry and Chaotic Dynamics,6,6,S1,MATH1116,MATH6116,UGRD,In Person,https://programsandcourses.anu.edu.au/2017/course/MATH3062
MATH3062,2018,Fractal Geometry and Chaotic Dynamics,6,6,S1,MATH1116,MATH6116,UGRD,In Person,https://programsandcourses.anu.edu.au/2018/course/MATH3062
MATH3062,2019,Fractal Geometry and Chaotic Dynamics,6,6,S1,MATH1116,MATH6116,UGRD,In Person,https://programsandcourses.anu.edu.au/2019/course/MATH3062
MATH3062,2020,Fractal Geometry and Chaotic Dynamics,6,6,S1,MATH1116,MATH6116,UGRD,In Person,https://programsandcourses.anu.edu.au/2020/course/MATH3062
MATH3062,2021,Fractal Geometry and Chaotic Dynamics,6,6,S1,MATH1116,MATH6116,UGRD,In Person,https://programsandcourses.anu.edu.au/2021/course/MATH3062
MATH3062,2022,Fractal Geometry and Chaotic Dynamics,6,6,S1,MATH1116,MATH6116,UGRD,In Person,https://programsandcourses.anu.edu.au/2022/course/MATH3062
MATH3062,2023,Fractal Geometry and Chaotic Dynamics,6,6,S1,MATH1116,MATH6116,UGRD,In Person,https://programsandcourses.anu.edu.au/2023/course/MATH3062
MATH3062,2024,Fractal Geometry and Chaotic Dynamics,6,6,UNKNOWN,MATH1116,MATH6116,UGRD,In Person,https://programsandcourses.anu.edu.au/2024/course/MATH3062
MATH3062,2025,Fractal Geometry and Chaotic Dynamics,6,6,S1,MATH1116,MATH6116,UGRD,In Person,https://programsandcourses.anu.edu.au/2025/course/MATH3062
MATH3062,2026,Fractal Geometry and Chaotic Dynamics,6,6,S1,MATH1116,MATH6116,UGRD,In Person,https://programsandcourses.anu.edu.au/2026/course/MATH3062
MATH3062,2027,Fractal Geometry and Chaotic Dynamics,6,6,S1,MATH1116,MATH6116,UGRD,In Person,https://programsandcourses.anu.edu.au/2027/course/MATH3062
MATH3133,2014,Environmental Mathematics,6,6,S2,MATH3501,,UGRD,In Person,https://programsandcourses.anu.edu.au/2014/course/MATH3133
MATH3133,2015,Environmental Mathematics,6,6,S2,MATH3501|MATH6102,,UGRD,In Person,https://programsandcourses.anu.edu.au/2015/course/MATH3133
MATH3133,2016,Environmental Mathematics,6,6,UNKNOWN,MATH3501|MATH6102,,UGRD,In Person,https://programsandcourses.anu.edu.au/2016/course/MATH3133
MATH3133,2017,Environmental Mathematics,6,6,S2,MATH2305|MATH2405|MATH6102,,UGRD,In Person,https://programsandcourses.anu.edu.au/2017/course/MATH3133
MATH3133,2018,Environmental Mathematics,6,6,UNKNOWN,MATH2305|MATH2405|MATH6102,,UGRD,In Person,https://programsandcourses.anu.edu.au/2018/course/MATH3133
MATH3133,2019,Environmental Mathematics,6,6,S2,MATH2305|MATH2405|MATH6102,,UGRD,In Person,https://programsandcourses.anu.edu.au/2019/course/MATH3133
MATH3133,2020,Environmental Mathematics,6,6,UNKNOWN,MATH2305|MATH2405|MATH6102,,UGRD,In Person,https://programsandcourses.anu.edu.au/2020/course/MATH3133
MATH3133,2021,Environmental Mathematics,6,6,S2,MATH2305|MATH2405|MATH6102,,UGRD,In Person,https://programsandcourses.anu.edu.au/2021/course/MATH3133
MATH3133,2022,Environmental Mathematics,6,6,S2,MATH2305|MATH2405|MATH6102,,UGRD,In Person,https://programsandcourses.anu.edu.au/2022/course/MATH3133
MATH3133,2023,Environmental Mathematics,6,6,S2,MATH2305|MATH2405|MATH6102,,UGRD,In Person,https://programsandcourses.anu.edu.au/2023/course/MATH3133
MATH3133,2024,Environmental Mathematics,6,6,S2,MATH2305|MATH2405|MATH6102,,UGRD,In Person,https://programsandcourses.anu.edu.au/2024/course/MATH3133
MATH3133,2025,Environmental Mathematics,6,6,S2,MATH2305|MATH2405|MATH6102,,UGRD,In Person,https://programsandcourses.anu.edu.au/2025/course/MATH3133
MATH3133,2026,Environmental Mathematics,6,6,S2,MATH2305|MATH2405|MATH6102,,UGRD,In Person,https://programsandcourses.anu.edu.au/2026/course/MATH3133
MATH3133,2027,Environmental Mathematics,6,6,S2,MATH2305|MATH2405|MATH6102,,UGRD,In Person,https://programsandcourses.anu.edu.au/2027/course/MATH3133
MATH3228,2014,Complex Analysis Honours,6,6,S2,MATH3320,,UGRD,In Person,https://programsandcourses.anu.edu.au/2014/course/MATH3228
MATH3228,2015,Advanced Complex Analysis,6,6,S2,MATH3320,,UGRD,In Person,https://programsandcourses.anu.edu.au/2015/course/MATH3228
MATH3228,2016,Advanced Complex Analysis,6,6,S2,MATH2320,,UGRD,In Person,https://programsandcourses.anu.edu.au/2016/course/MATH3228
MATH3228,2017,Advanced Complex Analysis,6,6,S2,MATH2320,,UGRD,In Person,https://programsandcourses.anu.edu.au/2017/course/MATH3228
MATH3228,2018,Advanced Complex Analysis,6,6,S2,MATH2320,,UGRD,In Person,https://programsandcourses.anu.edu.au/2018/course/MATH3228
MATH3228,2019,Advanced Complex Analysis,6,6,S2,MATH2320,,UGRD,In Person,https://programsandcourses.anu.edu.au/2019/course/MATH3228
MATH3228,2020,Advanced Complex Analysis,6,6,S2,MATH2320,,UGRD,In Person,https://programsandcourses.anu.edu.au/2020/course/MATH3228
MATH3228,2021,Advanced Complex Analysis,6,6,S2,MATH2320,,UGRD,In Person,https://programsandcourses.anu.edu.au/2021/course/MATH3228
MATH3228,2022,Advanced Complex Analysis,6,6,S2,MATH2320,,UGRD,In Person,https://programsandcourses.anu.edu.au/2022/course/MATH3228
MATH3228,2023,Advanced Complex Analysis,6,6,S2,MATH2320,,UGRD,In Person,https://programsandcourses.anu.edu.au/2023/course/MATH3228
MATH3228,2024,Advanced Complex Analysis,6,6,S2,MATH2320,,UGRD,In Person,https://programsandcourses.anu.edu.au/2024/course/MATH3228
MATH3228,2025,Advanced Complex Analysis,6,6,S2,MATH2320,,UGRD,In Person,https://programsandcourses.anu.edu.au/2025/course/MATH3228
MATH3228,2026,Advanced Complex Analysis,6,6,S2,MATH2320,,UGRD,In Person,https://programsandcourses.anu.edu.au/2026/course/MATH3228
MATH3228,2027,Advanced Complex Analysis,6,6,S2,MATH2320,,UGRD,In Person,https://programsandcourses.anu.edu.au/2027/course/MATH3228
MATH3301,2014,Number Theory and Cryptography,6,6,S2,MATH2016|MATH2302|MATH2303|MATH2301|MATH1116|MATH1014|MATH3001,,UGRD,In Person,https://programsandcourses.anu.edu.au/2014/course/MATH3301
MATH3301,2015,Number Theory and Cryptography,6,6,S1|S2,MATH2301|MATH1116|MATH1014|MATH6114,,UGRD,In Person,https://programsandcourses.anu.edu.au/2015/course/MATH3301
MATH3301,2016,Number Theory and Cryptography,6,6,S2,MATH2301|MATH1116|MATH1014|MATH6114,,UGRD,In Person,https://programsandcourses.anu.edu.au/2016/course/MATH3301
MATH3301,2017,Number Theory and Cryptography,6,6,S2,MATH2301|MATH1116|MATH1014|MATH6114,,UGRD,In Person,https://programsandcourses.anu.edu.au/2017/course/MATH3301
MATH3301,2018,Number Theory and Cryptography,6,6,S2,MATH2301|MATH1116|MATH1014|MATH6114,,UGRD,In Person,https://programsandcourses.anu.edu.au/2018/course/MATH3301
MATH3301,2019,Number Theory and Cryptography,6,6,S2,MATH2301|MATH1116|MATH1014|MATH6114,,UGRD,In Person,https://programsandcourses.anu.edu.au/2019/course/MATH3301
MATH3301,2020,Number Theory and Cryptography,6,6,S2,MATH2301|MATH1116|MATH1014|MATH6114,,UGRD,In Person,https://programsandcourses.anu.edu.au/2020/course/MATH3301
MATH3301,2021,Number Theory and Cryptography,6,6,S2,MATH2301|MATH1116|MATH1014|MATH6114,,UGRD,In Person,https://programsandcourses.anu.edu.au/2021/course/MATH3301
MATH3301,2022,Number Theory and Cryptography,6,6,S2,MATH1014|MATH1116|MATH6114,,UGRD,In Person,https://programsandcourses.anu.edu.au/2022/course/MATH3301
MATH3301,2023,Number Theory and Cryptography,6,6,S2,MATH1014|MATH1116|MATH6114,,UGRD,In Person,https://programsandcourses.anu.edu.au/2023/course/MATH3301
MATH3301,2024,Number Theory and Cryptography,6,6,S2,MATH1014|MATH1116|MATH6114,,UGRD,In Person,https://programsandcourses.anu.edu.au/2024/course/MATH3301
MATH3301,2025,Number Theory and Cryptography,6,6,S2,MATH1014|MATH1116,MATH6114,UGRD,In Person,https://programsandcourses.anu.edu.au/2025/course/MATH3301
MATH3301,2026,Number Theory and Cryptography,6,6,S2,MATH1014|MATH1116,MATH6114,UGRD,In Person,https://programsandcourses.anu.edu.au/2026/course/MATH3301
MATH3301,2027,Number Theory and Cryptography,6,6,UNKNOWN,MATH1014|MATH1116,MATH6114,UGRD,In Person,https://programsandcourses.anu.edu.au/2027/course/MATH3301
MATH3320,2014,"Analysis 2 Honours: Topology, Lebesgue Integration and Hilbert Spaces",6,6,S1,MATH2320,,UGRD,In Person,https://programsandcourses.anu.edu.au/2014/course/MATH3320
MATH3320,2015,"Advanced Analysis 2: Topology, Lebesgue Integration and Hilbert Spaces",6,6,S1,MATH2320,,UGRD,In Person,https://programsandcourses.anu.edu.au/2015/course/MATH3320
MATH3320,2016,"Advanced Analysis 2: Topology, Lebesgue Integration and Hilbert Spaces",6,6,S1,MATH2320,,UGRD,In Person,https://programsandcourses.anu.edu.au/2016/course/MATH3320
MATH3320,2017,"Advanced Analysis 2: Topology, Lebesgue Integration and Hilbert Spaces",6,6,S1,MATH2320,,UGRD,In Person,https://programsandcourses.anu.edu.au/2017/course/MATH3320
MATH3320,2018,"Advanced Analysis 2: Topology, Lebesgue Integration and Hilbert Spaces",6,6,S1,MATH2320,,UGRD,In Person,https://programsandcourses.anu.edu.au/2018/course/MATH3320
MATH3320,2019,"Advanced Analysis 2: Topology, Lebesgue Integration and Hilbert Spaces",6,6,S1,MATH2320,,UGRD,In Person,https://programsandcourses.anu.edu.au/2019/course/MATH3320
MATH3320,2020,Advanced Analysis 2: Lebesgue Integration and Hilbert Spaces,6,6,S1,MATH2320,,UGRD,In Person,https://programsandcourses.anu.edu.au/2020/course/MATH3320
MATH3320,2021,Advanced Analysis 2: Lebesgue Integration and Hilbert Spaces,6,6,S1,MATH2320,,UGRD,In Person,https://programsandcourses.anu.edu.au/2021/course/MATH3320
MATH3320,2022,Advanced Analysis 2: Lebesgue Integration and Hilbert Spaces,6,6,S1,MATH2320,,UGRD,In Person,https://programsandcourses.anu.edu.au/2022/course/MATH3320
MATH3320,2023,Advanced Analysis 2: Lebesgue Integration and Hilbert Spaces,6,6,S1,MATH2320,,UGRD,In Person,https://programsandcourses.anu.edu.au/2023/course/MATH3320
MATH3320,2024,Advanced Analysis 2: Lebesgue Integration and Hilbert Spaces,6,6,S1,MATH2320,,UGRD,In Person,https://programsandcourses.anu.edu.au/2024/course/MATH3320
MATH3320,2025,Advanced Analysis 2: Lebesgue Integration and Hilbert Spaces,6,6,S1,MATH2320,MATH6212,UGRD,In Person,https://programsandcourses.anu.edu.au/2025/course/MATH3320
MATH3320,2026,Advanced Analysis 2: Lebesgue Integration and Hilbert Spaces,6,6,S1,MATH2320,MATH6212,UGRD,In Person,https://programsandcourses.anu.edu.au/2026/course/MATH3320
MATH3320,2027,Advanced Analysis 2: Lebesgue Integration and Hilbert Spaces,6,6,UNKNOWN,MATH2320,MATH6212,UGRD,In Person,https://programsandcourses.anu.edu.au/2027/course/MATH3320
MATH3325,2014,"Analysis 3 Honours: Functional analysis, Spectral theory and Applications",6,6,S2,MATH3320|MATH3022,,UGRD,In Person,https://programsandcourses.anu.edu.au/2014/course/MATH3325
MATH3325,2015,"Advanced Functional Analysis, Spectral theory and Applications",6,6,S2,MATH3320,,UGRD,In Person,https://programsandcourses.anu.edu.au/2015/course/MATH3325
MATH3325,2016,"Advanced Functional Analysis, Spectral theory and Applications",6,6,S2,MATH3320,,UGRD,In Person,https://programsandcourses.anu.edu.au/2016/course/MATH3325
MATH3325,2017,"Advanced Functional Analysis, Spectral theory and Applications",6,6,S2,MATH3320,MATH6214,UGRD,In Person,https://programsandcourses.anu.edu.au/2017/course/MATH3325
MATH3325,2018,"Advanced Functional Analysis, Spectral theory and Applications",6,6,S2,MATH3320,MATH6214,UGRD,In Person,https://programsandcourses.anu.edu.au/2018/course/MATH3325
MATH3325,2019,"Advanced Functional Analysis, Spectral theory and Applications",6,6,S2,MATH3320,MATH6214,UGRD,In Person,https://programsandcourses.anu.edu.au/2019/course/MATH3325
MATH3325,2020,"Advanced Functional Analysis, Spectral theory and Applications",6,6,S2,MATH3320,MATH6214,UGRD,In Person,https://programsandcourses.anu.edu.au/2020/course/MATH3325
MATH3325,2021,"Advanced Functional Analysis, Spectral theory and Applications",6,6,S2,MATH3320,MATH6214,UGRD,In Person,https://programsandcourses.anu.edu.au/2021/course/MATH3325
MATH3325,2022,"Advanced Functional Analysis, Spectral theory and Applications",6,6,S2,MATH3320,MATH6214,UGRD,In Person,https://programsandcourses.anu.edu.au/2022/course/MATH3325
MATH3325,2023,"Advanced Functional Analysis, Spectral theory and Applications",6,6,S2,MATH3320,MATH6214,UGRD,In Person,https://programsandcourses.anu.edu.au/2023/course/MATH3325
MATH3325,2024,"Advanced Functional Analysis, Spectral theory and Applications",6,6,S2,MATH3320,MATH6214,UGRD,In Person,https://programsandcourses.anu.edu.au/2024/course/MATH3325
MATH3325,2025,"Advanced Functional Analysis, Spectral Theory, and Applications",6,6,S2,MATH3320,MATH6214,UGRD,In Person,https://programsandcourses.anu.edu.au/2025/course/MATH3325
MATH3325,2026,"Advanced Functional Analysis, Spectral Theory, and Applications",6,6,S2,MATH3320,MATH6214,UGRD,In Person,https://programsandcourses.anu.edu.au/2026/course/MATH3325
MATH3325,2027,"Advanced Functional Analysis, Spectral Theory, and Applications",6,6,UNKNOWN,MATH3320,MATH6214,UGRD,In Person,https://programsandcourses.anu.edu.au/2027/course/MATH3325
MATH3342,2014,Differential Geometry H,6,6,S1,MATH2320|MATH3116|MATH3027,,UGRD,In Person,https://programsandcourses.anu.edu.au/2014/course/MATH3342
MATH3342,2015,Advanced Differential Geometry,6,6,S1,MATH2320|MATH3116,,UGRD,In Person,https://programsandcourses.anu.edu.au/2015/course/MATH3342
MATH3342,2016,Advanced Differential Geometry,6,6,S1,MATH2320|MATH3116,,UGRD,In Person,https://programsandcourses.anu.edu.au/2016/course/MATH3342
MATH3342,2017,Advanced Differential Geometry,6,6,S1,MATH2320|MATH3116,,UGRD,In Person,https://programsandcourses.anu.edu.au/2017/course/MATH3342
MATH3342,2018,Advanced Differential Geometry,6,6,S1,MATH2320|MATH3116,,UGRD,In Person,https://programsandcourses.anu.edu.au/2018/course/MATH3342
MATH3342,2019,Advanced Differential Geometry,6,6,S1,MATH2320|MATH3116,,UGRD,In Person,https://programsandcourses.anu.edu.au/2019/course/MATH3342
MATH3342,2020,Advanced Differential Geometry,6,6,S1,MATH2320|MATH3116,,UGRD,In Person,https://programsandcourses.anu.edu.au/2020/course/MATH3342
MATH3342,2021,Advanced Differential Geometry,6,6,S1,MATH2320|MATH3116,,UGRD,In Person,https://programsandcourses.anu.edu.au/2021/course/MATH3342
MATH3342,2022,Advanced Differential Geometry,6,6,S1,MATH2320|MATH3116,,UGRD,In Person,https://programsandcourses.anu.edu.au/2022/course/MATH3342
MATH3342,2023,Advanced Differential Geometry,6,6,S1,MATH2320|MATH3116,,UGRD,In Person,https://programsandcourses.anu.edu.au/2023/course/MATH3342
MATH3342,2025,Advanced Differential Geometry,6,6,S1,MATH2320,MATH6212,UGRD,In Person,https://programsandcourses.anu.edu.au/2025/course/MATH3342
MATH3342,2026,Advanced Differential Geometry,6,6,S1,MATH2320,MATH6212,UGRD,In Person,https://programsandcourses.anu.edu.au/2026/course/MATH3342
MATH3342,2027,Advanced Differential Geometry,6,6,UNKNOWN,MATH2320,MATH6212,UGRD,In Person,https://programsandcourses.anu.edu.au/2027/course/MATH3342
MATH3345,2014,Algebra 2 Honours: Field extensions and Galois Theory,6,6,S1,MATH2322|MATH3104,,UGRD,In Person,https://programsandcourses.anu.edu.au/2014/course/MATH3345
MATH3345,2015,Advanced Algebra 2: Field extensions and Galois Theory,6,6,S1,MATH2322|MATH3104,,UGRD,In Person,https://programsandcourses.anu.edu.au/2015/course/MATH3345
MATH3345,2016,Advanced Algebra 2: Field extensions and Galois Theory,6,6,S1,MATH2322|MATH3104,,UGRD,In Person,https://programsandcourses.anu.edu.au/2016/course/MATH3345
MATH3345,2017,Advanced Algebra 2: Field extensions and Galois Theory,6,6,S1,MATH2322|MATH3104,,UGRD,In Person,https://programsandcourses.anu.edu.au/2017/course/MATH3345
MATH3345,2018,Advanced Algebra 2: Field extensions and Galois Theory,6,6,S1,MATH2322|MATH3104,,UGRD,In Person,https://programsandcourses.anu.edu.au/2018/course/MATH3345
MATH3345,2019,Advanced Algebra 2: Field extensions and Galois Theory,6,6,S1,MATH2322|MATH3104,,UGRD,In Person,https://programsandcourses.anu.edu.au/2019/course/MATH3345
MATH3345,2020,Advanced Algebra 2: Field extensions and Galois Theory,6,6,S1,MATH2322|MATH3104,,UGRD,In Person,https://programsandcourses.anu.edu.au/2020/course/MATH3345
MATH3345,2021,Advanced Algebra 2: Field extensions and Galois Theory,6,6,S1,MATH2322|MATH3104,,UGRD,In Person,https://programsandcourses.anu.edu.au/2021/course/MATH3345
MATH3345,2022,Advanced Algebra 2: Field extensions and Galois Theory,6,6,S1,MATH2322|MATH3104,,UGRD,In Person,https://programsandcourses.anu.edu.au/2022/course/MATH3345
MATH3345,2023,Advanced Algebra 2: Field extensions and Galois Theory,6,6,S1,MATH2322|MATH3104,,UGRD,In Person,https://programsandcourses.anu.edu.au/2023/course/MATH3345
MATH3345,2024,Advanced Algebra 2: Field extensions and Galois Theory,6,6,S1,MATH2322|MATH3104,,UGRD,In Person,https://programsandcourses.anu.edu.au/2024/course/MATH3345
MATH3345,2025,Advanced Algebra 2: Field extensions and Galois Theory,6,6,S1,MATH2322|MATH3104,,UGRD,In Person,https://programsandcourses.anu.edu.au/2025/course/MATH3345
MATH3345,2026,Advanced Algebra 2: Field extensions and Galois Theory,6,6,S1,MATH2322|MATH3104,,UGRD,In Person,https://programsandcourses.anu.edu.au/2026/course/MATH3345
MATH3345,2027,Advanced Algebra 2: Field extensions and Galois Theory,6,6,S1,MATH2322|MATH3104,,UGRD,In Person,https://programsandcourses.anu.edu.au/2027/course/MATH3345
MATH3349,2014,Special Topics in Mathematics,6,6,S1|S2|SUMMER|WINTER|AUTUMN,,,UGRD,In Person,https://programsandcourses.anu.edu.au/2014/course/MATH3349
MATH3349,2015,Special Topics in Mathematics,6,6,S1|S2|SUMMER|WINTER|AUTUMN,,,UGRD,In Person,https://programsandcourses.anu.edu.au/2015/course/MATH3349
MATH3349,2016,Special Topics in Mathematics,6,6,S1|S2|SUMMER|WINTER|AUTUMN|SPRING,,,UGRD,In Person,https://programsandcourses.anu.edu.au/2016/course/MATH3349
MATH3349,2017,Special Topics in Mathematics,6,6,S1|S2|SUMMER|WINTER|AUTUMN|SPRING,,MATH6209,UGRD,In Person,https://programsandcourses.anu.edu.au/2017/course/MATH3349
MATH3349,2018,Special Topics in Mathematics,6,6,S1|S2|SUMMER|WINTER|AUTUMN|SPRING,,MATH6209,UGRD,In Person,https://programsandcourses.anu.edu.au/2018/course/MATH3349
MATH3349,2019,Special Topics in Mathematics,6,6,S1|S2|SUMMER|WINTER|AUTUMN|SPRING,,MATH6209,UGRD,In Person,https://programsandcourses.anu.edu.au/2019/course/MATH3349
MATH3349,2020,Special Topics in Mathematics,6,6,S1|S2|SUMMER|WINTER|AUTUMN|SPRING,,MATH6209,UGRD,In Person,https://programsandcourses.anu.edu.au/2020/course/MATH3349
MATH3349,2021,Special Topics in Mathematics,6,6,S1|S2|SUMMER|WINTER|AUTUMN|SPRING,,MATH6209,UGRD,In Person,https://programsandcourses.anu.edu.au/2021/course/MATH3349
MATH3349,2022,Special Topics in Mathematics,6,6,S1|S2|SUMMER|WINTER|AUTUMN|SPRING,,MATH6209,UGRD,In Person,https://programsandcourses.anu.edu.au/2022/course/MATH3349
MATH3349,2023,Special Topics in Mathematics,6,6,S1|S2|SUMMER|AUTUMN,,MATH6209,UGRD,In Person,https://programsandcourses.anu.edu.au/2023/course/MATH3349
MATH3349,2024,Special Topics in Mathematics,6,6,S1|S2,,MATH6209,UGRD,In Person,https://programsandcourses.anu.edu.au/2024/course/MATH3349
MATH3349,2025,Special Topics in Mathematics,6,6,S1|S2|SUMMER,,MATH6209,UGRD,In Person,https://programsandcourses.anu.edu.au/2025/course/MATH3349
MATH3349,2026,Special Topics in Mathematics,6,6,S1|S2,,MATH6209,UGRD,In Person,https://programsandcourses.anu.edu.au/2026/course/MATH3349
MATH3349,2027,Special Topics in Mathematics,6,6,S1|S2,,MATH6209,UGRD,In Person,https://programsandcourses.anu.edu.au/2027/course/MATH3349
MATH3351,2014,Topics in Mathematical Physics Honours,6,6,S1,,,UGRD,In Person,https://programsandcourses.anu.edu.au/2014/course/MATH3351
MATH3351,2015,Advanced Topics in Mathematical Physics,6,6,S1,,,UGRD,In Person,https://programsandcourses.anu.edu.au/2015/course/MATH3351
MATH3351,2016,Advanced Topics in Mathematical Physics,6,6,S1,,,UGRD,In Person,https://programsandcourses.anu.edu.au/2016/course/MATH3351
MATH3351,2017,Advanced Topics in Mathematical Physics,6,6,S1,,,UGRD,In Person,https://programsandcourses.anu.edu.au/2017/course/MATH3351
MATH3351,2018,Advanced Topics in Mathematical Physics,6,6,S1,,,UGRD,In Person,https://programsandcourses.anu.edu.au/2018/course/MATH3351
MATH3351,2019,Advanced Topics in Mathematical Physics,6,6,S1,,,UGRD,In Person,https://programsandcourses.anu.edu.au/2019/course/MATH3351
MATH3351,2020,Advanced Topics in Mathematical Physics,6,6,S1,,,UGRD,In Person,https://programsandcourses.anu.edu.au/2020/course/MATH3351
MATH3351,2021,Advanced Topics in Mathematical Physics,6,6,S1,,,UGRD,In Person,https://programsandcourses.anu.edu.au/2021/course/MATH3351
MATH3351,2022,Advanced Topics in Mathematical Physics,6,6,S1,MATH2306|MATH2322|MATH2320,MATH6211,UGRD,In Person,https://programsandcourses.anu.edu.au/2022/course/MATH3351
MATH3351,2023,Advanced Topics in Mathematical Physics,6,6,S2,MATH2306|MATH2322|MATH2320,MATH6211,UGRD,In Person,https://programsandcourses.anu.edu.au/2023/course/MATH3351
MATH3351,2024,Advanced Topics in Mathematical Physics,6,6,S2,MATH2306|MATH2322|MATH2320,MATH6211,UGRD,In Person,https://programsandcourses.anu.edu.au/2024/course/MATH3351
MATH3351,2025,Advanced Topics in Mathematical Physics,6,6,UNKNOWN,MATH2306|MATH2322|MATH2320,MATH6211,UGRD,In Person,https://programsandcourses.anu.edu.au/2025/course/MATH3351
MATH3351,2026,Advanced Topics in Mathematical Physics,6,6,S2,MATH2306|MATH2322|MATH2320,MATH6211,UGRD,In Person,https://programsandcourses.anu.edu.au/2026/course/MATH3351
MATH3351,2027,Advanced Topics in Mathematical Physics,6,6,S2,MATH2306|MATH2322|MATH2320,MATH6211,UGRD,In Person,https://programsandcourses.anu.edu.au/2027/course/MATH3351
MATH3353,2014,Topics in Bioinformatics Honours,6,6,S1,MATH2307|STAT1003|STAT1008,,UGRD,In Person,https://programsandcourses.anu.edu.au/2014/course/MATH3353
MATH3353,2015,Advanced Topics in Bioinformatics,6,6,S1,MATH2307|STAT1003|STAT1008,,UGRD,In Person,https://programsandcourses.anu.edu.au/2015/course/MATH3353
MATH3353,2016,Advanced Topics in Bioinformatics,6,6,S1,MATH2307|STAT1003|STAT1008,,UGRD,In Person,https://programsandcourses.anu.edu.au/2016/course/MATH3353
MATH3353,2017,Advanced Mathematical Bioinformatics,6,6,S1,MATH2305|MATH2307|STAT1003|STAT1008,MATH6208,UGRD,In Person,https://programsandcourses.anu.edu.au/2017/course/MATH3353
MATH3353,2018,Advanced Mathematical Bioinformatics,6,6,S1,MATH2305|MATH2307|STAT1003|STAT1008,MATH6208,UGRD,In Person,https://programsandcourses.anu.edu.au/2018/course/MATH3353
MATH3353,2019,Advanced Mathematical Bioinformatics,6,6,S1,MATH2305|MATH2307|STAT1003|STAT1008,MATH6208,UGRD,In Person,https://programsandcourses.anu.edu.au/2019/course/MATH3353
MATH3353,2020,Advanced Mathematical Bioinformatics,6,6,S1,MATH2305|MATH2307|STAT1003|STAT1008,MATH6208,UGRD,In Person,https://programsandcourses.anu.edu.au/2020/course/MATH3353
MATH3353,2021,Advanced Mathematical Bioinformatics,6,6,S1,MATH2305|MATH2307|STAT1003|STAT1008,MATH6208,UGRD,In Person,https://programsandcourses.anu.edu.au/2021/course/MATH3353
MATH3353,2022,Advanced Mathematical Bioinformatics,6,6,S1,MATH2305|MATH2307|STAT1003|STAT1008,MATH6208,UGRD,In Person,https://programsandcourses.anu.edu.au/2022/course/MATH3353
MATH3353,2023,Advanced Mathematical Bioinformatics,6,6,S1,MATH2305|MATH2307|STAT1003|STAT1008,MATH6208,UGRD,In Person,https://programsandcourses.anu.edu.au/2023/course/MATH3353
MATH3353,2024,Advanced Mathematical Bioinformatics,6,6,S1,MATH2305|MATH2307|STAT1003|STAT1008,MATH6208,UGRD,In Person,https://programsandcourses.anu.edu.au/2024/course/MATH3353
MATH3353,2025,Advanced Mathematical Bioinformatics,6,6,S1,MATH2305|MATH2307|STAT1003|STAT1008,MATH6208,UGRD,In Person,https://programsandcourses.anu.edu.au/2025/course/MATH3353
MATH3353,2026,Advanced Mathematical Bioinformatics,6,6,S1,MATH2305|MATH2307|STAT1003|STAT1008,MATH6208,UGRD,In Person,https://programsandcourses.anu.edu.au/2026/course/MATH3353
MATH3353,2027,Advanced Mathematical Bioinformatics,6,6,S1,MATH2305|MATH2307|STAT1003|STAT1008,MATH6208,UGRD,In Person,https://programsandcourses.anu.edu.au/2027/course/MATH3353
MATH3354,2014,Algebra 3: Advanced Topics in Algebra,6,6,S2,MATH3345,,UGRD,In Person,https://programsandcourses.anu.edu.au/2014/course/MATH3354
MATH3354,2015,Advanced Topics in Algebra,6,6,S2,MATH3345,,UGRD,In Person,https://programsandcourses.anu.edu.au/2015/course/MATH3354
MATH3354,2016,Advanced Topics in Algebra,6,6,S2,MATH3345,,UGRD,In Person,https://programsandcourses.anu.edu.au/2016/course/MATH3354
MATH3354,2017,Advanced Topics in Algebra,6,6,S2,MATH3345,MATH6216,UGRD,In Person,https://programsandcourses.anu.edu.au/2017/course/MATH3354
MATH3354,2018,Advanced Topics in Algebra,6,6,S2,MATH3345,MATH6216,UGRD,In Person,https://programsandcourses.anu.edu.au/2018/course/MATH3354
MATH3354,2019,Advanced Topics in Algebra,6,6,S2,MATH3345,MATH6216,UGRD,In Person,https://programsandcourses.anu.edu.au/2019/course/MATH3354
MATH3354,2020,Advanced Topics in Algebra,6,6,S2,MATH3345,MATH6216,UGRD,In Person,https://programsandcourses.anu.edu.au/2020/course/MATH3354
MATH3354,2021,Advanced Topics in Algebra,6,6,S2,MATH3345,MATH6216,UGRD,In Person,https://programsandcourses.anu.edu.au/2021/course/MATH3354
MATH3354,2022,Advanced Topics in Algebra,6,6,S2,MATH3345,MATH6216,UGRD,In Person,https://programsandcourses.anu.edu.au/2022/course/MATH3354
MATH3354,2023,Advanced Topics in Algebra,6,6,S2,MATH3345,MATH6216,UGRD,In Person,https://programsandcourses.anu.edu.au/2023/course/MATH3354
MATH3354,2024,Advanced Topics in Algebra,6,6,S2,MATH3345,MATH6216,UGRD,In Person,https://programsandcourses.anu.edu.au/2024/course/MATH3354
MATH3354,2025,Advanced Topics in Algebra,6,6,S2,MATH3345,MATH6216,UGRD,In Person,https://programsandcourses.anu.edu.au/2025/course/MATH3354
MATH3354,2026,Advanced Topics in Algebra,6,6,S2,MATH3345,MATH6216,UGRD,In Person,https://programsandcourses.anu.edu.au/2026/course/MATH3354
MATH3354,2027,Advanced Topics in Algebra,6,6,S2,MATH3345,MATH6216,UGRD,In Person,https://programsandcourses.anu.edu.au/2027/course/MATH3354
MATH3501,2014,Scientific and Industrial Modelling,6,6,S2,MATH2305|MATH2405,,UGRD,In Person,https://programsandcourses.anu.edu.au/2014/course/MATH3501
MATH3501,2015,Scientific and Industrial Modelling,6,6,S2,MATH2305|MATH2405,,UGRD,In Person,https://programsandcourses.anu.edu.au/2015/course/MATH3501
MATH3501,2016,Scientific and Industrial Modelling,6,6,S2,MATH2305|MATH2405,,UGRD,In Person,https://programsandcourses.anu.edu.au/2016/course/MATH3501
MATH3501,2017,Scientific and Industrial Modelling,6,6,S2,MATH2305,MATH6103,UGRD,In Person,https://programsandcourses.anu.edu.au/2017/course/MATH3501
MATH3501,2018,Scientific and Industrial Modelling,6,6,S2,MATH2305,MATH6103,UGRD,In Person,https://programsandcourses.anu.edu.au/2018/course/MATH3501
MATH3501,2019,Scientific and Industrial Modelling,6,6,S2,MATH2305,MATH6103,UGRD,In Person,https://programsandcourses.anu.edu.au/2019/course/MATH3501
MATH3501,2020,Scientific and Industrial Modelling,6,6,S2,MATH2305,MATH6103,UGRD,In Person,https://programsandcourses.anu.edu.au/2020/course/MATH3501
MATH3501,2021,Scientific and Industrial Modelling,6,6,S2,MATH2305,MATH6103,UGRD,In Person,https://programsandcourses.anu.edu.au/2021/course/MATH3501
MATH3501,2022,Scientific and Industrial Modelling,6,6,S2,MATH2305,MATH6103,UGRD,In Person,https://programsandcourses.anu.edu.au/2022/course/MATH3501
MATH3501,2023,Scientific and Industrial Modelling,6,6,S2,MATH2305,MATH6103,UGRD,In Person,https://programsandcourses.anu.edu.au/2023/course/MATH3501
MATH3501,2024,Scientific and Industrial Modelling,6,6,S2,MATH2305,MATH6103,UGRD,In Person,https://programsandcourses.anu.edu.au/2024/course/MATH3501
MATH3501,2025,Scientific and Industrial Modelling,6,6,S2,MATH2305,MATH6103,UGRD,In Person,https://programsandcourses.anu.edu.au/2025/course/MATH3501
MATH3501,2026,Scientific and Industrial Modelling,6,6,S2,MATH2305,MATH6103,UGRD,In Person,https://programsandcourses.anu.edu.au/2026/course/MATH3501
MATH3501,2027,Scientific and Industrial Modelling,6,6,S2,MATH2305,MATH6103,UGRD,In Person,https://programsandcourses.anu.edu.au/2027/course/MATH3501
MATH3511,2014,Scientific Computing,6,6,S1,MATH1116|MATH2305|MATH2405|MATH2320|MATH2501,,UGRD,In Person,https://programsandcourses.anu.edu.au/2014/course/MATH3511
MATH3511,2015,Scientific Computing,6,6,S1,MATH1116|MATH2305|MATH2405|MATH2320,,UGRD,In Person,https://programsandcourses.anu.edu.au/2015/course/MATH3511
MATH3511,2016,Scientific Computing,6,6,S1,MATH1116|MATH2305|MATH2405|MATH2320,,UGRD,In Person,https://programsandcourses.anu.edu.au/2016/course/MATH3511
MATH3511,2017,Scientific Computing,6,6,S1,MATH1116|MATH2305|MATH2405|MATH2320,MATH6111,UGRD,In Person,https://programsandcourses.anu.edu.au/2017/course/MATH3511
MATH3511,2018,Scientific Computing,6,6,S1,MATH1116|MATH2305|MATH2405|MATH2320,MATH6111,UGRD,In Person,https://programsandcourses.anu.edu.au/2018/course/MATH3511
MATH3511,2019,Scientific Computing,6,6,S1,MATH1116|MATH2305|MATH2405|MATH2320,MATH6111,UGRD,In Person,https://programsandcourses.anu.edu.au/2019/course/MATH3511
MATH3511,2020,Scientific Computing,6,6,S1,MATH1116|MATH2305|MATH2405|MATH2320,MATH6111,UGRD,In Person,https://programsandcourses.anu.edu.au/2020/course/MATH3511
MATH3511,2021,Scientific Computing,6,6,S1,MATH1116|MATH2305|MATH2405|MATH2320,MATH6111,UGRD,In Person,https://programsandcourses.anu.edu.au/2021/course/MATH3511
MATH3511,2022,Scientific Computing,6,6,S1,MATH1116|MATH2305|MATH2405|MATH2320,MATH6111,UGRD,In Person,https://programsandcourses.anu.edu.au/2022/course/MATH3511
MATH3511,2023,Scientific Computing,6,6,S1,MATH1116|MATH2305|MATH2405|MATH2320,MATH6111,UGRD,In Person,https://programsandcourses.anu.edu.au/2023/course/MATH3511
MATH3511,2024,Scientific Computing,6,6,S1,MATH1116|MATH2305|MATH2405|MATH2320,MATH6111,UGRD,In Person,https://programsandcourses.anu.edu.au/2024/course/MATH3511
MATH3511,2025,Scientific Computing,6,6,S1,MATH1116|MATH2305|MATH2320,MATH6111,UGRD,In Person,https://programsandcourses.anu.edu.au/2025/course/MATH3511
MATH3511,2026,Scientific Computing,6,6,S1,MATH1116|MATH2305|MATH2320,MATH6111,UGRD,In Person,https://programsandcourses.anu.edu.au/2026/course/MATH3511
MATH3511,2027,Scientific Computing,6,6,UNKNOWN,MATH1116|MATH2305|MATH2320,MATH6111,UGRD,In Person,https://programsandcourses.anu.edu.au/2027/course/MATH3511
MATH3512,2015,Matrix Computations,6,6,S2,MATH2305|MATH2405|MATH2320|MATH3116|MATH3511,,UGRD,In Person,https://programsandcourses.anu.edu.au/2015/course/MATH3512
MATH3512,2016,Matrix Computations,6,6,UNKNOWN,MATH2305|MATH2405|MATH2320|MATH3116|MATH3511,,UGRD,In Person,https://programsandcourses.anu.edu.au/2016/course/MATH3512
MATH3512,2017,Matrix Computations,6,6,S2,MATH2305|MATH2320|MATH3116|MATH3511,MATH6112,UGRD,In Person,https://programsandcourses.anu.edu.au/2017/course/MATH3512
MATH3512,2018,Matrix Computations,6,6,UNKNOWN,MATH2305|MATH2320|MATH3116|MATH3511,MATH6112,UGRD,In Person,https://programsandcourses.anu.edu.au/2018/course/MATH3512
MATH3512,2019,Matrix Computations,6,6,S2,MATH2305|MATH2320|MATH3116|MATH3511,MATH6112,UGRD,In Person,https://programsandcourses.anu.edu.au/2019/course/MATH3512
MATH3512,2020,Matrix Computations,6,6,UNKNOWN,MATH2305|MATH2320|MATH3116|MATH3511,MATH6112,UGRD,In Person,https://programsandcourses.anu.edu.au/2020/course/MATH3512
MATH3512,2021,Matrix Computations,6,6,S2,MATH2305|MATH2320|MATH3116|MATH3511,MATH6112,UGRD,In Person,https://programsandcourses.anu.edu.au/2021/course/MATH3512
MATH3512,2022,Matrix Computations,6,6,UNKNOWN,MATH2305|MATH2320|MATH3116|MATH3511,MATH6112,UGRD,In Person,https://programsandcourses.anu.edu.au/2022/course/MATH3512
MATH3512,2023,Matrix Computations,6,6,S2,MATH2305|MATH2320|MATH3116|MATH3511,MATH6112,UGRD,In Person,https://programsandcourses.anu.edu.au/2023/course/MATH3512
MATH3512,2024,Matrix Computations,6,6,UNKNOWN,MATH2305|MATH2320|MATH3116|MATH3511,MATH6112,UGRD,In Person,https://programsandcourses.anu.edu.au/2024/course/MATH3512
MATH3512,2025,Matrix Computations,6,6,S2,MATH2305|MATH2320|MATH3116|MATH3511,MATH6112,UGRD,In Person,https://programsandcourses.anu.edu.au/2025/course/MATH3512
MATH3512,2026,Matrix Computations,6,6,UNKNOWN,MATH2305|MATH2320|MATH3116|MATH3511,MATH6112,UGRD,In Person,https://programsandcourses.anu.edu.au/2026/course/MATH3512
MATH3512,2027,Matrix Computations,6,6,S2,MATH2305|MATH2320|MATH3116|MATH3511,MATH6112,UGRD,In Person,https://programsandcourses.anu.edu.au/2027/course/MATH3512
MATH3514,2014,Numerical Optimisation,6,6,S2,MATH2305|MATH2405|MATH2320|MATH3116|MATH3511,,UGRD,In Person,https://programsandcourses.anu.edu.au/2014/course/MATH3514
MATH3514,2015,Numerical Optimisation,6,6,UNKNOWN,MATH2305|MATH2405|MATH2320|MATH3116|MATH3511|MATH6119,,UGRD,In Person,https://programsandcourses.anu.edu.au/2015/course/MATH3514
MATH3514,2016,Numerical Optimisation,6,6,S2,MATH2305|MATH2405|MATH2320|MATH3116|MATH3511|MATH6119,,UGRD,In Person,https://programsandcourses.anu.edu.au/2016/course/MATH3514
MATH3514,2017,Numerical Optimisation,6,6,UNKNOWN,MATH2305|MATH2320|MATH3116|MATH3511|MATH6119,,UGRD,In Person,https://programsandcourses.anu.edu.au/2017/course/MATH3514
MATH3514,2018,Numerical Optimisation,6,6,S2,MATH2305|MATH2320|MATH3116|MATH3511|MATH6119,,UGRD,In Person,https://programsandcourses.anu.edu.au/2018/course/MATH3514
MATH3514,2019,Numerical Optimisation,6,6,UNKNOWN,MATH2305|MATH2320|MATH3116|MATH3511|MATH6119,,UGRD,In Person,https://programsandcourses.anu.edu.au/2019/course/MATH3514
MATH3514,2020,Numerical Optimisation,6,6,S2,MATH2305|MATH2320|MATH3116|MATH3511|MATH6119,,UGRD,In Person,https://programsandcourses.anu.edu.au/2020/course/MATH3514
MATH3514,2022,Numerical Optimisation,6,6,S2,MATH2305|MATH2320|MATH3116|MATH3511|MATH6119,,UGRD,In Person,https://programsandcourses.anu.edu.au/2022/course/MATH3514
MATH3514,2023,Numerical Optimisation,6,6,UNKNOWN,MATH2305|MATH2320|MATH3116|MATH3511|MATH6119,,UGRD,In Person,https://programsandcourses.anu.edu.au/2023/course/MATH3514
MATH3514,2024,Numerical Optimisation,6,6,S2,MATH2305|MATH2320|MATH3116|MATH3511|MATH6119,,UGRD,In Person,https://programsandcourses.anu.edu.au/2024/course/MATH3514
MATH3514,2025,Numerical Optimisation,6,6,UNKNOWN,MATH2305|MATH2320|MATH3116|MATH3511|MATH6119,,UGRD,In Person,https://programsandcourses.anu.edu.au/2025/course/MATH3514
MATH3514,2026,Numerical Optimisation,6,6,S2,MATH2305|MATH2320|MATH3116|MATH3511|MATH6119,,UGRD,In Person,https://programsandcourses.anu.edu.au/2026/course/MATH3514
MATH3514,2027,Numerical Optimisation,6,6,UNKNOWN,MATH2305|MATH2320|MATH3116|MATH3511|MATH6119,,UGRD,In Person,https://programsandcourses.anu.edu.au/2027/course/MATH3514
MATH4005,2016,Thesis and Presentations in Mathematics,6,24,S1|S2,,,UGRD,In Person,https://programsandcourses.anu.edu.au/2016/course/MATH4005
MATH4005,2017,Thesis and Presentations in Mathematics,6,24,S1|S2,,,UGRD,In Person,https://programsandcourses.anu.edu.au/2017/course/MATH4005
MATH4005,2018,Thesis and Presentations in Mathematics,6,24,S1|S2,,,UGRD,In Person,https://programsandcourses.anu.edu.au/2018/course/MATH4005
MATH4005,2019,Thesis and Presentations in Mathematics,6,24,S1|S2,,,UGRD,In Person,https://programsandcourses.anu.edu.au/2019/course/MATH4005
MATH4005,2020,Thesis and Presentations in Mathematics,6,24,S1|S2|SPRING,,,UGRD,In Person,https://programsandcourses.anu.edu.au/2020/course/MATH4005
MATH4005,2021,Thesis and Presentations in Mathematics,6,24,S1|S2|SUMMER,,,UGRD,In Person,https://programsandcourses.anu.edu.au/2021/course/MATH4005
MATH4005,2022,Thesis and Presentations in Mathematics,6,24,S1|S2|SUMMER,,,UGRD,In Person,https://programsandcourses.anu.edu.au/2022/course/MATH4005
MATH4005,2023,Thesis and Presentations in Mathematics,6,24,S1|S2|SUMMER|WINTER|AUTUMN,,,UGRD,In Person,https://programsandcourses.anu.edu.au/2023/course/MATH4005
MATH4005,2024,Thesis and Presentations in Mathematics,6,24,S1|S2|SUMMER,,,UGRD,In Person,https://programsandcourses.anu.edu.au/2024/course/MATH4005
MATH4005,2025,Thesis and Presentations in Mathematics,6,24,S1|S2|SUMMER|WINTER,,,UGRD,In Person,https://programsandcourses.anu.edu.au/2025/course/MATH4005
MATH4005,2026,Thesis and Presentations in Mathematics,6,24,S1|S2|SUMMER|WINTER,,,UGRD,In Person,https://programsandcourses.anu.edu.au/2026/course/MATH4005
MATH4005,2027,Thesis and Presentations in Mathematics,6,24,S1|S2|SUMMER,,,UGRD,In Person,https://programsandcourses.anu.edu.au/2027/course/MATH4005
MATH4201,2014,Topics in Computational Maths Honours,6,6,S1|S2,,,UGRD,In Person,https://programsandcourses.anu.edu.au/2014/course/MATH4201
MATH4201,2015,Topics in Computational Maths Honours,6,6,S1|S2,,,UGRD,In Person,https://programsandcourses.anu.edu.au/2015/course/MATH4201
MATH4201,2016,Topics in Computational Maths Honours,6,6,S1|S2,,,UGRD,In Person,https://programsandcourses.anu.edu.au/2016/course/MATH4201
MATH4201,2017,Topics in Computational Maths Honours,6,6,S1|S2,,MATH6201,UGRD,In Person,https://programsandcourses.anu.edu.au/2017/course/MATH4201
MATH4201,2018,Topics in Computational Maths Honours,6,6,S1,,MATH6201,UGRD,In Person,https://programsandcourses.anu.edu.au/2018/course/MATH4201
MATH4201,2019,Topics in Computational Maths Honours,6,6,UNKNOWN,,MATH6201,UGRD,In Person,https://programsandcourses.anu.edu.au/2019/course/MATH4201
MATH4201,2020,Topics in Computational Maths Honours,6,6,S1,,MATH6201,UGRD,In Person,https://programsandcourses.anu.edu.au/2020/course/MATH4201
MATH4201,2021,Topics in Computational Maths Honours,6,6,S1,,MATH6201,UGRD,In Person,https://programsandcourses.anu.edu.au/2021/course/MATH4201
MATH4201,2022,Topics in Computational Maths Honours,6,6,S1,,MATH6201,UGRD,In Person,https://programsandcourses.anu.edu.au/2022/course/MATH4201
MATH4201,2023,Topics in Computational Maths Honours,6,6,S1,,MATH6201|MATH8201,UGRD,In Person,https://programsandcourses.anu.edu.au/2023/course/MATH4201
MATH4201,2024,Topics in Computational Maths Honours,6,6,S1,,MATH6201|MATH8201,UGRD,In Person,https://programsandcourses.anu.edu.au/2024/course/MATH4201
MATH4201,2025,Topics in Computational Maths Honours,6,6,S1,,MATH6201|MATH8201,UGRD,In Person,https://programsandcourses.anu.edu.au/2025/course/MATH4201
MATH4201,2026,Topics in Computational Maths Honours,6,6,S1,,MATH6201|MATH8201,UGRD,In Person,https://programsandcourses.anu.edu.au/2026/course/MATH4201
MATH4201,2027,Topics in Computational Maths Honours,6,6,S1,,MATH6201|MATH8201,UGRD,In Person,https://programsandcourses.anu.edu.au/2027/course/MATH4201
MATH4202,2014,Theory of Partial Differential Equations Honours,6,6,S2,MATH3320,,UGRD,In Person,https://programsandcourses.anu.edu.au/2014/course/MATH4202
MATH4202,2015,Theory of Partial Differential Equations Honours,6,6,S2,MATH3320,,UGRD,In Person,https://programsandcourses.anu.edu.au/2015/course/MATH4202
MATH4202,2016,Theory of Partial Differential Equations Honours,6,6,S2,MATH3320,,UGRD,In Person,https://programsandcourses.anu.edu.au/2016/course/MATH4202
MATH4202,2017,Theory of Partial Differential Equations Honours,6,6,S2,MATH3320,MATH6202,UGRD,In Person,https://programsandcourses.anu.edu.au/2017/course/MATH4202
MATH4202,2018,Theory of Partial Differential Equations Honours,6,6,S2,MATH3320,MATH6202,UGRD,In Person,https://programsandcourses.anu.edu.au/2018/course/MATH4202
MATH4202,2019,Theory of Partial Differential Equations Honours,6,6,S2,MATH3320,MATH6202,UGRD,In Person,https://programsandcourses.anu.edu.au/2019/course/MATH4202
MATH4202,2020,Theory of Partial Differential Equations Honours,6,6,S2,MATH3320,MATH6202,UGRD,In Person,https://programsandcourses.anu.edu.au/2020/course/MATH4202
MATH4202,2021,Theory of Partial Differential Equations Honours,6,6,S2,MATH3320,MATH6202,UGRD,In Person,https://programsandcourses.anu.edu.au/2021/course/MATH4202
MATH4202,2022,Theory of Partial Differential Equations Honours,6,6,S2,MATH3320,MATH6202,UGRD,In Person,https://programsandcourses.anu.edu.au/2022/course/MATH4202
MATH4202,2023,Theory of Partial Differential Equations Honours,6,6,S2,MATH3320,MATH6202|MATH8202,UGRD,In Person,https://programsandcourses.anu.edu.au/2023/course/MATH4202
MATH4202,2024,Theory of Partial Differential Equations Honours,6,6,S2,MATH3320,MATH6202|MATH8202,UGRD,In Person,https://programsandcourses.anu.edu.au/2024/course/MATH4202
MATH4202,2026,Theory of Partial Differential Equations Honours,6,6,S2,MATH3320,MATH6202|MATH8202,UGRD,In Person,https://programsandcourses.anu.edu.au/2026/course/MATH4202
MATH4202,2027,Theory of Partial Differential Equations Honours,6,6,S2,MATH3320,MATH6202|MATH8202,UGRD,In Person,https://programsandcourses.anu.edu.au/2027/course/MATH4202
MATH4204,2014,Algebraic Topology Honours,6,6,S2,MATH2322|MATH3104|MATH3345|MATH3320|MATH3342,,UGRD,In Person,https://programsandcourses.anu.edu.au/2014/course/MATH4204
MATH4204,2015,Algebraic Topology Honours,6,6,S2,MATH2322|MATH3104|MATH3345|MATH3320|MATH3342,,UGRD,In Person,https://programsandcourses.anu.edu.au/2015/course/MATH4204
MATH4204,2016,Algebraic Topology Honours,6,6,S2,MATH2322|MATH3104|MATH3345|MATH3320|MATH3342,,UGRD,In Person,https://programsandcourses.anu.edu.au/2016/course/MATH4204
MATH4204,2017,Algebraic Topology Honours,6,6,S2,MATH2322|MATH3104|MATH3345|MATH3320|MATH3342,MATH6204,UGRD,In Person,https://programsandcourses.anu.edu.au/2017/course/MATH4204
MATH4204,2018,Algebraic Topology Honours,6,6,S2,MATH2322|MATH3104|MATH3345|MATH3320|MATH3342,MATH6204,UGRD,In Person,https://programsandcourses.anu.edu.au/2018/course/MATH4204
MATH4204,2019,Algebraic Topology Honours,6,6,S2,MATH2322|MATH3104|MATH3345|MATH3320|MATH3342,MATH6204,UGRD,In Person,https://programsandcourses.anu.edu.au/2019/course/MATH4204
MATH4204,2020,Algebraic Topology Honours,6,6,S2,MATH2322|MATH3104|MATH3345|MATH3320|MATH3342,MATH6204,UGRD,In Person,https://programsandcourses.anu.edu.au/2020/course/MATH4204
MATH4204,2021,Algebraic Topology Honours,6,6,S2,MATH2322|MATH3104|MATH3345|MATH3320|MATH3342,MATH6204,UGRD,In Person,https://programsandcourses.anu.edu.au/2021/course/MATH4204
MATH4204,2022,Algebraic Topology Honours,6,6,S2,MATH2322|MATH3104|MATH3345|MATH3320|MATH3342,MATH6204,UGRD,In Person,https://programsandcourses.anu.edu.au/2022/course/MATH4204
MATH4204,2023,Algebraic Topology Honours,6,6,S2,MATH2322|MATH3104|MATH3345|MATH3320|MATH3342,MATH6204|MATH8204,UGRD,In Person,https://programsandcourses.anu.edu.au/2023/course/MATH4204
MATH4204,2024,Algebraic Topology Honours,6,6,S2,MATH2322|MATH3104|MATH3345|MATH3320|MATH3342,MATH6204|MATH8204,UGRD,In Person,https://programsandcourses.anu.edu.au/2024/course/MATH4204
MATH4204,2025,Algebraic Topology Honours,6,6,S2,MATH2322|MATH3104|MATH3345|MATH3320|MATH3342,MATH6204|MATH8204,UGRD,In Person,https://programsandcourses.anu.edu.au/2025/course/MATH4204
MATH4204,2026,Algebraic Topology Honours,6,6,S2,MATH2322|MATH3104|MATH3345|MATH3320|MATH3342,MATH6204|MATH8204,UGRD,In Person,https://programsandcourses.anu.edu.au/2026/course/MATH4204
MATH4204,2027,Algebraic Topology Honours,6,6,S2,MATH2322|MATH3104|MATH3345|MATH3320|MATH3342,MATH6204|MATH8204,UGRD,In Person,https://programsandcourses.anu.edu.au/2027/course/MATH4204
MATH4343,2023,Foundations of Mathematics,6,6,S1,,MATH3343|MATH6203|MATH8343,UGRD,In Person,https://programsandcourses.anu.edu.au/2023/course/MATH4343
MATH4343,2024,Foundations of Mathematics,6,6,S1,,MATH3343|MATH6203|MATH8343,UGRD,In Person,https://programsandcourses.anu.edu.au/2024/course/MATH4343
MATH4343,2025,Foundations of Mathematics,6,6,S1,,MATH3343|MATH6203|MATH8343,UGRD,In Person,https://programsandcourses.anu.edu.au/2025/course/MATH4343
MATH4343,2026,Foundations of Mathematics,6,6,S1,,MATH3343|MATH6203|MATH8343,UGRD,In Person,https://programsandcourses.anu.edu.au/2026/course/MATH4343
MATH4343,2027,Foundations of Mathematics,6,6,S1,,MATH3343|MATH6203|MATH8343,UGRD,In Person,https://programsandcourses.anu.edu.au/2027/course/MATH4343
MATH4349,2015,Special Topics in Mathematics,6,6,S1|S2|SUMMER|WINTER|AUTUMN|SPRING,,,UGRD,In Person,https://programsandcourses.anu.edu.au/2015/course/MATH4349
MATH4349,2016,Special Topics in Mathematics,6,6,S1|S2|SUMMER|WINTER|AUTUMN|SPRING,,,UGRD,In Person,https://programsandcourses.anu.edu.au/2016/course/MATH4349
MATH4349,2017,Special Topics in Mathematics,6,6,S1|S2|SUMMER|WINTER|AUTUMN|SPRING,,,UGRD,In Person,https://programsandcourses.anu.edu.au/2017/course/MATH4349
MATH4349,2018,Special Topics in Mathematics,6,6,S1|S2|SUMMER|WINTER|AUTUMN|SPRING,,,UGRD,In Person,https://programsandcourses.anu.edu.au/2018/course/MATH4349
MATH4349,2019,Special Topics in Mathematics,6,6,S1|S2|SUMMER|AUTUMN,,,UGRD,In Person,https://programsandcourses.anu.edu.au/2019/course/MATH4349
MATH4349,2020,Special Topics in Mathematics,6,6,S1|S2|SUMMER|AUTUMN,,,UGRD,In Person,https://programsandcourses.anu.edu.au/2020/course/MATH4349
MATH4349,2021,Special Topics in Mathematics,6,6,S1|S2|SUMMER|AUTUMN,,,UGRD,In Person,https://programsandcourses.anu.edu.au/2021/course/MATH4349
MATH4349,2022,Special Topics in Mathematics,6,6,S1|S2|SUMMER|AUTUMN,,,UGRD,In Person,https://programsandcourses.anu.edu.au/2022/course/MATH4349
MATH4349,2023,Special Topics in Mathematics,6,6,S1|S2|SUMMER|AUTUMN,,,UGRD,In Person,https://programsandcourses.anu.edu.au/2023/course/MATH4349
MATH4349,2024,Special Topics in Mathematics,6,6,S1|S2,,,UGRD,In Person,https://programsandcourses.anu.edu.au/2024/course/MATH4349
MATH4349,2025,Special Topics in Mathematics,6,6,S1|S2,,,UGRD,In Person,https://programsandcourses.anu.edu.au/2025/course/MATH4349
MATH4349,2026,Special Topics in Mathematics,6,6,S1|S2,,,UGRD,In Person,https://programsandcourses.anu.edu.au/2026/course/MATH4349
MATH4349,2027,Special Topics in Mathematics,6,6,S1|S2,,,UGRD,In Person,https://programsandcourses.anu.edu.au/2027/course/MATH4349
SCNC2201,2021,Optimism and Agency in Times of Change,6,6,S2,,,UGRD,Online or In Person,https://programsandcourses.anu.edu.au/2021/course/SCNC2201
SCNC2201,2022,Optimism and Agency in Times of Change,6,6,S2,,,UGRD,Online or In Person,https://programsandcourses.anu.edu.au/2022/course/SCNC2201
SCNC2201,2023,Optimism and Agency in Times of Change,6,6,S2,,,UGRD,Online or In Person,https://programsandcourses.anu.edu.au/2023/course/SCNC2201
SCNC2201,2024,Optimism and Agency in Times of Change,6,6,S2,,,UGRD,In Person,https://programsandcourses.anu.edu.au/2024/course/SCNC2201
SCNC2201,2025,Optimism and Agency in Times of Change,6,6,UNKNOWN,,,UGRD,In Person,https://programsandcourses.anu.edu.au/2025/course/SCNC2201
SCNC2201,2026,Optimism and Agency in Times of Change,6,6,S2,,,UGRD,In Person,https://programsandcourses.anu.edu.au/2026/course/SCNC2201
SCNC2201,2027,Optimism and Agency in Times of Change,6,6,S2,,,UGRD,In Person,https://programsandcourses.anu.edu.au/2027/course/SCNC2201
SCOM1001,2014,Science Communication 1: Science and Public Awareness,6,6,S1,,,UGRD,In Person,https://programsandcourses.anu.edu.au/2014/course/SCOM1001
SCOM1001,2015,Science Communication 1: Science and Public Awareness,6,6,S1,,,UGRD,In Person,https://programsandcourses.anu.edu.au/2015/course/SCOM1001
SCOM1001,2016,Science Communication 1: Science and Public Awareness,6,6,S1,,,UGRD,In Person,https://programsandcourses.anu.edu.au/2016/course/SCOM1001
SCOM1001,2017,Science Communication 1: Science and Public Awareness,6,6,S1,,,UGRD,In Person,https://programsandcourses.anu.edu.au/2017/course/SCOM1001
SCOM1001,2018,Science Communication 1: Science and Public Awareness,6,6,S1,,,UGRD,In Person,https://programsandcourses.anu.edu.au/2018/course/SCOM1001
SCOM1001,2019,Science Communication 1: Science and Public Awareness,6,6,S1,,,UGRD,In Person,https://programsandcourses.anu.edu.au/2019/course/SCOM1001
SCOM1001,2020,Science Communication 1: Science and Public Awareness,6,6,S1,,,UGRD,In Person,https://programsandcourses.anu.edu.au/2020/course/SCOM1001
SCOM1001,2021,Science Communication 1: Science and Public Awareness,6,6,S1,,,UGRD,In Person,https://programsandcourses.anu.edu.au/2021/course/SCOM1001
SCOM1001,2022,Science Communication 1: Science and Public Awareness,6,6,S1,,,UGRD,In Person,https://programsandcourses.anu.edu.au/2022/course/SCOM1001
SCOM1001,2023,Science Communication 1: Science and Public Awareness,6,6,S1,,,UGRD,In Person,https://programsandcourses.anu.edu.au/2023/course/SCOM1001
SCOM1001,2024,Science Communication 1: Science and Public Awareness,6,6,S1,,,UGRD,In Person,https://programsandcourses.anu.edu.au/2024/course/SCOM1001
SCOM1001,2025,Science Communication 1: Introduction to Science Communication,6,6,S1,,,UGRD,In Person,https://programsandcourses.anu.edu.au/2025/course/SCOM1001
SCOM1001,2026,Science Communication 1: Introduction to Science Communication,6,6,S1,,,UGRD,In Person,https://programsandcourses.anu.edu.au/2026/course/SCOM1001
SCOM1001,2027,Science Communication 1: Introduction to Science Communication,6,6,S1,,,UGRD,In Person,https://programsandcourses.anu.edu.au/2027/course/SCOM1001
SCOM1002,2014,Science Communication 2: Scientific Evidence and Social Change,6,6,UNKNOWN,,,UGRD,In Person,https://programsandcourses.anu.edu.au/2014/course/SCOM1002
SCOM1002,2015,Science Communication 2: Scientific Evidence and Social Change,6,6,S2,,,UGRD,In Person,https://programsandcourses.anu.edu.au/2015/course/SCOM1002
SCOM1002,2016,Science Communication 2: Scientific Evidence and Social Change,6,6,S2,,,UGRD,In Person,https://programsandcourses.anu.edu.au/2016/course/SCOM1002
SCOM1002,2017,Science Communication 2: Scientific Evidence and Social Change,6,6,S2,,,UGRD,In Person,https://programsandcourses.anu.edu.au/2017/course/SCOM1002
SCOM1002,2018,Science Communication 2: Scientific Evidence and Social Change,6,6,S2,,,UGRD,In Person,https://programsandcourses.anu.edu.au/2018/course/SCOM1002
SCOM1002,2019,Science Communication 2: Scientific Evidence and Social Change,6,6,S2,,,UGRD,In Person,https://programsandcourses.anu.edu.au/2019/course/SCOM1002
SCOM1002,2020,Science Communication 2: Scientific Evidence and Social Change,6,6,S2,,,UGRD,In Person,https://programsandcourses.anu.edu.au/2020/course/SCOM1002
SCOM1002,2021,Science Communication 2: Scientific Evidence and Social Change,6,6,S2,,,UGRD,In Person,https://programsandcourses.anu.edu.au/2021/course/SCOM1002
SCOM1002,2022,Science Communication 2: Scientific Evidence and Social Change,6,6,S2,,,UGRD,In Person,https://programsandcourses.anu.edu.au/2022/course/SCOM1002
SCOM1002,2023,Science Communication 2: Scientific Evidence and Social Change,6,6,S2,,,UGRD,In Person,https://programsandcourses.anu.edu.au/2023/course/SCOM1002
SCOM1002,2024,Science Communication 2: Scientific Evidence and Social Change,6,6,S2,,,UGRD,In Person,https://programsandcourses.anu.edu.au/2024/course/SCOM1002
SCOM1002,2025,Science Communication 2: Evidence and Social Change,6,6,S2,,,UGRD,In Person,https://programsandcourses.anu.edu.au/2025/course/SCOM1002
SCOM1002,2026,Science Communication 2: Evidence and Social Change,6,6,S2,,,UGRD,In Person,https://programsandcourses.anu.edu.au/2026/course/SCOM1002
SCOM1002,2027,Science Communication 2: Evidence and Social Change,6,6,S2,,,UGRD,In Person,https://programsandcourses.anu.edu.au/2027/course/SCOM1002
SCOM2003,2014,Science in Popular Fiction,6,6,S2,,,UGRD,In Person,https://programsandcourses.anu.edu.au/2014/course/SCOM2003
SCOM2003,2015,Science in Popular Fiction,6,6,S2,SCOM6003,,UGRD,In Person,https://programsandcourses.anu.edu.au/2015/course/SCOM2003
SCOM2003,2016,Science in Popular Fiction,6,6,S2,,,UGRD,In Person,https://programsandcourses.anu.edu.au/2016/course/SCOM2003
SCOM2003,2017,Science in Popular Fiction,6,6,WINTER,,SCOM6003,UGRD,In Person,https://programsandcourses.anu.edu.au/2017/course/SCOM2003
SCOM2003,2018,Science in Popular Fiction,6,6,AUTUMN,,SCOM6003,UGRD,In Person,https://programsandcourses.anu.edu.au/2018/course/SCOM2003
SCOM2003,2019,Science in Popular Fiction,6,6,WINTER,,SCOM6003,UGRD,In Person,https://programsandcourses.anu.edu.au/2019/course/SCOM2003
SCOM2003,2020,Science in Popular Fiction,6,6,WINTER,,SCOM6003,UGRD,In Person,https://programsandcourses.anu.edu.au/2020/course/SCOM2003
SCOM2003,2021,Science in Popular Fiction,6,6,SUMMER,,SCOM6003,UGRD,Online or In Person,https://programsandcourses.anu.edu.au/2021/course/SCOM2003
SCOM2003,2022,Science in Popular Fiction,6,6,SUMMER,,SCOM6003,UGRD,Online or In Person,https://programsandcourses.anu.edu.au/2022/course/SCOM2003
SCOM2003,2023,Science in Popular Fiction,6,6,SUMMER,,SCOM6003,UGRD,Online or In Person,https://programsandcourses.anu.edu.au/2023/course/SCOM2003
SCOM2003,2024,Science in Popular Fiction,6,6,SUMMER,,SCOM6003,UGRD,In Person,https://programsandcourses.anu.edu.au/2024/course/SCOM2003
SCOM2003,2025,Science in Film and Fiction,6,6,SUMMER,,SCOM6003,UGRD,In Person,https://programsandcourses.anu.edu.au/2025/course/SCOM2003
SCOM2003,2026,Science in Film and Fiction,6,6,SUMMER,,SCOM6003,UGRD,In Person,https://programsandcourses.anu.edu.au/2026/course/SCOM2003
SCOM2003,2027,Science in Film and Fiction,6,6,SUMMER,,SCOM6003,UGRD,In Person,https://programsandcourses.anu.edu.au/2027/course/SCOM2003
SCOM2006,2021,Science and Humour,6,6,WINTER,,SCOM6006,UGRD,Online,https://programsandcourses.anu.edu.au/2021/course/SCOM2006
SCOM2006,2022,Science and Humour,6,6,WINTER,,SCOM6006,UGRD,Online,https://programsandcourses.anu.edu.au/2022/course/SCOM2006
SCOM2006,2023,Science and Humour,6,6,WINTER,,SCOM6006,UGRD,Online,https://programsandcourses.anu.edu.au/2023/course/SCOM2006
SCOM2006,2024,Science and Humour,6,6,WINTER,,SCOM6006,UGRD,Online,https://programsandcourses.anu.edu.au/2024/course/SCOM2006
SCOM2006,2025,"Science, Humour and Popular Culture",6,6,WINTER,,SCOM6006,UGRD,Online,https://programsandcourses.anu.edu.au/2025/course/SCOM2006
SCOM2006,2026,"Science, Humour and Popular Culture",6,6,WINTER,,SCOM6006,UGRD,Online,https://programsandcourses.anu.edu.au/2026/course/SCOM2006
SCOM2006,2027,"Science, Humour and Popular Culture",6,6,WINTER,,SCOM6006,UGRD,Online,https://programsandcourses.anu.edu.au/2027/course/SCOM2006
SCOM2015,2017,Speaking of Science,6,6,S1,,SCOM2001|SCOM6015,UGRD,In Person,https://programsandcourses.anu.edu.au/2017/course/SCOM2015
SCOM2015,2018,Speaking of Science,6,6,UNKNOWN,,SCOM2001|SCOM6015,UGRD,In Person,https://programsandcourses.anu.edu.au/2018/course/SCOM2015
SCOM2015,2019,Speaking of Science,6,6,S2,,SCOM2001|SCOM6015,UGRD,In Person,https://programsandcourses.anu.edu.au/2019/course/SCOM2015
SCOM2015,2020,Speaking of Science,6,6,S2,,SCOM2001|SCOM6015,UGRD,In Person,https://programsandcourses.anu.edu.au/2020/course/SCOM2015
SCOM2015,2021,Speaking of Science,6,6,S2,,SCOM2001|SCOM6015,UGRD,In Person,https://programsandcourses.anu.edu.au/2021/course/SCOM2015
SCOM2015,2022,Speaking of Science,6,6,S2,,SCOM2001|SCOM6015,UGRD,In Person,https://programsandcourses.anu.edu.au/2022/course/SCOM2015
SCOM2015,2023,Speaking of Science,6,6,S2,,SCOM2001|SCOM6015,UGRD,In Person,https://programsandcourses.anu.edu.au/2023/course/SCOM2015
SCOM2015,2024,Speaking of Science,6,6,S2,,SCOM2001|SCOM6015,UGRD,In Person,https://programsandcourses.anu.edu.au/2024/course/SCOM2015
SCOM2015,2025,Public Speaking About Science,6,6,S2,,SCOM2001|SCOM6015,UGRD,In Person,https://programsandcourses.anu.edu.au/2025/course/SCOM2015
SCOM2015,2026,Public Speaking About Science,6,6,S2,,SCOM2001|SCOM6015,UGRD,In Person,https://programsandcourses.anu.edu.au/2026/course/SCOM2015
SCOM2015,2027,Public Speaking About Science,6,6,S2,,SCOM2001|SCOM6015,UGRD,In Person,https://programsandcourses.anu.edu.au/2027/course/SCOM2015
SCOM2016,2017,Science in the Media,6,6,UNKNOWN,SCOM1001,SCOM3002|SCOM6016,UGRD,In Person,https://programsandcourses.anu.edu.au/2017/course/SCOM2016
SCOM2016,2018,Science in the Media,6,6,S1,SCOM1001,SCOM3002|SCOM6016,UGRD,In Person,https://programsandcourses.anu.edu.au/2018/course/SCOM2016
SCOM2016,2019,Science in the Media,6,6,S1,SCOM1001,SCOM3002|SCOM6016,UGRD,In Person,https://programsandcourses.anu.edu.au/2019/course/SCOM2016
SCOM2016,2020,Science in the Media,6,6,S1,SCOM1001,SCOM3002|SCOM6016,UGRD,In Person,https://programsandcourses.anu.edu.au/2020/course/SCOM2016
SCOM2016,2021,Science in the Media,6,6,S1,SCOM1001,SCOM3002|SCOM6016,UGRD,In Person,https://programsandcourses.anu.edu.au/2021/course/SCOM2016
SCOM2016,2022,Science in the Media,6,6,UNKNOWN,,SCOM3002|SCOM6016,UGRD,In Person,https://programsandcourses.anu.edu.au/2022/course/SCOM2016
SCOM2016,2023,Science in the Media,6,6,S1,,SCOM3002|SCOM6016,UGRD,In Person,https://programsandcourses.anu.edu.au/2023/course/SCOM2016
SCOM2016,2024,Science in the Media,6,6,S1,,SCOM3002|SCOM6016,UGRD,In Person,https://programsandcourses.anu.edu.au/2024/course/SCOM2016
SCOM2016,2025,"Science, Journalism and Society",6,6,AUTUMN,,SCOM3002|SCOM6016,UGRD,In Person,https://programsandcourses.anu.edu.au/2025/course/SCOM2016
SCOM2016,2026,"Science, Journalism and Society",6,6,WINTER,,SCOM3002|SCOM6016,UGRD,In Person,https://programsandcourses.anu.edu.au/2026/course/SCOM2016
SCOM2016,2027,"Science, Journalism and Society",6,6,UNKNOWN,,SCOM3002|SCOM6016,UGRD,In Person,https://programsandcourses.anu.edu.au/2027/course/SCOM2016
SCOM2031,2017,"Science, Risk and Ethics",6,6,S1,,SCOM3001|SCOM6031,UGRD,In Person,https://programsandcourses.anu.edu.au/2017/course/SCOM2031
SCOM2031,2018,"Science, Risk and Ethics",6,6,S1,,SCOM3001|SCOM6031,UGRD,In Person,https://programsandcourses.anu.edu.au/2018/course/SCOM2031
SCOM2031,2019,"Science, Risk and Ethics",6,6,S1,,SCOM3001|SCOM6031,UGRD,In Person,https://programsandcourses.anu.edu.au/2019/course/SCOM2031
SCOM2031,2020,"Science, Risk and Ethics",6,6,S1,,SCOM3001|SCOM6031,UGRD,In Person,https://programsandcourses.anu.edu.au/2020/course/SCOM2031
SCOM2031,2021,"Science, Risk and Ethics",6,6,S1,,SCOM3001|SCOM6031,UGRD,In Person,https://programsandcourses.anu.edu.au/2021/course/SCOM2031
SCOM2031,2022,"Science, Risk and Ethics",6,6,S1,,SCOM3001|SCOM6031,UGRD,In Person,https://programsandcourses.anu.edu.au/2022/course/SCOM2031
SCOM2031,2023,"Science, Risk and Ethics",6,6,UNKNOWN,,SCOM3001|SCOM6031,UGRD,In Person,https://programsandcourses.anu.edu.au/2023/course/SCOM2031
SCOM2031,2024,"Science, Risk and Ethics",6,6,UNKNOWN,,SCOM3001|SCOM6031,UGRD,In Person,https://programsandcourses.anu.edu.au/2024/course/SCOM2031
SCOM2031,2025,"Misinformation, Disinformation, and Risk",6,6,S1,,SCOM3001|SCOM6031,UGRD,In Person,https://programsandcourses.anu.edu.au/2025/course/SCOM2031
SCOM2031,2026,"Science, Risk, and Misinformation",6,6,S1,,SCOM3001|SCOM6031,UGRD,In Person,https://programsandcourses.anu.edu.au/2026/course/SCOM2031
SCOM2031,2027,"Science, Risk, and Misinformation",6,6,S1,,SCOM3001|SCOM6031,UGRD,In Person,https://programsandcourses.anu.edu.au/2027/course/SCOM2031
SCOM3003,2014,Special Topics in Science Communication,6,12,S1|S2|SUMMER|WINTER|AUTUMN|SPRING,,,UGRD,In Person,https://programsandcourses.anu.edu.au/2014/course/SCOM3003
SCOM3003,2015,Science Communication Research Project,6,12,S1|S2|SUMMER|WINTER|AUTUMN|SPRING,,,UGRD,In Person,https://programsandcourses.anu.edu.au/2015/course/SCOM3003
SCOM3003,2016,Science Communication Research Project,6,12,S1|S2|SUMMER|WINTER|AUTUMN|SPRING,,,UGRD,In Person,https://programsandcourses.anu.edu.au/2016/course/SCOM3003
SCOM3003,2017,Science Communication Research Project,6,12,S1|S2,,,UGRD,In Person,https://programsandcourses.anu.edu.au/2017/course/SCOM3003
SCOM3003,2018,Science Communication Research Project,6,12,S1|S2,,,UGRD,In Person,https://programsandcourses.anu.edu.au/2018/course/SCOM3003
SCOM3003,2019,Science Communication Research Project,6,12,S1|S2|SUMMER|WINTER|AUTUMN|SPRING,,,UGRD,In Person,https://programsandcourses.anu.edu.au/2019/course/SCOM3003
SCOM3003,2020,Science Communication Research Project,6,12,S1|S2|SUMMER,,,UGRD,In Person,https://programsandcourses.anu.edu.au/2020/course/SCOM3003
SCOM3003,2021,Science Communication Research Project,6,12,S1|S2,,,UGRD,In Person,https://programsandcourses.anu.edu.au/2021/course/SCOM3003
SCOM3003,2022,Science Communication Research Project,6,12,S1|S2,,,UGRD,Online or In Person,https://programsandcourses.anu.edu.au/2022/course/SCOM3003
SCOM3003,2023,Science Communication Research Project,6,12,S1|S2,,,UGRD,Online or In Person,https://programsandcourses.anu.edu.au/2023/course/SCOM3003
SCOM3003,2024,Science Communication Research Project,6,12,S1|S2,,,UGRD,Online or In Person,https://programsandcourses.anu.edu.au/2024/course/SCOM3003
SCOM3003,2025,Science Communication Research Project,6,12,S1|S2,,,UGRD,Online or In Person,https://programsandcourses.anu.edu.au/2025/course/SCOM3003
SCOM3003,2026,Science Communication Research Project,6,12,S1|S2,,,UGRD,Online or In Person,https://programsandcourses.anu.edu.au/2026/course/SCOM3003
SCOM3003,2027,Science Communication Research Project,6,12,S1|S2,,,UGRD,Online or In Person,https://programsandcourses.anu.edu.au/2027/course/SCOM3003
SCOM3004,2015,Science Communication Internship,6,6,S1|S2|SUMMER|WINTER|AUTUMN|SPRING,SCOM6004,,UGRD,In Person,https://programsandcourses.anu.edu.au/2015/course/SCOM3004
SCOM3004,2016,Science Communication Internship,6,6,S1|S2|SUMMER|WINTER|AUTUMN|SPRING,,,UGRD,In Person,https://programsandcourses.anu.edu.au/2016/course/SCOM3004
SCOM3004,2017,Science Communication Internship,6,6,S1|S2|SUMMER|WINTER|AUTUMN|SPRING,SCOM6004,,UGRD,In Person,https://programsandcourses.anu.edu.au/2017/course/SCOM3004
SCOM3004,2018,Science Communication Internship,6,6,S1|S2|SUMMER|WINTER|AUTUMN|SPRING,SCOM6004,,UGRD,In Person,https://programsandcourses.anu.edu.au/2018/course/SCOM3004
SCOM3004,2019,Science Communication Internship,6,6,S1|S2|SUMMER|WINTER|AUTUMN|SPRING,SCOM6004,,UGRD,In Person,https://programsandcourses.anu.edu.au/2019/course/SCOM3004
SCOM3004,2020,Science Communication Internship,6,6,S1|S2|SUMMER|WINTER|AUTUMN|SPRING,SCOM6004,,UGRD,In Person,https://programsandcourses.anu.edu.au/2020/course/SCOM3004
SCOM3004,2021,Science Communication Internship,6,6,S1|S2|SUMMER|WINTER|AUTUMN|SPRING,SCOM6004,,UGRD,In Person,https://programsandcourses.anu.edu.au/2021/course/SCOM3004
SCOM3004,2022,Science Communication Internship,6,6,S1|S2|SUMMER|WINTER|AUTUMN|SPRING,SCOM6004,,UGRD,Online or In Person,https://programsandcourses.anu.edu.au/2022/course/SCOM3004
SCOM3004,2023,Science Communication Internship,6,6,S1|S2|SUMMER|WINTER|AUTUMN|SPRING,SCOM6004,,UGRD,Online or In Person,https://programsandcourses.anu.edu.au/2023/course/SCOM3004
SCOM3004,2024,Science Communication Internship,6,6,S1|S2|SUMMER|WINTER|AUTUMN|SPRING,SCOM6004,,UGRD,Online or In Person,https://programsandcourses.anu.edu.au/2024/course/SCOM3004
SCOM3004,2025,Science Communication Internship,6,6,S1|S2|SUMMER|WINTER|AUTUMN|SPRING,SCOM6004,,UGRD,Online or In Person,https://programsandcourses.anu.edu.au/2025/course/SCOM3004
SCOM3004,2026,Science Communication Internship,6,6,S1|S2|SUMMER|WINTER|AUTUMN|SPRING,SCOM6004,,UGRD,Online or In Person,https://programsandcourses.anu.edu.au/2026/course/SCOM3004
SCOM3004,2027,Science Communication Internship,6,6,S1|S2|SUMMER|WINTER|AUTUMN|SPRING,SCOM6004,,UGRD,Online or In Person,https://programsandcourses.anu.edu.au/2027/course/SCOM3004
SCOM3005,2019,Special Topics in Science Communication,6,6,S1|S2|SUMMER|WINTER|AUTUMN|SPRING,,,UGRD,Online or In Person,https://programsandcourses.anu.edu.au/2019/course/SCOM3005
SCOM3005,2020,Special Topics in Science Communication,6,6,S1|S2|SUMMER|WINTER|AUTUMN|SPRING,,,UGRD,Online or In Person,https://programsandcourses.anu.edu.au/2020/course/SCOM3005
SCOM3005,2021,Special Topics in Science Communication,6,6,S1|S2|SUMMER|WINTER|AUTUMN|SPRING,,,UGRD,Online or In Person,https://programsandcourses.anu.edu.au/2021/course/SCOM3005
SCOM3005,2022,Special Topics in Science Communication,6,6,S1|S2|SUMMER|WINTER|AUTUMN|SPRING,,,UGRD,Online or In Person,https://programsandcourses.anu.edu.au/2022/course/SCOM3005
SCOM3005,2023,Special Topics in Science Communication,6,6,S1|S2|SUMMER|WINTER|AUTUMN|SPRING,,,UGRD,Online or In Person,https://programsandcourses.anu.edu.au/2023/course/SCOM3005
SCOM3005,2024,Special Topics in Science Communication,6,6,S1|S2|SUMMER|WINTER|AUTUMN|SPRING,,,UGRD,Online or In Person,https://programsandcourses.anu.edu.au/2024/course/SCOM3005
SCOM3005,2025,Special Topics in Science Communication,6,6,S1|S2|SUMMER|WINTER|AUTUMN|SPRING,,,UGRD,Online or In Person,https://programsandcourses.anu.edu.au/2025/course/SCOM3005
SCOM3005,2026,Special Topics in Science Communication,6,6,S1|S2|SUMMER|WINTER|AUTUMN|SPRING,,,UGRD,Online or In Person,https://programsandcourses.anu.edu.au/2026/course/SCOM3005
SCOM3005,2027,Special Topics in Science Communication,6,6,S1|S2|SUMMER|WINTER|AUTUMN|SPRING,,,UGRD,Online or In Person,https://programsandcourses.anu.edu.au/2027/course/SCOM3005
SCOM3007,2019,Science Communication Project Design and Delivery,6,6,WINTER,,SCOM8007|SCOM6007,UGRD,In Person,https://programsandcourses.anu.edu.au/2019/course/SCOM3007
SCOM3007,2020,Science Communication Project Design and Delivery,6,6,WINTER,,SCOM8007|SCOM6007,UGRD,In Person,https://programsandcourses.anu.edu.au/2020/course/SCOM3007
SCOM3007,2021,Science Communication Project Design and Delivery,6,6,WINTER,,SCOM8007|SCOM6007,UGRD,In Person,https://programsandcourses.anu.edu.au/2021/course/SCOM3007
SCOM3007,2022,Science Communication Project Design and Delivery,6,6,WINTER,,SCOM8007|SCOM6007,UGRD,In Person,https://programsandcourses.anu.edu.au/2022/course/SCOM3007
SCOM3007,2023,Science Communication Project Design and Delivery,6,6,WINTER,,SCOM8007|SCOM6007,UGRD,In Person,https://programsandcourses.anu.edu.au/2023/course/SCOM3007
SCOM3007,2024,Science Communication Project Design and Delivery,6,6,WINTER,,SCOM8007|SCOM6007,UGRD,In Person,https://programsandcourses.anu.edu.au/2024/course/SCOM3007
SCOM3007,2025,From Creativity to Impact: Science Communication Project Design,6,6,WINTER,,SCOM8007|SCOM6007,UGRD,In Person,https://programsandcourses.anu.edu.au/2025/course/SCOM3007
SCOM3007,2026,From Creativity to Impact: Science Communication Project Design,6,6,UNKNOWN,,SCOM8007|SCOM6007,UGRD,In Person,https://programsandcourses.anu.edu.au/2026/course/SCOM3007
SCOM3007,2027,From Creativity to Impact: Science Communication Project Design,6,6,UNKNOWN,,SCOM8007|SCOM6007,UGRD,In Person,https://programsandcourses.anu.edu.au/2027/course/SCOM3007
SCOM3012,2014,Science Communication and the Web,6,6,UNKNOWN,SCOM1001,,UGRD,In Person,https://programsandcourses.anu.edu.au/2014/course/SCOM3012
SCOM3012,2015,Science Communication and the Web,6,6,WINTER,SCOM6012,,UGRD,In Person,https://programsandcourses.anu.edu.au/2015/course/SCOM3012
SCOM3012,2016,Science Communication and the Web,6,6,WINTER,,,UGRD,In Person,https://programsandcourses.anu.edu.au/2016/course/SCOM3012
SCOM3012,2017,Science Communication and the Web,6,6,WINTER,,SCOM6012,UGRD,In Person,https://programsandcourses.anu.edu.au/2017/course/SCOM3012
SCOM3012,2018,Science Communication and the Web,6,6,WINTER,,SCOM6012,UGRD,In Person,https://programsandcourses.anu.edu.au/2018/course/SCOM3012
SCOM3012,2019,Science Communication and the Web,6,6,WINTER,,SCOM6012,UGRD,In Person,https://programsandcourses.anu.edu.au/2019/course/SCOM3012
SCOM3012,2020,Science Communication and the Web,6,6,WINTER,,SCOM6012,UGRD,In Person,https://programsandcourses.anu.edu.au/2020/course/SCOM3012
SCOM3012,2021,Science Communication and the Web,6,6,WINTER,,SCOM6012,UGRD,In Person,https://programsandcourses.anu.edu.au/2021/course/SCOM3012
SCOM3012,2022,Science Communication and the Web,6,6,WINTER,,SCOM6012,UGRD,In Person,https://programsandcourses.anu.edu.au/2022/course/SCOM3012
SCOM3012,2023,Science Communication and the Web,6,6,WINTER,,SCOM6012,UGRD,In Person,https://programsandcourses.anu.edu.au/2023/course/SCOM3012
SCOM3012,2024,Science Communication and the Web,6,6,UNKNOWN,,SCOM6012,UGRD,In Person,https://programsandcourses.anu.edu.au/2024/course/SCOM3012
SCOM3012,2025,Communicating Science Online,6,6,WINTER,,SCOM6012,UGRD,In Person,https://programsandcourses.anu.edu.au/2025/course/SCOM3012
SCOM3012,2026,Communicating Science Online,6,6,AUTUMN,,SCOM6012,UGRD,In Person,https://programsandcourses.anu.edu.au/2026/course/SCOM3012
SCOM3012,2027,Communicating Science Online,6,6,UNKNOWN,,SCOM6012,UGRD,In Person,https://programsandcourses.anu.edu.au/2027/course/SCOM3012
SCOM3027,2014,Science and Public Policy,6,6,S2,SCOM1001,,UGRD,Blended,https://programsandcourses.anu.edu.au/2014/course/SCOM3027
SCOM3027,2015,Science and Public Policy,6,6,S2,SCOM6027,,UGRD,Blended,https://programsandcourses.anu.edu.au/2015/course/SCOM3027
SCOM3027,2016,Science and Public Policy,6,6,S2,,,UGRD,Blended,https://programsandcourses.anu.edu.au/2016/course/SCOM3027
SCOM3027,2017,Science and Public Policy,6,6,S2,,SCOM6027,UGRD,Blended,https://programsandcourses.anu.edu.au/2017/course/SCOM3027
SCOM3027,2018,Science and Public Policy,6,6,S2,,SCOM6027,UGRD,Online or In Person,https://programsandcourses.anu.edu.au/2018/course/SCOM3027
SCOM3027,2019,Science Politics,6,6,S2,,SCOM6027,UGRD,Online or In Person,https://programsandcourses.anu.edu.au/2019/course/SCOM3027
SCOM3027,2020,Science Politics,6,6,S2,,SCOM6027,UGRD,Online or In Person,https://programsandcourses.anu.edu.au/2020/course/SCOM3027
SCOM3027,2021,Science Politics,6,6,S2,,SCOM6027,UGRD,Online or In Person,https://programsandcourses.anu.edu.au/2021/course/SCOM3027
SCOM3027,2022,Science Politics,6,6,UNKNOWN,,SCOM6027,UGRD,Online or In Person,https://programsandcourses.anu.edu.au/2022/course/SCOM3027
SCOM3027,2023,Science Politics,6,6,S1,,SCOM6027,UGRD,In Person,https://programsandcourses.anu.edu.au/2023/course/SCOM3027
SCOM3027,2024,Science Politics,6,6,S1,,SCOM6027,UGRD,In Person,https://programsandcourses.anu.edu.au/2024/course/SCOM3027
SCOM3027,2025,Science Politics,6,6,S1,,SCOM6027,UGRD,In Person,https://programsandcourses.anu.edu.au/2025/course/SCOM3027
SCOM3027,2026,Science Politics,6,6,S2,,SCOM6027,UGRD,In Person,https://programsandcourses.anu.edu.au/2026/course/SCOM3027
SCOM3027,2027,Science Politics,6,6,UNKNOWN,,SCOM6027,UGRD,In Person,https://programsandcourses.anu.edu.au/2027/course/SCOM3027
SCOM3029,2015,Cross Cultural Perspectives in Science Communication,6,6,S2,SCOM6029,,UGRD,In Person,https://programsandcourses.anu.edu.au/2015/course/SCOM3029
SCOM3029,2016,Cross Cultural Perspectives in Science Communication,6,6,S2,,,UGRD,In Person,https://programsandcourses.anu.edu.au/2016/course/SCOM3029
SCOM3029,2017,Cross Cultural Perspectives in Science Communication,6,6,S2,,SCOM6029,UGRD,In Person,https://programsandcourses.anu.edu.au/2017/course/SCOM3029
SCOM3029,2018,Cross Cultural Perspectives in Science Communication,6,6,S2,,SCOM6029,UGRD,In Person,https://programsandcourses.anu.edu.au/2018/course/SCOM3029
SCOM3029,2019,Cross Cultural Perspectives in Science Communication,6,6,UNKNOWN,,SCOM6029,UGRD,In Person,https://programsandcourses.anu.edu.au/2019/course/SCOM3029
SCOM3029,2020,Cross Cultural Perspectives in Science Communication,6,6,WINTER,,SCOM6029,UGRD,In Person,https://programsandcourses.anu.edu.au/2020/course/SCOM3029
SCOM3029,2021,Cross Cultural Perspectives in Science Communication,6,6,WINTER,,SCOM6029,UGRD,In Person,https://programsandcourses.anu.edu.au/2021/course/SCOM3029
SCOM3029,2022,Cross Cultural Perspectives in Science Communication,6,6,WINTER,,SCOM6029,UGRD,In Person,https://programsandcourses.anu.edu.au/2022/course/SCOM3029
SCOM3029,2023,Cross Cultural Perspectives in Science Communication,6,6,WINTER,,SCOM6029,UGRD,In Person,https://programsandcourses.anu.edu.au/2023/course/SCOM3029
SCOM3029,2024,Cross Cultural Perspectives in Science Communication,6,6,WINTER,,SCOM6029,UGRD,In Person,https://programsandcourses.anu.edu.au/2024/course/SCOM3029
SCOM3029,2025,Science Communication and Planetary Crises,6,6,WINTER,,SCOM6029,UGRD,In Person,https://programsandcourses.anu.edu.au/2025/course/SCOM3029
SCOM3029,2026,Science Communication and Planetary Crises,6,6,S2,,SCOM6029,UGRD,In Person,https://programsandcourses.anu.edu.au/2026/course/SCOM3029
SCOM3029,2027,Science Communication and Planetary Crises,6,6,UNKNOWN,,SCOM6029,UGRD,In Person,https://programsandcourses.anu.edu.au/2027/course/SCOM3029
SCOM3032,2017,Making Modern Science,6,6,S1,,SCOM6032,UGRD,Online,https://programsandcourses.anu.edu.au/2017/course/SCOM3032
SCOM3032,2018,Making Modern Science,6,6,SUMMER,,SCOM6032,UGRD,Online or In Person,https://programsandcourses.anu.edu.au/2018/course/SCOM3032
SCOM3032,2019,Making Modern Science,6,6,S1,,SCOM6032,UGRD,Online or In Person,https://programsandcourses.anu.edu.au/2019/course/SCOM3032
SCOM3032,2020,Making Modern Science,6,6,S1,,SCOM6032,UGRD,Online or In Person,https://programsandcourses.anu.edu.au/2020/course/SCOM3032
SCOM3032,2021,Making Modern Science,6,6,UNKNOWN,,SCOM6032,UGRD,Online or In Person,https://programsandcourses.anu.edu.au/2021/course/SCOM3032
SCOM3032,2022,Making Modern Science,6,6,UNKNOWN,,SCOM6032,UGRD,Online or In Person,https://programsandcourses.anu.edu.au/2022/course/SCOM3032
SCOM3032,2023,Making Modern Science,6,6,UNKNOWN,,SCOM6032,UGRD,Online or In Person,https://programsandcourses.anu.edu.au/2023/course/SCOM3032
SCOM3032,2024,Making Modern Science,6,6,S2,,SCOM6032,UGRD,In Person,https://programsandcourses.anu.edu.au/2024/course/SCOM3032
SCOM3032,2025,Making Modern Science,6,6,S2,,SCOM6032,UGRD,In Person,https://programsandcourses.anu.edu.au/2025/course/SCOM3032
SCOM3032,2026,Making Modern Science,6,6,UNKNOWN,,SCOM6032,UGRD,In Person,https://programsandcourses.anu.edu.au/2026/course/SCOM3032
SCOM3032,2027,Making Modern Science,6,6,UNKNOWN,,SCOM6032,UGRD,In Person,https://programsandcourses.anu.edu.au/2027/course/SCOM3032
SCOM3033,2018,Health Promotion Principles and Practice,6,6,UNKNOWN,,POPH8115,UGRD,In Person,https://programsandcourses.anu.edu.au/2018/course/SCOM3033
SCOM3033,2019,Health Promotion Principles and Practice,6,6,S2,,POPH8115,UGRD,In Person,https://programsandcourses.anu.edu.au/2019/course/SCOM3033
SCOM3033,2020,Health Promotion Principles and Practice,6,6,S2,,POPH8115,UGRD,In Person,https://programsandcourses.anu.edu.au/2020/course/SCOM3033
SCOM3033,2021,Health Promotion Principles and Practice,6,6,S2,,POPH8115,UGRD,In Person,https://programsandcourses.anu.edu.au/2021/course/SCOM3033
SCOM3033,2022,Health Promotion Principles and Practice,6,6,S2,,POPH8115,UGRD,In Person,https://programsandcourses.anu.edu.au/2022/course/SCOM3033
SCOM3033,2023,Health Promotion Principles and Practice,6,6,S2,,POPH8115,UGRD,In Person,https://programsandcourses.anu.edu.au/2023/course/SCOM3033
SCOM3033,2024,Health Promotion Principles and Practice,6,6,S2,,POPH8115|POPH6115,UGRD,In Person,https://programsandcourses.anu.edu.au/2024/course/SCOM3033
SCOM3033,2025,Health Promotion Principles and Practice,6,6,S2,,POPH6115,UGRD,In Person,https://programsandcourses.anu.edu.au/2025/course/SCOM3033
SCOM3033,2026,Health Promotion Principles and Practice,6,6,S2,,POPH6115,UGRD,In Person,https://programsandcourses.anu.edu.au/2026/course/SCOM3033
SCOM3033,2027,Health Promotion Principles and Practice,6,6,S2,,POPH6115,UGRD,In Person,https://programsandcourses.anu.edu.au/2027/course/SCOM3033
SCOM3088,2026,Science in Government,6,6,WINTER,,SCOM6088|SCOM8088,UGRD,In Person,https://programsandcourses.anu.edu.au/2026/course/SCOM3088
SCOM3088,2027,Science in Government,6,6,UNKNOWN,,SCOM6088|SCOM8088,UGRD,In Person,https://programsandcourses.anu.edu.au/2027/course/SCOM3088
SCOM3501,2017,Strategies in Science Communication,6,6,WINTER,,SCOM6501,UGRD,In Person,https://programsandcourses.anu.edu.au/2017/course/SCOM3501
SCOM3501,2018,Strategies in Science Communication,6,6,WINTER,,SCOM6501,UGRD,In Person,https://programsandcourses.anu.edu.au/2018/course/SCOM3501
SCOM3501,2019,Strategies in Science Communication,6,6,WINTER,,SCOM6501,UGRD,In Person,https://programsandcourses.anu.edu.au/2019/course/SCOM3501
SCOM3501,2020,Strategies in Science Communication,6,6,WINTER,,SCOM6501,UGRD,In Person,https://programsandcourses.anu.edu.au/2020/course/SCOM3501
SCOM3501,2021,Strategies in Science Communication,6,6,WINTER,,SCOM6501,UGRD,In Person,https://programsandcourses.anu.edu.au/2021/course/SCOM3501
SCOM3501,2022,Strategies in Science Communication,6,6,WINTER,,SCOM6501,UGRD,In Person,https://programsandcourses.anu.edu.au/2022/course/SCOM3501
SCOM3501,2023,Strategies in Science Communication,6,6,WINTER,,SCOM6501,UGRD,In Person,https://programsandcourses.anu.edu.au/2023/course/SCOM3501
SCOM3501,2024,Strategies in Science Communication,6,6,WINTER,,SCOM6501,UGRD,In Person,https://programsandcourses.anu.edu.au/2024/course/SCOM3501
SCOM3501,2025,Science Communication Strategy and Leadership,6,6,WINTER,,SCOM6501,UGRD,In Person,https://programsandcourses.anu.edu.au/2025/course/SCOM3501
SCOM3501,2026,Science Communication Strategy and Leadership,6,6,UNKNOWN,,SCOM6501,UGRD,In Person,https://programsandcourses.anu.edu.au/2026/course/SCOM3501
SCOM3501,2027,Science Communication Strategy and Leadership,6,6,UNKNOWN,,SCOM6501,UGRD,In Person,https://programsandcourses.anu.edu.au/2027/course/SCOM3501
SCOM4005,2016,Thesis and Seminar in Science Communication,6,24,S1|S2,,,UGRD,In Person,https://programsandcourses.anu.edu.au/2016/course/SCOM4005
SCOM4005,2017,Thesis and Seminar in Science Communication,6,24,S1|S2,,,UGRD,In Person,https://programsandcourses.anu.edu.au/2017/course/SCOM4005
SCOM4005,2018,Thesis and Seminar in Science Communication,6,24,S1|S2,,,UGRD,In Person,https://programsandcourses.anu.edu.au/2018/course/SCOM4005
SCOM4005,2019,Thesis and Seminar in Science Communication,6,24,S1|S2,,,UGRD,In Person,https://programsandcourses.anu.edu.au/2019/course/SCOM4005
SCOM4005,2020,Thesis and Seminar in Science Communication,6,24,S1|S2,,,UGRD,In Person,https://programsandcourses.anu.edu.au/2020/course/SCOM4005
SCOM4005,2021,Thesis and Seminar in Science Communication,6,24,S1|S2,,,UGRD,In Person,https://programsandcourses.anu.edu.au/2021/course/SCOM4005
SCOM4005,2022,Thesis and Seminar in Science Communication,6,24,S1|S2,,,UGRD,In Person,https://programsandcourses.anu.edu.au/2022/course/SCOM4005
SCOM4005,2023,Thesis and Seminar in Science Communication,6,24,S1|S2,,,UGRD,In Person,https://programsandcourses.anu.edu.au/2023/course/SCOM4005
SCOM4005,2024,Thesis and Seminar in Science Communication,6,24,S1|S2,,,UGRD,In Person,https://programsandcourses.anu.edu.au/2024/course/SCOM4005
SCOM4005,2025,Thesis and Seminar in Science Communication,6,24,S1|S2,,,UGRD,In Person,https://programsandcourses.anu.edu.au/2025/course/SCOM4005
SCOM4005,2026,Thesis and Seminar in Science Communication,6,24,S1|S2,,,UGRD,In Person,https://programsandcourses.anu.edu.au/2026/course/SCOM4005
SCOM4005,2027,Thesis and Seminar in Science Communication,6,24,S1|S2,,,UGRD,In Person,https://programsandcourses.anu.edu.au/2027/course/SCOM4005
SCOM4014,2016,Communicating Science with the Public,6,6,S1,,,UGRD,In Person,https://programsandcourses.anu.edu.au/2016/course/SCOM4014
SCOM4014,2017,Communicating Science with the Public,6,6,S1,,SCOM8014,UGRD,In Person,https://programsandcourses.anu.edu.au/2017/course/SCOM4014
SCOM4014,2018,Communicating Science with the Public,6,6,S1,,SCOM8014,UGRD,In Person,https://programsandcourses.anu.edu.au/2018/course/SCOM4014
SCOM4014,2019,Communicating Science with the Public,6,6,S1,,SCOM8014,UGRD,In Person,https://programsandcourses.anu.edu.au/2019/course/SCOM4014
SCOM4014,2020,Communicating Science with the Public,6,6,S1,,SCOM8014,UGRD,In Person,https://programsandcourses.anu.edu.au/2020/course/SCOM4014
SCOM4014,2021,Communicating Science with the Public,6,6,S1,,SCOM8014,UGRD,In Person,https://programsandcourses.anu.edu.au/2021/course/SCOM4014
SCOM4014,2022,Communicating Science with the Public,6,6,S1,,SCOM8014,UGRD,In Person,https://programsandcourses.anu.edu.au/2022/course/SCOM4014
SCOM4014,2023,Communicating Science with the Public,6,6,S1,,SCOM8014,UGRD,In Person,https://programsandcourses.anu.edu.au/2023/course/SCOM4014
SCOM4014,2024,Communicating Science with the Public,6,6,S1,,SCOM8014,UGRD,In Person,https://programsandcourses.anu.edu.au/2024/course/SCOM4014
SCOM4014,2025,Communicating Science with the Public,6,6,S1,,SCOM8014,UGRD,In Person,https://programsandcourses.anu.edu.au/2025/course/SCOM4014
SCOM4014,2026,Communicating Science with the Public,6,6,S1,,SCOM8014,UGRD,In Person,https://programsandcourses.anu.edu.au/2026/course/SCOM4014
SCOM4014,2027,Communicating Science with the Public,6,6,S1,,SCOM8014,UGRD,In Person,https://programsandcourses.anu.edu.au/2027/course/SCOM4014
SCOM4019,2021,Research Methods for Science Communication,6,6,S1,,SCOM8019,UGRD,Online or In Person,https://programsandcourses.anu.edu.au/2021/course/SCOM4019
SCOM4019,2022,Research Methods for Science Communication,6,6,S1,,SCOM8019,UGRD,Online or In Person,https://programsandcourses.anu.edu.au/2022/course/SCOM4019
SCOM4019,2023,Research Methods for Science Communication,6,6,S1,,SCOM8019,UGRD,Online or In Person,https://programsandcourses.anu.edu.au/2023/course/SCOM4019
SCOM4019,2024,Research Methods for Science Communication,6,6,S1,,SCOM8019,UGRD,Online or In Person,https://programsandcourses.anu.edu.au/2024/course/SCOM4019
SCOM4019,2025,Research Methods for Science Communication,6,6,S1,,SCOM8019,UGRD,Online or In Person,https://programsandcourses.anu.edu.au/2025/course/SCOM4019
SCOM4019,2026,Research Methods for Science Communication,6,6,S1,,SCOM8019,UGRD,Online or In Person,https://programsandcourses.anu.edu.au/2026/course/SCOM4019
SCOM4019,2027,Research Methods for Science Communication,6,6,S1,,SCOM8019,UGRD,Online or In Person,https://programsandcourses.anu.edu.au/2027/course/SCOM4019